98ee9dd24517a512bf2494c1296b4eab8fc0725e6fa1bdc5e49ad12b13f77bb6,43ac4175edd7cda831304a7675b05f236959251e0f5099301bd3f20e1d5edb4c,ea0841d6801aca5823cdf6446eb656c147aa3bb485f60f77fbf27f8395559295,080735481bf50dc1515d54566162879ed1899d5f67a0df7a57704e1e5dd1932c,cca43b4665b58f266256d7c43b516c2723f2642c4672cc251284c949376e8efa,24f69965b94065052ed94200b6c462a05dd2351a9c512a25cd9b655b341ac76b,1ee9e30e5194a1715ded558df4d7cbc4eb1c82d252a907f2c71db9999b660256,266da6af92d3f5c00d9cecb367361da0fb84b9205743a5b5130ff6232a2ffcc6,2c2a200764010dc9b534007e59a28cdd43db1e1db8daa6b12c78f1d851802045,32d57636cd21da436fdd920359710a1f23739d70e126f5c7e40e4347dce3d0b2,c0c3224d99054377cc2799134fe1fcf0d9fcdfcce5682d8fcdded8bbaa1a5b9d,372504c94774db9360bb875578d8ff06e5ef4b28ea161122497a1a9c6d169ce9,c01baa1b994566687c48a550fb01c974a3394ae9253642e043c44a536d365388,b3f7addc49c184d182c377632b71eb7ea7f1f4cf0da4f67c5b4ba10e24dc5abb,0e96be44308b3875a0182e192ceb79bce0db36e2c6c6c616216f02fe9ae142dd,0d93f7b4a57a4bec79cc65aaf7679662718db3098f3b6b3a0de5154c91bfb8e8,379fd3a2efefbce411e5ef27212bb9fef310a2c13ffd765dce6233fa18de3cc5,72771e3671eb4af45c819037116fa5346382fa87d3201b710725cd78aef93861,713720296dabef32c0838abd0f8ee9cce4325b854da352afd4129166196ab2a8,6b3fe6d3b2ea60bcaf00abcdd777c7f2cf3a3d283deb1cbd112e54bd23156b3f,367d48e02364637962d23da8eba6bf01db1f0cbfcfb961f29ba070b9592a3f7a,9d20e3408121e70dc86e92316802dd94d60b17e9c206505970d3de3ba8142950,afcc88ca5efb3e7bcd4c997159a351f43921d7e852895f65f5f98473a338b8b7,0a3fdb4edba388ee00d72c1c70274c07bb7b159aebe8057c51e044c812c55892,ce9ba44e16056fa2d2a04fc41fa76501f944045ee99743744a09bd0402a0aaae
"0","1","100101","2015/04/01 15:00:00","0","【物理】位於前衛，壓制敵方前線，精神百倍並帶著笑容的女孩。\n擁有能大幅度攻擊前衛的必殺技，以及能加強自身攻擊力的技能的攻擊者。","2.295","2030/12/31 15:00:00","100101","1","100101","200","0","0","450","0","1","日和","0","100101","7","1","日和","0","0"
"0","1","100201","2015/04/01 15:00:00","0","【魔法】位於最後列，恢復及輔助己方的魔法師。\n打擊力量微弱，但擁有高度魔法攻擊力，當 Rank 上升，其攻擊力及輔助能力將會取得平衡。","2.27","2030/12/31 15:00:00","100201","2","100201","800","0","0","450","0","7","優衣","0","100201","7","7","優衣","0","0"
"0","1","100301","2015/04/01 15:00:00","0","【物理】位於前衛，能使出單點突破來討伐敵方，是一名\n孤高的劍士。必殺技與一般技能，皆為了打倒眼前敵人而\n特化，並驅使高火力攻擊技能來壓制前線。","1.965","2030/12/31 15:00:00","100301","1","100301","250","0","0","450","0","4","怜","0","100301","7","4","怜","0","0"
"0","1","100401","2015/04/01 15:00:00","0","【物理】在最前線干擾敵人物理攻擊的淘氣少女。\n擁有能使眼前的敵人陷入黑暗狀態、命中率大幅下降之外，\n還能使一名敵人的物理攻擊力下降的技能。","2.17","2030/12/31 15:00:00","100401","1","100401","205","0","0","450","0","1","禊","0","100401","13","1","禊","0","0"
"0","2","100501","2019/01/22 16:00:00","0","【物理】以機敏的行動在敵陣穿梭的先鋒見習騎士。\n以必殺技衝進對手陣地中央，\n再攻擊自己周圍的技能來進攻對手。","2.125","2030/12/31 15:00:00","100501","1","100501","185","0","0","450","0","2","茉莉","0","100501","2","2","茉莉","0","0"
"0","2","100601","2015/04/01 15:00:00","0","【魔法】位於中衛，擔任魔法隊中強化與恢復的角色，是雙胞胎中的妹妹。\n擁有能大幅降低敵人魔法防禦力的技能，以及可提升魔法攻擊力及擁有恢復效果的必殺技。","2.19","2030/12/31 15:00:00","100601","2","100601","570","0","0","450","0","6","茜里","0","100601","14","6","茜里","0","0"
"0","2","100701","2015/04/01 15:00:00","0","【物理】在最前線專門閃避敵人攻擊的幽靈少女。\n以技能變身成為幽靈來躲避敵人攻擊，\n必殺技則是把敵人變成布丁吃掉。","1.7","2030/12/31 15:00:00","100701","1","100701","125","0","0","450","0","3","宮子","0","100701","14","3","宮子","0","0"
"0","2","100801","2015/04/01 15:00:00","0","【魔法】位於後衛，能輔助物理隊伍，是個活生生的藝術品。\n除了能提早發動己方必殺技的技能，還擁有能使敵人陷入黑暗狀態，藉此封鎖敵人物理攻擊的技能。","2.07","2030/12/31 15:00:00","100801","2","100801","805","0","0","450","0","21","雪","0","100801","12","7","雪","0","0"
"0","3","100901","2015/04/01 15:00:00","0","【魔法】可從中衛發動壓倒性的魔力來攻擊敵人，人稱之疾風之冥姬。\n施展必殺技能雖能給予敵軍全體大規模的傷害，\n然而卻因這份魔力過於強大，對自己也有相當的風險。","2.25","2030/12/31 15:00:00","100901","2","100901","440","0","0","450","0","5","杏奈","0","100901","11","5","杏奈","0","0"
"0","3","101001","2015/04/01 15:00:00","0","【魔法】位於後衛，負責支援己方的童話少女。\n擁有可加強己方全體，恢復ＴＰ之必殺技，\n以及可恢復ＨＰ，使敵方陷入黑暗的技能，能使戰況好轉。","2.27","2030/12/31 15:00:00","101001","2","101001","795","0","0","450","0","7","真步","0","101001","4","7","真步","0","0"
"0","3","101101","2015/04/01 15:00:00","0","【物理】能從後衛降下箭雨，是一名妹妹屬性的弓箭手。\n擁有能提高自己的暴擊率的一般技能，\n還能使傷害次數較高的必殺技，擁有更顯著的效果。","1.97","2030/12/31 15:00:00","101101","1","101101","700","0","0","450","0","8","璃乃","0","101101","6","8","璃乃","0","0"
"0","3","101201","2015/04/01 15:00:00","0","【魔法】位於後衛，擅長對付物理攻擊型敵軍，\n是一位超能力少女。\n因為能對物理攻擊型的敵軍發揮真正的價值，\n因此可將物理攻擊型的敵軍給一網打盡。","2.07","2030/12/31 15:00:00","101201","2","101201","755","0","0","450","0","7","初音","0","101201","9","7","初音","0","0"
"0","2","101301","2019/03/27 16:00:00","0","【魔法】從後衛位置施放多采多姿的魔法，是一名魔法宅少女。\n針對體力最多的對象所使用的必殺技或技能，\n是會依敵人的 HP 狀況改變攻擊目標的高威力魔法攻擊。","2.07","2030/12/31 15:00:00","101301","2","101301","740","0","0","450","0","7","七七香","0","101301","9","7","七七香","0","0"
"0","3","101401","2019/07/15 16:00:00","0","【魔法】位於後衛，特別強化於妨礙對手行動的名偵探。\n能以造成束縛與混亂的技能來使對手的行動遭受妨礙，\n並展開降低魔法防禦力的領域來解決對手。","2.27","2030/12/31 15:00:00","101401","2","101401","730","0","0","450","0","21","霞","0","101401","9","7","霞","0","0"
"0","2","101501","2015/04/01 15:00:00","0","【魔法】位於後衛支援使用魔法的角色，是大家的老師。\n負責必殺技的 HP 恢復及提升魔法防禦，持續恢復前方角色 HP，大幅提升己方的持久度。","2.27","2030/12/31 15:00:00","101501","2","101501","735","0","0","450","0","9","美里","0","101501","9","7","美里","0","0"
"0","2","101601","2015/04/01 15:00:00","0","【物理】會從後衛進行暴擊攻擊的超級名模。\n必殺技不僅必定會暴擊，\n傷害還能靠技能提升攻擊力，使破壞力更甚。","1.97","2030/12/31 15:00:00","101601","1","101601","705","0","0","450","0","8","鈴奈","0","101601","15","8","鈴奈","0","0"
"0","2","101701","2015/04/01 15:00:00","0","【物理】在最前線利用累積技能賺傷害的南國少女。\n一旦發動「精神統一」技能，香織的攻擊會隨次數\n對敵人累積效果，後續的攻擊會逐漸增加。","2.17","2030/12/31 15:00:00","101701","1","101701","145","0","0","450","0","1","香織","0","101701","4","1","香織","0","0"
"0","3","101801","2015/04/01 15:00:00","0","【魔法】在後方誘惑全體敵人的性感老師。\n以奪取敵人ＴＰ技能使其必殺技延遲發動，\n或施放誘惑的必殺技，使戰場陷入大混亂。","2.6","2030/12/31 15:00:00","101801","2","101801","715","0","0","450","0","5","伊緒","0","101801","15","5","伊緒","0","0"
"0","2","102001","2015/04/01 15:00:00","0","【物理】位於中衛，崩毀敵方前衛，是一隻小兔兔女孩。\n必殺技為，在給予離自己最近的敵人大幅傷害後，\n能順便攻擊到該對象旁邊的敵軍，能有效早期攻略敵人的前衛。","2.125","2030/12/31 15:00:00","102001","1","102001","360","0","0","450","0","5","美美","0","102001","13","5","美美","0","0"
"0","1","102101","2015/04/01 15:00:00","0","【物理】位於前衛，能守護己方，是一名極度害羞的女孩子。\n技能能提高自己周圍的物理、魔法防禦力，\n並且能使接近的敵方暈眩難以靠近。","1.675","2030/12/31 15:00:00","102101","1","102101","197","0","0","450","0","3","胡桃","0","102101","3","3","胡桃","0","0"
"0","1","102201","2015/04/01 15:00:00","0","【魔法】位於中衛，發散強力的魔法，是雙胞胎中的姊姊。\n可以犧牲自身的 HP，來增強魔法攻擊力，\n能使得必殺技與技能的威力更上一層樓。","2.19","2030/12/31 15:00:00","102201","2","102201","575","0","0","450","0","6","依里","0","102201","14","6","依里","0","0"
"0","2","102301","2015/04/01 15:00:00","0","【物理】位於前衛，能使戰場混亂，是一個熊孩子。\n在以必殺技將對手吹飛的同時，以暈眩及給予大幅度的傷害使敵方陣形大亂。","1.425","2030/12/31 15:00:00","102301","1","102301","210","0","0","450","0","3","綾音","0","102301","3","3","綾音","0","0"
"0","1","102501","2015/04/01 15:00:00","0","【魔法】位於後衛，同時擅長恢復擊攻擊的冒失女僕。\n可一邊恢復己方 HP 一邊提高物理攻擊力的技能，適合與負責攻擊的中衛、後衛搭配。","2.27","2030/12/31 15:00:00","102501","2","102501","720","0","0","450","0","7","鈴莓","0","102501","3","7","鈴莓","0","0"
"0","2","102601","2015/04/01 15:00:00","0","【物理】中衛，能加強物理攻擊的怕麻煩的少女。\n能同時提升己方的物理攻擊力及魔法防禦，能同時支援隊伍的攻守兩方。","2.34","2030/12/31 15:00:00","102601","1","102601","550","0","0","450","0","6","鈴","0","102601","3","6","鈴","0","0"
"0","2","102701","2015/04/01 15:00:00","0","【物理】位於前衛，以毒技能粉碎敵人，通稱破壞者。\n擁有最頂級的攻擊力，用必殺技給予敵人致命一擊時，\n攻擊力會一次次地向上提升。","1.425","2030/12/31 15:00:00","102701","1","102701","230","0","0","450","0","3","惠理子","0","102701","11","3","惠理子","0","0"
"0","3","102801","2015/04/01 15:00:00","0","【物理】位於中衛，能瞬間翻轉局勢，大家的咲戀媽媽。\n有著ＨＰ越低，傷害力就越高的必殺技，\n和可以恢復己方的技能，一口氣逆轉局勢。","2.09","2030/12/31 15:00:00","102801","1","102801","430","0","0","450","0","4","咲戀","0","102801","3","4","咲戀","0","0"
"0","3","102901","2015/04/01 15:00:00","0","【物理】位於前衛，成為大家的防護的偶像望望。\n當她立於舞台上時，能夠大大提升己方的物理攻擊力，\n並且還可以一人擔下敵方的注意。","1.965","2030/12/31 15:00:00","102901","1","102901","160","0","0","450","0","4","望","0","102901","10","4","望","0","0"
"0","3","103001","2015/04/01 15:00:00","0","【物理】位於中衛，能反覆操作強力的範圍攻擊，是擅用忍法的熟手。\n當範圍攻擊的技能將敵人擊敗時，可大幅地累積 TP，\n發動強力必殺技的頻率也隨之提高。","2.25","2030/12/31 15:00:00","103001","1","103001","415","0","0","450","0","5","妮諾","0","103001","12","5","妮諾","0","0"
"0","2","103101","2015/04/01 15:00:00","0","【物理】位於中衛，能召喚父親的骷髏頭戰鬥的通靈少女。\n召喚來的父親除了能和自己分開攻擊之外，\n還能夠替自己抵擋傷害。","2.25","2030/12/31 15:00:00","103101","1","103101","365","0","0","450","0","5","忍","0","103101","14","5","忍","0","0"
"0","3","103201","2015/04/01 15:00:00","0","【物理】位於前衛，能大鬧攻擊，是一名千金小姐劍士。\n能夠在自身周遭創造出能使夥伴恢復的領域。而挺身佇立前線的無畏身影，更不負身為名家之名。","2.125","2030/12/31 15:00:00","103201","1","103201","180","0","0","450","0","5","秋乃","0","103201","8","5","秋乃","0","0"
"0","2","103301","2015/04/01 15:00:00","0","【物理】位於中衛，可擾亂敵人動作的牧場主人。\n能將敵方的前衛擊退，進而崩壞敵方陣形，逼迫其他敵人成為對象攻擊範圍。","2.34","2030/12/31 15:00:00","103301","1","103301","395","0","0","450","0","6","真陽","0","103301","5","6","真陽","0","0"
"0","1","103401","2015/04/01 15:00:00","0","【物理】位於中衛，能以屏障和恢復守護己方的曾經的聖戰士。\n能夠操作受傷的己方角色恢復 HP 與 TP 的技能，進而在你來我往的消耗戰中，給出相當關鍵的支援。","2.4","2030/12/31 15:00:00","103401","1","103401","405","0","0","450","0","5","優花梨","0","103401","8","5","優花梨","0","0"
"0","3","103601","2015/04/01 15:00:00","0","【魔法】位於後衛，能施以強力魔法攻擊的小小優等生。\n藉由技能，能瞬間提高魔法攻擊力後施放必殺技，\n威力卓越。","2.07","2030/12/31 15:00:00","103601","2","103601","810","0","0","450","0","7","鏡華","0","103601","0","7","鏡華","0","0"
"0","3","103701","2019/01/09 16:00:00","0","【物理】在前線施展快速斬擊屠殺敵人的劍術少女。\n必殺技則是使自己的攻擊力和行動速度上升，\n將其他攻擊技能的殲滅能力提高到極限來輾壓敵人。","1.965","2030/12/31 15:00:00","103701","1","103701","220","0","0","450","0","4","智","0","103701","2","4","智","0","0"
"0","2","103801","2015/04/01 15:00:00","0","【物理】從最後方連續施展高火力技能的狙擊手。\n擁有造成傷害後接著恢復ＴＰ的技能，\n可以快速發動強力的必殺技。","1.97","2030/12/31 15:00:00","103801","1","103801","710","0","0","450","0","8","栞","0","103801","5","8","栞","0","0"
"0","1","104001","2015/04/01 15:00:00","0","【物理】從最後方射出異常狀態之箭，孤獨的射手。\n透過和傷害共同施加的毒或麻痺等追加效果，\n就算是防御力高的敵人也能確實地削減其ＨＰ。","1.97","2030/12/31 15:00:00","104001","1","104001","785","0","0","450","0","8","碧","0","104001","9","8","碧","0","0"
"0","2","104201","2015/04/01 15:00:00","0","【魔法】位於後衛，能支持前衛戰鬥的唱喚士。\n能以必殺技，唱喚能幫助夥伴恢復，\n以及攻擊敵人的精靈到最前線。","2.27","2030/12/31 15:00:00","104201","2","104201","790","0","0","450","0","7","千歌","0","104201","10","7","千歌","0","0"
"0","3","104301","2015/04/01 15:00:00","0","【物理】位於前衛，能削弱對手的防禦力，是一名正義的獸人。\n能夠降低敵方的防禦力，並且確確實實地給予傷害，\n以便盡早突破敵方防守。","2.125","2030/12/31 15:00:00","104301","1","104301","165","0","0","450","0","5","真琴","0","104301","4","5","真琴","0","0"
"0","3","104401","2018/10/22 16:00:00","0","【魔法】位於中衛，削弱生命來攻擊的「統御黑夜之人」。\n以自己 HP 交換而發出的技能擁有高度殲滅能力，範圍攻擊的威力無人能及。","1.425","2030/12/31 15:00:00","104401","2","104401","425","0","0","450","0","3","伊莉亞","0","104401","12","3","伊莉亞","0","0"
"0","2","104501","2015/04/01 15:00:00","0","【物理】在前方擔任誘餌，吸收攻擊後瘋狂爆發的超Ｍ少女。\n透過必殺技對自己張開魔法屏障，\n吸收敵人的魔法攻擊來恢復ＨＰ。","2.375","2030/12/31 15:00:00","104501","1","104501","130","0","0","450","0","2","空花","0","104501","12","2","空花","0","0"
"0","2","104601","2015/04/01 15:00:00","0","【物理】位於前衛，擅長魔法隊伍的隨心所欲的貓娘。\n專門攻擊「魔法攻擊力最高」的敵人，\n以降低傷害及魔法攻擊力，並吸收 TP。","2.25","2030/12/31 15:00:00","104601","1","104601","215","0","0","450","0","2","珠希","0","104601","8","2","珠希","0","0"
"0","3","104701","2015/04/01 15:00:00","0","【物理】在最前方施展完全防禦技能的騎士團長。\n必殺技則可展開任何傷害都能吸收的屏障。\n尤其以長期戰中的壓倒性防禦能力自豪。","2.125","2030/12/31 15:00:00","104701","1","104701","135","0","0","450","0","5","純","0","104701","2","5","純","0","0"
"0","2","104801","2015/04/01 15:00:00","0","【物理】位於中衛，擁有暈眩與恢復的技能的傭兵戰士。\n擁有高度防禦能力及自我恢復能力，\n能使中衛的防守更為堅固，支撐整個隊伍。","2.19","2030/12/31 15:00:00","104801","1","104801","420","0","0","450","0","6","美冬","0","104801","8","6","美冬","0","0"
"0","3","104901","2015/04/01 15:00:00","0","【物理】位於前衛，可守護己方免於物理攻擊，\n是一位姊姊。\n一般技能可以展開物理無效的屏障，不僅能夠保護同伴全員\n還能再於自身添加物理吸收屏障，進而挺身討伐敵方前衛。","2.375","2030/12/31 15:00:00","104901","1","104901","285","0","0","450","0","5","靜流","0","104901","6","5","靜流","0","0"
"0","1","105001","2015/04/01 15:00:00","0","【魔法】位於後衛，能施放範圍攻擊的淑女小魔女。\n擁有能多次範圍攻擊的技能，\n以及能攻擊敵方全體的必殺技，擅長範圍殲滅。","2.07","2030/12/31 15:00:00","105001","2","105001","760","0","0","450","0","7","美咲","0","105001","15","7","美咲","0","0"
"0","2","105101","2015/04/01 15:00:00","0","【物理】位於中衛，能弱化敵方領域，是一位獨眼惡魔。\n領域的持續時間雖然不長，\n但卻能大幅度減少範圍內的敵方之物理防禦力。","2.25","2030/12/31 15:00:00","105101","1","105101","565","0","0","450","0","5","深月","0","105101","11","5","深月","0","0"
"0","1","105201","2015/04/01 15:00:00","0","【物理】在最前方守護夥伴的戀愛少女。\n戰鬥開始後不久就會朝最前線突進，\n挺身擋在敵人眼前。","2.215","2030/12/31 15:00:00","105201","1","105201","105","0","0","450","0","4","莉瑪","0","105201","5","4","莉瑪","0","0"
"0","3","105301","2015/04/01 15:00:00","0","【物理】位於中衛，能鼓舞己方進攻，是一位女軍人。\n不僅能大幅度增加全體的物理、魔法攻擊力，\n就連攻擊速度都能提升，使戰鬥得以盡早結束。","2.24","2030/12/31 15:00:00","105301","1","105301","410","0","0","450","0","4","莫妮卡","0","105301","12","4","莫妮卡","0","0"
"0","2","105401","2018/11/08 16:00:00","0","【物理】位於前衛，特化妨礙敵人技能的裁縫師女孩。\n除了可強制移動敵人使敵方陣形瓦解，\n還可降低對手的移動速度、行動速度，使其反擊變得遲緩。","2.42","2030/12/31 15:00:00","105401","1","105401","195","0","0","450","0","1","紡希","0","105401","10","1","紡希","0","0"
"0","1","105501","2019/07/26 16:00:00","0","【物理】位於中衛，竄來竄去地對敵人來干擾的純情少女。\n除了能造成敵人暈眩的技能以外，必殺技更是能夠使對方\n造成黑暗與混亂狀態，進而來造成敵人的麻煩。","2.34","2030/12/31 15:00:00","105501","1","105501","510","0","0","450","0","48","步未","0","105501","12","48","步未","0","0"
"0","3","105601","2019/03/13 16:00:00","0","【物理】在前方為夥伴揮劍的豪氣大姊。\n擁有能夠反擊對手的挑釁招數，\n降低敵人防禦力的必殺技，在攻防兩面都能發揮實力。","1.965","2030/12/31 15:00:00","105601","1","105601","158","0","0","450","0","4","流夏","0","105601","2","4","流夏","0","0"
"0","3","105701","2015/04/01 15:00:00","0","【物理】位於前衛，可先發制人施展大招的騎空士。\n藉由技能可回復ＴＰ，加快必殺技的發動。\n從戰鬥初期就能對敵方前衛造成大傷害。","1.965","2030/12/31 15:00:00","105701","1","170101","245","0","0","450","0","4","吉塔","0","105701","4","4","吉塔","0","0"
"0","1","105801","2015/04/01 15:00:00","0","【物理】位於前衛，全力保護同伴，是一位貪吃的劍士。\n能夠增加 HP，也能恢復自己的 HP，\n擔任己方的保護牆的角色。","2.25","2030/12/31 15:00:00","105801","1","105801","155","0","0","450","0","5","貪吃佩可","0","105801","1","5","貪吃佩可","0","0"
"0","1","105901","2015/04/01 15:00:00","0","【物理】位於中衛，無論是輔助還是攻擊皆能支援，是一位負責指引迷津的巫女。\n必殺技能增加己方全體的攻擊力，\n且有使自己恢復的功能，因此能持續支援。","2.34","2030/12/31 15:00:00","105901","1","105901","500","0","0","450","0","6","可可蘿","0","105901","1","6","可可蘿","0","0"
"0","1","106001","2015/04/01 15:00:00","0","【魔法】位於後衛，能施以強力的全體攻擊，是一隻頑強的貓娘。\n技能可以使敵人的物理、魔法防禦力雙雙減弱，\n對於綜合編成隊伍的戰鬥中有著奇效。","2.07","2030/12/31 15:00:00","106001","2","106001","750","0","0","450","0","7","凱留","0","106001","1","7","凱留","0","0"
"1","3","106101","2026/07/01 16:00:00","0","【物理】位於前衛，揮舞著傳說之劍「天樓霸斷劍」的少女。\n使著那輕攻擊的通常戰鬥風格於轉眼之間，在必殺技發動\n後所執起的那把「天樓霸斷劍」，能將敵人一掃而空。","1.8","2026/07/04 15:59:59","106101","1","106101","162","0","0","450","0","2","矛依未","0","106101","7","2","矛依未","0","0"
"0","3","106301","2015/04/01 15:00:00","0","【物理】位於後衛，擅長長期戰的森林守護者見習生。\n能藉由恢復 TP 迅速發動必殺技。\n並且由於使用後技能效果會上升，具有高度的殲滅能力。","1.97","2030/12/31 15:00:00","106301","1","106301","625","0","0","450","0","8","亞里莎","0","106301","1","8","亞里莎","0","0"
"0","3","106401","2021/06/19 16:00:00","0","【物理】位於中衛，操縱冰雪冰凍消滅敵人的冰龍少女。\n消耗發動必殺技所獲得的【冰龍之印】，\n增幅技能的效果，以清廉的劍技斬殺敵人。","1.84","2030/12/31 15:00:00","106401","1","106401","368","0","0","450","0","4","雪菲","0","106401","1","4","雪菲","0","0"
"0","3","106501","2020/03/19 16:00:00","0","【物理】位於前衛，用拳頭痛毆敵人的龍人族打手。\n先以技能提升自己的物理攻擊力，再全神貫注所釋放\n而出的第一發必殺技，擁有著引以為傲的超大破壞力。","2.17","2030/12/31 15:00:00","106501","1","106501","168","0","0","450","0","1","嘉夜","0","106501","17","1","嘉夜","0","0"
"0","3","106601","2020/09/16 16:00:00","0","【物理】位於前衛，擅長範圍攻擊與嘴上功夫的龍人少女。\n必殺技能夠將範圍內的敵人一同擊飛，\n打亂敵人陣型後將敵人一口氣燒之殆盡。","1.55","2030/12/31 15:00:00","106601","1","106601","197","0","0","450","0","3","祈梨","0","106601","17","3","祈梨","0","0"
"1","3","106701","2026/07/01 16:00:00","0","【魔法】位於後衛，以無窮魔力支配一切的龍之首領。\n能以龍眼掌握阻擋的敵人，使用多樣的技能來降低敵人\n對魔法攻擊的耐力，並使出雷霆，一擊將敵人化為灰燼。","2.27","2026/07/04 15:59:59","106701","2","106701","727","0","0","450","0","21","帆稀","0","106701","17","7","帆稀","0","0"
"1","3","106801","2026/07/01 16:00:00","0","【物理】位於中衛，能自在創造萬物的「迷宮女王」。\n解放七冠權能的必殺技能夠極大幅度強化自身，\n釋放無以比擬的攻擊力殲滅敵對之人。","1.55","2026/07/04 15:59:59","106801","1","106801","560","0","0","450","0","4","拉比林斯達","0","106801","6","4","拉比林斯達","0","0"
"1","3","106901","2023/03/15 16:00:00","0","【物理】位於後衛，眼裡寄宿著天上明星，朝霸道前進的\n霸皇。能解放權能來解除敵方全體的護盾與所有能力提升\n效果，然後以降低耐力的技能、涵蓋複數敵人的\n廣範圍攻擊來殲滅敵方。","2","2030/12/31 15:00:00","106901","1","106901","660","0","0","450","0","0","霸瞳皇帝","0","106901","1","45","霸瞳皇帝","0","0"
"1","3","107001","2026/07/01 16:00:00","0","【魔法】位於後衛，創造分身來凌駕敵人的變貌大妃。\n分身將施展出與似似花本人相同的技能對敵人進行攻擊。\n那攻擊次數的密度與壓制力的高度，使人望塵莫及。","2","2026/07/04 15:59:59","107001","2","107001","660","0","0","450","0","0","似似花","0","107001","1","0","似似花","0","0"
"1","3","107101","2026/07/01 16:00:00","0","【物理】在前方擁有絕對壓制力的『誓約女君』。\n同時擁有攻防一體超大破壞力的必殺技，\n以及可將其加速發動的ＴＰ上升技能。","2","2026/07/04 15:59:59","107101","1","107101","290","0","0","450","0","10","克莉絲提娜","0","107101","2","4","克莉絲提娜","0","0"
"1","3","107501","2025/10/21 16:00:00","0","【物理】位於前衛，可施展強烈的範圍攻擊，是海岸邊的公主。\n吃了刨冰一口氣提升物理攻擊力後，\n可施展必殺技消滅前方的敵人。","2.125","2025/10/29 15:59:59","107501","1","107501","235","0","0","450","0","5","貪吃佩可（夏日）","0","107501","1","5","貪吃佩可（夏日）","0","0"
"1","1","107601","2018/12/03 16:00:00","0","【物理】位於中衛，是位可為物理角色進行輔助的治癒巫女。\n擁有為ＨＰ最少的我方單體進行特大幅度恢復的技能，\n可瞬間治癒我方瀕死的角色。","2.34","2030/12/31 15:00:00","107601","1","107601","535","0","0","450","0","6","可可蘿（夏日）","0","107601","1","6","可可蘿（夏日）","0","0"
"1","3","107701","2025/10/21 16:00:00","0","【魔法】位於後衛擁有優秀的防衛能力，夏天的冒失女僕。\n除可提升我方全體的防禦力及施加持續恢復HP的狀態外，\n更可呼叫如城牆般的魔像，替戰線帶來支援。","2.07","2025/10/29 15:59:59","107701","2","107701","775","0","0","450","0","7","鈴莓（夏日）","0","107701","3","7","鈴莓（夏日）","0","0"
"1","3","107801","2025/10/21 16:00:00","0","【魔法】位於後衛，可施展強力單體攻擊的盛夏貓娘。\n以技能降低敵人的魔法防禦力後，\n不斷對敵方單體施放魔法攻擊，能夠帶來大量的傷害。","1.92","2025/10/29 15:59:59","107801","2","107801","780","0","0","450","0","7","凱留（夏日）","0","107801","1","7","凱留（夏日）","0","0"
"1","3","107901","2025/10/21 16:00:00","0","【物理】位於前衛施放連續攻擊，是海邊的隨性貓娘。\n可隨機對敵方造成總計４次單體攻擊的必殺技，\n雖然目標是隨機的但威力卻相當出色。","2","2025/10/29 15:59:59","107901","1","107901","225","0","0","450","0","2","珠希（夏日）","0","107901","8","2","珠希（夏日）","0","0"
"1","1","108001","2019/01/03 16:00:00","0","【物理】位於中衛，熟稔攻擊與輔助的海之傭兵。\n必殺技的效果能夠提升我方全體的物理攻擊力，\n在物理攻擊隊伍的能力提升上可出一份力。","2.19","2030/12/31 15:00:00","108001","1","108001","495","0","0","450","0","6","美冬（夏日）","0","108001","8","6","美冬（夏日）","0","0"
"1","3","108101","2026/03/16 16:00:00","0","【物理】在中線獵取虛弱敵人的幻夜靈力少女。\n必殺技會對一名減弱的敵人造成大量傷害，\n打倒對象時還會對敵人全體造成追加傷害。","1.55","2026/04/01 15:59:59","108101","1","108101","440","0","0","450","0","3","忍（萬聖節）","0","108101","0","3","忍（萬聖節）","0","0"
"1","1","108201","2019/03/25 16:00:00","0","【物理】從中線狙擊敵陣後方的幽靈狼少女。\n能無視前方對手，直接對敵陣後方施放必殺技或技能，\n對防禦力低的角色特別有威脅性。","2.42","2030/12/31 15:00:00","108201","1","108201","590","0","0","450","0","1","宮子（萬聖節）","0","108201","0","1","宮子（萬聖節）","0","0"
"1","3","108301","2026/03/16 16:00:00","0","【魔法】在後方施展妨礙技能的魔法少女。\n使對手陷入誘惑狀態的技能或同時施加複數\n異常狀態的必殺技都能擾亂對手陣腳。","2.07","2026/04/01 15:59:59","108301","2","108301","815","0","0","450","0","7","美咲（萬聖節）","0","108301","15","7","美咲（萬聖節）","0","0"
"1","3","108401","2026/04/22 16:00:00","0","【魔法】位於後衛，唱喚出精靈作戰的雪花歌姬。\n使用必殺技唱喚出的精靈們具備恢復 HP 或 TP 的能力，\n能夠逆轉不利的戰況。","2.27","2026/05/01 15:59:59","108401","2","108401","770","0","0","450","0","7","千歌（聖誕節）","0","108401","10","7","千歌（聖誕節）","0","0"
"1","1","108501","2019/05/16 16:00:00","0","【物理】位於前衛，以鈴聲守護夥伴的嬌小女伶。\n具備在受到攻擊前使周圍夥伴的防禦力大量提升的技能。\n只要能夠活用就堪稱具備無與倫比的耐久力。","1.55","2030/12/31 15:00:00","108501","1","108501","295","0","0","450","0","3","胡桃（聖誕節）","0","108501","15","3","胡桃（聖誕節）","0","0"
"1","3","108601","2026/04/22 16:00:00","0","【物理】位於前衛，將敵人掃除的聖誕夜小熊女孩。\n必殺技雖會消耗 HP，但威力絕大。\n使用技能提升物理攻擊力，並且使傷害上升。","1.425","2026/05/01 15:59:59","108601","1","108601","190","0","0","450","0","3","綾音（聖誕節）","0","108601","10","3","綾音（聖誕節）","0","0"
"1","3","108701","2026/05/16 16:00:00","0","【物理】位於前衛，負責物理的火力輸出，穿著振袖和服的活力女孩。\n使用讓物理攻擊角色攻擊力提升的技能。\n單體必殺技威力極高，其攻擊力名列前茅。","2.17","2026/06/01 15:59:59","108701","1","108701","170","0","0","450","0","1","日和（新年）","0","108701","7","1","日和（新年）","0","0"
"1","3","108801","2026/05/16 16:00:00","0","【魔法】位於後衛，以輔助魔法強化，光鮮亮麗的治療者。\n以自己的攻擊力換取強力的屏障與施加在全體夥伴\n的持續恢復狀態。絕大的防禦能力傲視群倫。","2.27","2026/06/01 15:59:59","108801","2","108801","745","0","0","450","0","21","優衣（新年）","0","108801","7","7","優衣（新年）","0","0"
"1","1","108901","2019/06/17 16:00:00","0","【物理】位於前衛，為夥伴擋下魔法攻擊的華麗劍士。\n使用技能對範圍內的夥伴展開魔法無效的屏障，\n而且以必殺技中斷敵人攻擊並使其暈眩。","2.215","2030/12/31 15:00:00","108901","1","108901","153","0","0","450","0","22","怜（新年）","0","108901","7","4","怜（新年）","0","0"
"1","1","109001","2019/07/15 16:00:00","0","【物理】位於前衛，是能夠將危機轉變為契機的愛之破壞者。\n消耗 HP 來使用技能，以提升自身的攻擊力。並且，\n必殺技在 HP 越低時，更能夠發揮超絕的威力。","1.9","2030/12/31 15:00:00","109001","1","109001","187","0","0","450","0","3","惠理子（情人節）","0","109001","11","3","惠理子（情人節）","0","0"
"1","3","109101","2026/06/01 16:00:00","0","【物理】位於中衛，出手幫助大家的甜點師姐姐。\n能夠展開同時上升多種數值的領域，並且在效果發動時，\n還能夠大幅度的強化技能的效果。","2.125","2026/06/11 15:59:59","109101","1","109101","385","0","0","450","0","5","靜流（情人節）","0","109101","7","5","靜流（情人節）","0","0"
"0","3","109201","2019/08/01 16:00:00","0","【魔法】位於後衛以英靈召喚術為武器來戰鬥的公主。\n同時能給予友方英靈之加護，也能夠施展強大威力的魔法，\n因此可以同時勝任輔助與主力輸出的兩種定位。","2.27","2030/12/31 15:00:00","109201","2","109201","630","0","0","450","0","23","安","0","109201","6","7","安","0","0"
"1","1","109301","2019/08/15 16:00:00","0","【魔法】位於後衛，和小眼球並肩作戰，天真無邪的少女。\n以技能所叫出來的小眼球，除了能防禦敵人的攻擊以外，\n當小眼球的數量越多時，必殺技的威力也會提升。","2.27","2030/12/31 15:00:00","109301","2","109301","640","0","0","450","0","23","露","0","109301","9","7","露","0","0"
"0","3","109401","2019/08/15 16:00:00","0","【魔法】位於中衛，操使火炎將敵人剿滅，龍人之少女。\n相當的擅長活用那強大魔法攻擊力來進行範圍攻擊。\n並且，利用飛行能力所進行的突進攻擊也相當強力。","2.27","2030/12/31 15:00:00","109401","2","109401","525","0","0","450","0","1","古蕾婭","0","109401","9","1","古蕾婭","0","0"
"0","3","109501","2019/09/02 16:00:00","0","【魔法】位於最前衛，以和服之姿鼓舞夥伴的受虐狂妹子。\n透過提升夥伴的魔法攻擊力，降低敵方的魔法防禦力，\n作為魔法隊伍的支援兼防禦角色而活躍。","2.066","2030/12/31 15:00:00","109501","2","109501","140","0","0","450","0","2","空花（大江戶）","0","109501","12","7","空花（大江戶）","0","0"
"0","3","109601","2019/09/20 16:00:00","0","【物理】位於最前衛，運用忍法與敵人戰鬥的女忍者。\n必殺技擁有在暴擊時將傷害變成 1.5 倍的特性，\n時機拿捏好時威力十分驚人。","2","2030/12/31 15:00:00","109601","1","109601","175","0","0","450","0","2","妮諾（大江戶）","0","109601","12","2","妮諾（大江戶）","0","0"
"1","3","109701","2026/02/10 16:00:00","0","【物理】位於中衛，以鬼之力粉碎敵人，雙胞胎的妹妹。\n除了恢復技能，也擅長操控溫度的技能，\n能將敵人凍結之後使用必殺技殲滅。","2.25","2026/02/22 15:59:59","109701","1","109701","540","0","0","450","1","24","雷姆","0","109701","9","13","雷姆","0","0"
"1","1","109801","2019/10/15 16:00:00","0","【魔法】位於中衛，以特殊能力協助夥伴，雙胞胎的姊姊。\n擁有看穿對手的物理攻擊並迴避的「千里眼」，\n和束縛所有敵人的必殺技輔助，效果十分強大。","2.5","2030/12/31 15:00:00","109801","2","109801","545","1","0","450","1","24","拉姆","0","109801","9","7","拉姆","0","0"
"1","3","109901","2026/02/10 16:00:00","0","【魔法】位於後衛，對於攻擊和恢復都運用自如的半妖精。\n能以強大的魔力反覆施放攻擊魔法將敵人擊飛，\n必殺技是連瀕死的夥伴都能在一瞬間治癒的能力。","2.27","2026/02/22 15:59:59","109901","2","109901","725","0","0","450","1","23","愛蜜莉雅","0","109901","9","7","愛蜜莉雅","0","0"
"1","3","110001","2025/10/21 16:00:00","0","【物理】位於後衛，能使用高威力弓技的夏之超級名模。\n在戰鬥中施放「夏日伸展台♪」時，\n能完全恢復ＴＰ，發動後每次的必殺技都將會發動暴擊。","1.82","2025/10/29 15:59:59","110001","1","110001","705","0","0","450","0","8","鈴奈（夏日）","0","110001","15","8","鈴奈（夏日）","0","0"
"1","1","110101","2019/11/15 16:00:00","0","【魔法】位於後衛，能奪取敵人體力，是夏季夜晚的老師。\n擁有多項能夠在造成傷害的同時恢復夥伴們的技能，\n不管位於攻守方都能夠發揮優異的能力。","2.4","2030/12/31 15:00:00","110101","2","110101","715","0","0","450","0","5","伊緒（夏日）","0","110101","15","5","伊緒（夏日）","0","0"
"0","1","110201","2019/11/01 16:00:00","0","","0","2030/12/31 15:00:00","0","0","0","0","0","0","0","0","7","美咲（夏日）","0","110201","15","7","美咲（夏日）","0","0"
"1","3","110301","2025/10/21 16:00:00","0","【物理】位於中衛，能夠支援夥伴速攻，是海邊的咲戀媽媽。\n在戰鬥開始時可以一口氣補充全體夥伴的TP，\n也因此使得能夠更加迅速的發動必殺技。","2.24","2025/10/29 15:59:59","110301","1","110301","585","0","0","450","0","4","咲戀（夏日）","0","110301","3","4","咲戀（夏日）","0","0"
"1","3","110401","2025/11/24 16:00:00","0","【物理】位於前衛，擅長攻擊單一目標的海之狼女。\n當僅有一個攻擊目標時，才能夠發揮技能與必殺技的\n真正價值，並以絕大的破壞力斬除敵人。","2.125","2025/12/01 15:59:59","110401","1","110401","180","0","0","450","0","5","真琴（夏日）","0","110401","4","5","真琴（夏日）","0","0"
"1","1","110501","2019/12/16 16:00:00","0","【物理】位於中衛，能將敵人一網打盡，是盛夏的南國女孩。\n能以帶有擊飛效果的技能將敵人聚集起來，並且以攻擊目標\n越多時，越能夠增加威力的必殺技將敵人一掃而空。","2.42","2030/12/31 15:00:00","110501","1","110501","425","0","0","450","0","1","香織（夏日）","0","110501","4","1","香織（夏日）","0","0"
"1","3","110601","2025/12/11 16:00:00","0","【魔法】位於後衛，施展著龐大的魔力，是盛夏的童話公主。\n以高火力對隨機的目標進行攻擊的技能與必殺技，\n當攻擊目標僅有一人時，能夠造成絕大的傷害。","2.27","2025/12/16 15:59:59","110601","2","110601","792","0","0","450","0","7","真步（夏日）","0","110601","4","7","真步（夏日）","0","0"
"0","3","110701","2020/01/02 16:00:00","0","【物理】位於後衛，擅於用毒，一名邊緣人精靈族的插班生。\n具有當敵人處於中毒或猛毒狀態時獲得強化的攻擊技能，\n同時還能以降低敵人物理防禦力的技能來幫助夥伴們。","1.82","2030/12/31 15:00:00","110701","1","110701","680","0","0","450","0","8","碧（插班生）","0","110701","4","8","碧（插班生）","0","0"
"0","3","110801","2020/01/10 16:00:00","0","【物理】位於前衛，靠著攻擊數壓制，一名陰暗系的精靈族。\n每當進行攻擊時，便會向對手追加【畏懼】的狀態，\n使技能的傷害和降低物理防禦力的能力更上一層樓。","2.125","2030/12/31 15:00:00","110801","1","110801","185","0","0","450","0","2","克蘿依","0","110801","2","2","克蘿依","0","0"
"0","3","110901","2020/07/20 16:00:00","0","【物理】位於前衛，用拳頭釋放切嚕嗨到Max的女孩子。\n每當造成暴擊時將會累積【切嚕】，不但能持續強化自己，\n當戰鬥越到後半時，就越能用切嚕把敵人全部滅光光。","2.295","2030/12/31 15:00:00","110901","1","110901","222","0","0","450","0","1","琪愛兒","0","110901","2","1","琪愛兒","0","0"
"0","3","111001","2020/07/02 16:00:00","0","【魔法】位於後衛，是特化於支援夥伴的象牙之塔才女。\n儘管自身的攻擊力不高，但能強化物理攻擊力高的夥伴，\n還能以魔法無效屏障守護全體夥伴，帶領眾人迎向勝利。","2.27","2030/12/31 15:00:00","111001","2","111001","807","0","0","450","0","26","優妮","0","111001","2","7","優妮","0","0"
"1","3","111101","2026/03/16 16:00:00","0","【魔法】位於後衛，為夥伴提升火力，變裝黑貓的資優生。\n不僅可以依自己的魔法攻擊力多寡來增減強化的技能，\n效果還能進行累積，能以多樣的技能來提升攻擊力。","2.07","2026/04/01 15:59:59","111101","2","111101","820","0","0","450","0","7","鏡華（萬聖節）","0","111101","13","7","鏡華（萬聖節）","0","0"
"1","1","111201","2020/02/04 16:00:00","0","【物理】位於前衛，施展著範圍攻擊，南瓜裝扮的搗蛋鬼。\n不管是對敵人設下倒數5次後就會爆炸的炸彈，又或丟丟\n那南瓜手榴彈，靠著各式各樣的範圍攻擊來玩弄對手。","2.17","2020/02/18 15:59:59","111201","1","111201","212","0","0","450","0","1","禊（萬聖節）","0","111201","13","1","禊（萬聖節）","0","0"
"0","3","111301","2020/02/19 16:00:00","0","【物理】位於中衛，對攻擊進行了特化的繃帶兔兔娘。\n儘管攻擊的頻率較低，但能夠施展高威力的範圍攻擊，\n大幅提升夥伴們物理攻擊力的技能，效果也相當優異。","2","2030/12/31 15:00:00","111301","1","111301","365","0","0","450","0","5","美美（萬聖節）","0","111301","13","5","美美（萬聖節）","0","0"
"0","3","111401","2020/03/04 16:00:00","0","【魔法】位於後衛，以死靈術來製造朋友的可愛少女。\n每當露娜造成傷害時便能聚集朋友，而將它們做為各個\n技能的消耗時，更能依消耗數來發揮出更強大的力量。","1.87","2030/12/31 15:00:00","111401","2","111401","765","0","0","450","0","25","露娜","0","111401","0","7","露娜","0","0"
"1","3","111501","2026/04/22 16:00:00","0","【物理】位於前衛，享受著戰鬥、聖夜的『誓約女君』。\n使用必殺技將會獲得硬幣，依照其有無則能在輔助與攻擊\n兩種定位進行切換，同時華麗地斬殺敵人。","2","2026/05/01 15:59:59","111501","1","111501","265","0","0","450","0","10","克莉絲提娜（聖誕節）","0","111501","13","4","克莉絲提娜（聖誕節）","0","0"
"1","1","111601","2020/04/01 16:00:00","0","【物理】位於中衛，挺身而出守護著整個隊伍的聖誕偶像。\n能以技能將物理攻擊無效，並且其必殺技能在當後方夥伴\n越多時，提升越多的物理防禦力來增加生存率。","2.24","2030/12/31 15:00:00","111601","1","111601","418","0","0","450","0","4","望（聖誕節）","0","111601","13","4","望（聖誕節）","0","0"
"0","3","111701","2020/04/22 16:00:00","0","【魔法】位於前衛，以血做為代價進行攻擊的聖夜吸血鬼。\n當HP越低時傷害便會提升的技能與能夠消耗HP的技能\n相互配合時，將能發揮出絕大的破壞力。","1.3","2030/12/31 15:00:00","111701","2","111701","255","0","0","450","0","3","伊莉亞（聖誕節）","0","111701","13","3","伊莉亞（聖誕節）","0","0"
"1","3","111801","2026/07/17 16:00:00","0","【物理】位於前衛，精神飽滿地祝賀新年的貪吃公主。\n可利用提高物理攻擊力的技能強化我方，\n以傷害力隨HP提升的必殺技討伐敵人。","1.965","2026/08/01 15:59:59","111801","1","111801","248","0","0","450","0","22","貪吃佩可（新年）","0","111801","13","4","貪吃佩可（新年）","0","0"
"1","3","111901","2026/07/17 16:00:00","0","【物理】位於前衛，優秀的全體輔助，新風之巫女。\n擁有在物理暴擊時增加傷害的技能，不僅能提高夥伴們的\n殲滅能力，還能用挑釁與持續恢復技能來支援生存面。","1.87","2026/08/01 15:59:59","111901","1","111901","159","0","0","450","0","23","可可蘿（新年）","0","111901","1","7","可可蘿（新年）","0","0"
"1","3","112001","2026/07/17 16:00:00","0","【魔法】位於後衛，是攻守雙方面皆活躍的和服貓娘。\n必殺技可以依照造成的傷害來提升魔法攻擊力，能夠使\n原本就高性能的攻擊力再更上一層樓。","2.07","2026/08/01 15:59:59","112001","2","112001","690","0","0","450","0","21","凱留（新年）","0","112001","3","7","凱留（新年）","0","0"
"1","1","112101","2020/05/05 16:00:00","0","【魔法】位於後衛，以祈禱來輔助的冒失娘巫女。\n能利用魔法無效的屏障來提高生存面，更能以必殺技\n恢復HP與提升行動速度來掌控戰局。","2.27","2030/12/31 15:00:00","112101","2","112101","722","0","0","450","0","21","鈴莓（新年）","0","112101","1","7","鈴莓（新年）","0","0"
"0","3","112201","2020/06/03 16:00:00","0","【魔法】位於後衛，擁有專精於妨礙能力的魔法偵探。\n具有能大幅度減少對手TP的技能，還能以束縛的技能來\n操弄遠距離的敵人，進而達到混亂敵人連攜的效果。","2.27","2030/12/31 15:00:00","112201","2","112201","730","0","0","450","0","7","霞（魔法少女）","0","112201","9","7","霞（魔法少女）","0","0"
"1","1","112301","2020/06/03 16:00:00","0","【物理】位於後衛，能讓夥伴發揮最大火力的魔法獵人。\n必殺技具有大幅度提高全體夥伴物理攻擊力的能力，使用\n技能射出的光輝箭矢則能提高範圍內的物理攻擊力。","1.97","2030/12/31 15:00:00","112301","1","112301","712","0","0","450","0","8","栞（魔法少女）","0","112301","5","8","栞（魔法少女）","0","0"
"1","3","112401","2026/04/11 16:00:00","0","【物理】位於中衛，鼓舞著夥伴並同時戰鬥的可愛少女。\n不僅能以提升夥伴TP與攻擊力的技能來進行輔助，\n自己還擁有著能夠將敵人一掃而空的強力範圍攻擊。","2.24","2026/04/22 15:59:59","112401","1","112401","453","0","0","450","1","4","卯月（NGs）","0","112401","18","4","卯月（NGs）","0","0"
"1","3","112501","2026/04/11 16:00:00","0","【物理】位於前衛，是一位創造冰來守護夥伴的冷酷少女。\n能以束縛或挑釁來妨礙眼前敵人的行動，同時能對自己\n展開屏障，發揮如銅牆鐵壁般的防禦能力。","2.215","2026/04/22 15:59:59","112501","1","112501","153","0","0","450","1","4","凜（NGs）","0","112501","18","4","凜（NGs）","0","0"
"1","1","112601","2015/04/01 15:00:00","0","【魔法】位於後衛，攻守兩面皆活躍，熱情滿溢的少女。\n能以受到傷害的夥伴為中心施展恢復魔法來進行輔助，\n同時還能施展魔法攻擊來將敵人一網打盡。","2.27","2030/12/31 15:00:00","112601","2","112601","695","1","0","450","1","7","未央（NGs）","0","112601","18","7","未央（NGs）","0","0"
"0","3","112701","2020/08/06 16:00:00","0","【物理】位於中衛，能夠貫穿敵人防禦的橡子遊俠。\n在戰鬥開始時便能大幅度降低範圍內敵人的物理防禦力，\n以至於在序盤便可以帶出能造成大規模傷害的戰況。","2.19","2030/12/31 15:00:00","112701","1","112701","422","0","0","450","0","6","鈴（遊俠）","0","112701","3","6","鈴（遊俠）","0","0"
"0","3","112801","2020/08/21 16:00:00","0","【物理】位於中衛，擅長對付多數敵人的牧場戰士。\n能夠使用擊飛敵人的技能來強行壓退敵人的陣型。\n再使用範圍攻擊跟附加混亂的技能一口氣殲滅敵人。","2.19","2030/12/31 15:00:00","112801","1","112801","390","0","0","450","0","6","真陽（遊俠）","0","112801","5","6","真陽（遊俠）","0","0"
"0","3","112901","2020/09/04 16:00:00","0","【物理】位於後衛，以希望為戰力的不可思議之國救世主。\n擁有只要暴擊就會提升效果的技能，並且以同伴數量越多、\n威力就跟著越強的必殺技來殲滅敵人。","1.97","2030/12/31 15:00:00","112901","1","112901","730","0","0","450","0","8","璃乃（奇幻）","0","112901","6","8","璃乃（奇幻）","0","0"
"1","1","113001","2020/09/04 16:00:00","0","【物理】位於中衛，能夠自由操縱戰場動向的白兔少女。\n能使用讓敵人行動速度下降並且提升同伴的速度的技能，\n以及停止敵人時間的技能，總是在支援著同伴們。","2.34","2030/12/31 15:00:00","113001","1","113001","508","0","0","450","0","6","步未（奇幻）","0","113001","12","6","步未（奇幻）","0","0"
"1","3","113101","2025/11/24 16:00:00","0","【物理】位於前衛，揮舞優雅太刀使人魅惑的若夏大姐頭。\n以隨著造成傷害的次數提升攻擊力的技能，跟所攜帶的雙刀\n的數刃斬擊，將眼前的敵人切碎。","1.3","2025/12/01 15:59:59","113101","1","113101","192","0","0","450","0","27","流夏（夏日）","0","113101","6","27","流夏（夏日）","0","0"
"1","1","113201","2020/11/02 16:00:00","0","【魔法】位於前衛，借取眾人手中之力的盛夏的冥姬。\n以全體同伴的魔法攻擊力做為代價來劇烈提升自己的\n魔法攻擊力，不斷使用熾烈的攻擊魔法製造大量傷害。","1.625","2030/12/31 15:00:00","113201","2","113201","256","0","0","450","0","28","杏奈（夏日）","0","113201","12","5","杏奈（夏日）","0","0"
"0","3","113301","2020/11/02 16:00:00","0","【魔法】位於中衛，擅長對付多數敵人的盛夏魔法少女。\n使用依照敵人數量而提升防禦力降低效果的技能，以及各種\n多樣化的範圍攻擊，以最可愛的姿態稱霸盛夏的戰鬥。","2.07","2030/12/31 15:00:00","113301","2","113301","468","0","0","450","0","7","七七香（夏日）","0","113301","12","7","七七香（夏日）","0","0"
"1","3","113401","2026/01/17 16:00:00","0","【魔法】位於中衛，使用出魔法攻擊的超能力啦啦隊女孩。\n必殺技能對全體敵人釋放威力極大的一擊，\n在那之後便會因為發動超能力的反彈抱起枕頭陷入夢境中。","1.92","2026/02/01 15:59:59","113401","2","113401","567","0","0","450","0","29","初音（夏日）","0","113401","12","7","初音（夏日）","0","0"
"1","1","113501","2022/09/23 16:00:00","0","【魔法】位於後衛，從敵人威脅保護學生的夏日女神老師。\n使用提高同伴魔法防禦力，持續回復HP的技能，\n還有展開屏障的必殺技，堅固地守護同伴。","2.07","2030/12/31 15:00:00","113501","2","113501","697","0","0","450","0","7","美里（夏日）","0","113501","12","7","美里（夏日）","0","0"
"0","3","113601","2020/12/26 16:00:00","0","【物理】位於前衛，燃燒業火斬向邪惡的盛夏騎士團長。\n有著對敵方單體造成傷害的同時提升攻擊力的必殺技，\n以及施展能夠造成火傷的技能，將敵人燒滅殆盡。","2","2030/12/31 15:00:00","113601","1","113601","182","0","0","450","0","5","純（夏日）","0","113601","12","5","純（夏日）","0","0"
"0","3","113701","2020/12/28 16:00:00","0","【魔法】位於中衛，使用魔法痛擊敵人的雙胞胎妹妹天使。\n雖然持續時間短暫，但能使用效果極大的強化魔法來\n提升自己的攻擊力，用威力拔群的單體魔法掃蕩敵人。","1.92","2030/12/31 15:00:00","113701","2","113701","530","0","0","450","0","7","茜里（天使）","0","113701","12","7","茜里（天使）","0","0"
"0","3","113801","2020/01/20 16:00:00","0","【魔法】位於中衛，使用魔法輔助夥伴的雙胞胎姊姊天使。\n能夠大幅度提升防禦力，或將敵人的注意力引到目標夥伴\n身上，並使用特殊又強力的技能愚弄敵人。","2.34","2030/12/31 15:00:00","113801","2","113801","531","0","0","450","0","6","依里（天使）","0","113801","12","6","依里（天使）","0","0"
"1","3","113901","2026/02/22 16:00:00","0","【物理】位於前衛，妨礙敵人物理攻擊的吸血鬼裁縫師。\n能挑釁敵方和展開物理無效的護盾，並對物理攻擊力最高的敵人施展妨礙技能，織起如鐵壁般的防禦網。","2.375","2026/03/01 15:59:59","113901","1","113901","152","0","0","450","0","2","紡希（萬聖節）","0","113901","12","2","紡希（萬聖節）","0","0"
"0","3","114001","2021/02/19 16:00:00","0","【物理】位於中衛，將身負重傷的敵人導向死亡的幽雅劍士。\n當敵方的HP在50%以下時，攻擊威力會大幅度提升，\n施展範圍攻擊一口氣重創負傷敵人的戰意。","1.965","2030/12/31 15:00:00","114001","1","114001","375","0","0","450","0","4","怜（萬聖節）","0","114001","12","4","怜（萬聖節）","0","0"
"1","1","114101","2021/02/01 16:00:00","0","【物理】位於前衛，以銳爪進行突刺的萬聖節見習騎士。\n技能會根據必殺技的施展次數而強化，\n使造成的傷害和行動速度提升，撕裂眼前的敵人。","2.295","2030/12/31 15:00:00","114101","1","114101","186","0","0","450","0","1","茉莉（萬聖節）","0","114101","12","1","茉莉（萬聖節）","0","0"
"0","3","114201","2021/03/02 16:00:00","0","【物理】位於中衛，懷抱著愛與希望之力來執掌一切的\n魔法提督。\n必殺技能降低敵方單體的物理防禦力，並擁有提升範圍內\n所有夥伴物理攻擊力的技能，一口氣左右戰局。","2.24","2030/12/31 15:00:00","114201","1","114201","528","0","0","450","0","4","莫妮卡（魔法少女）","0","114201","12","4","莫妮卡（魔法少女）","0","0"
"0","3","114301","2021/03/02 16:00:00","0","【物理】位於中衛，將正義之力乘載於魔法中戰鬥的魔法劍士。\n以增加自身物理攻擊力與魔法攻擊力的魔法少女之力\n及不懈努力磨練出的劍技，施放華麗的魔法攻擊。","2","2030/12/31 15:00:00","114301","1","114301","402","0","0","450","0","4","智（魔法少女）","0","114301","2","4","智（魔法少女）","0","0"
"1","3","114401","2026/04/22 16:00:00","0","【物理】位於前衛，靠己方支援力量戰鬥的聖夜大小姐。\n每受到能力提升的效果時便會增加【聖夜的光輝】\n，以此大幅度強化技能，於聖夜中施放絢爛的一擊。","2","2026/05/01 15:59:59","114401","1","114401","189","0","0","450","0","5","秋乃（聖誕節）","0","114401","2","5","秋乃（聖誕節）","0","0"
"0","3","114501","2021/04/27 16:00:00","0","【物理】位於前衛，驅使光明守護我方的聖夜咲戀媽媽。\n擁有能防範敵人攻擊並造成傷害的必殺技，\n以及在造成傷害的同時恢復的技能，攻擊和防守都能勝任。","2.09","2030/12/31 15:00:00","114501","1","114501","150","0","0","450","0","4","咲戀（聖誕節）","0","114501","3","4","咲戀（聖誕節）","0","0"
"1","1","114601","2023/01/24 16:00:00","0","【物理】位於中衛，支援物理角色的聖夜原聖騎士。\n技能會使魔法攻擊力最高的敵方單體TP減少，並提升周圍所有夥伴的魔法防禦力，\n在魔法戰中綻放無上的光輝。","2.09","2030/12/31 15:00:00","114601","1","114601","408","0","0","450","0","5","優花梨（聖誕節）","0","114601","2","5","優花梨（聖誕節）","0","0"
"1","1","114701","2023/02/23 16:00:00","0","【物理】位於前衛，在新春揮舞「天樓霸斷劍」的少女。\n她會比眾人慢一步突擊，將敵方前衛擊飛後，\n以強化後的範圍物理攻擊一舉掃蕩聚集的敵人。","2","2030/12/31 15:00:00","114701","1","114701","138","0","0","450","0","31","矛依未（新年）","0","114701","2","2","矛依未（新年）","0","0"
"1","3","115001","2026/05/16 16:00:00","0","【魔法】位於中衛，身著華麗新年和服的「變貌大妃」。\n以提升我方魔法攻擊力與恢復HP、TP的技能，\n進行攻守兼具的支援，即使是激烈的戰況，也能帶領夥伴通往勝利。","2.07","2026/06/01 15:59:59","115001","2","115001","562","0","0","450","0","21","似似花（新年）","0","115001","2","7","似似花（新年）","0","0"
"1","3","115501","2026/06/01 16:00:00","0","【物理】位於中衛，身著尊貴儀裝的精靈族之村巫女。\n會強化自身的攻擊力，並恢復TP增加攻擊頻率。\n以暴擊時的猛攻，化為守護夥伴的劍。","2","2026/06/11 15:59:59","115501","1","115501","533","0","0","450","0","2","可可蘿（祭服）","0","115501","1","2","可可蘿（祭服）","0","0"
"1","1","115601","2023/03/24 16:00:00","0","【魔法】位於中衛，施展精靈術支援我方的儀裝魔法師。\n使用可強化數次物理攻擊力的技能支援我方的攻擊，\n並以強大的恢復技能，重整前線掌握戰況。","1.97","2030/12/31 15:00:00","115601","2","115601","578","0","0","450","0","7","優衣（祭服）","0","115601","7","7","優衣（祭服）","0","0"
"0","3","115701","2021/06/27 16:00:00","0","【魔法】位於後衛，削減敵人防禦力的海岸名偵探。\n鎖定攻擊力高的敵人降低其防禦力，\n並以強化我方的技能，引導解決任何困難事件。","2.27","2030/12/31 15:00:00","115701","2","115701","738","0","0","450","0","7","霞（夏日）","0","115701","9","7","霞（夏日）","0","0"
"1","1","115801","2023/04/25 16:00:00","0","【物理】位於前衛，用魔法果實變成公主的戀愛少女。\n用必殺技從動物變身成人類一段時間，\n藉由技能增加我方全體的攻擊力，發揮出最大火力。","2.27","2030/12/31 15:00:00","115801","1","115801","173","0","116101","450","0","4","莉瑪（灰姑娘）","0","115801","5","4","莉瑪（灰姑娘）","0","0"
"0","3","115901","2021/07/05 16:00:00","0","【物理】位於前衛，身穿華麗服裝施展流麗劍舞的狼女。\n技能的威力與提升物理攻擊力的技能效果會\n依照周圍的我方數量增加，揮動鼓舞激勵的斬擊。","2.27","2030/12/31 15:00:00","115901","1","115901","166","0","0","450","0","5","真琴（灰姑娘）","0","115901","4","5","真琴（灰姑娘）","0","0"
"0","3","116001","2021/07/21 16:00:00","0","【魔法】位於後衛，優雅地支援我方的真步老師。\n藉由技能提升正在進行物理攻擊的我方的攻擊力，恢復最遠的我方的TP，\n可以優雅優雅地改變戰況。","2.27","2030/12/31 15:00:00","116001","2","116001","645","0","0","450","0","7","真步（灰姑娘）","0","116001","9","7","真步（灰姑娘）","0","0"
"0","3","116201","2021/03/31 12:00:00","0","【物理】位於前衛，如疾風般奔馳的陰暗系女孩。\n藉由每當造成特定次數的傷害時完全恢復ＴＰ的技能\n以及每次發動會提升攻擊力的技能來掌握最終的勝利。","2.125","2030/12/31 15:00:00","116201","1","116201","184","0","0","450","0","2","克蘿依（聖學祭）","0","116201","2","2","克蘿依（聖學祭）","0","0"
"0","3","116301","2021/03/31 12:00:00","0","【物理】位於前衛，炒熱聖學祭氣氛的快樂切嚕系女孩。\n每當攻擊命中時都會累積【切嚕】，藉由增加威力的技能\n與提升我方全體的物理攻擊力效果的UB來引導我方獲得勝利。","2.295","2030/12/31 15:00:00","116301","1","116301","223","0","0","450","0","32","琪愛兒（聖學祭）","0","116301","2","1","琪愛兒（聖學祭）","0","0"
"0","3","116401","2022/06/12 16:00:00","0","【魔法】位於後衛，能夠啟蒙夥伴的優妮們才女。\n為自身以外的全體我方提升物理、魔法攻擊力，\n並提升暴擊時的傷害，引領大家邁向勝利。","2.27","2030/12/31 15:00:00","116401","2","116401","808","0","0","450","0","39","優妮（聖學祭）","0","116401","2","7","優妮（聖學祭）","0","0"
"0","3","116501","2021/09/01 16:00:00","0","【物理】位於前衛，充滿朝氣又滔滔不絕的嘴砲系龍。\n提升全體物理攻擊力的UB雖會降低我方的防禦力，\n相對地HP越多效果也會越高，能將我方導向勝利。","2.295","2030/12/31 15:00:00","116501","1","116501","252","0","0","450","0","3","祈梨（時空旅行）","0","116501","17","3","祈梨（時空旅行）","0","0"
"0","3","116601","2021/09/01 16:00:00","0","【物理】位於前衛，能引導我方邁向勝利的龍人族打手。\n必殺技能極大幅度提升自身攻擊速度，\n和提升物理攻擊力的技能相輔相成，揮出如雨點般密集的拳頭。","2.295","2030/12/31 15:00:00","116601","1","116601","169","0","0","450","0","1","嘉夜（時空旅行）","0","116601","17","1","嘉夜（時空旅行）","0","0"
"0","3","116701","2021/10/01 16:00:00","0","【物理】位於中衛，專門妨礙敵人，身穿工作服的邊緣精靈族。\n與締結了深厚情意的好友「好朋友號」一同施放的UB，\n能阻擋敵人的行動，使其物理防禦力急劇下降。","1.82","2030/12/31 15:00:00","116701","1","116701","527","0","0","450","0","33","碧（工作服）","0","116701","9","33","碧（工作服）","0","0"
"1","1","116801","2023/07/26 16:00:00","0","【物理】位於前衛，用手中的鯛魚燒機懲奸除惡的貓娘店長。\n能提升我方全體的物理攻擊力及恢復 TP，\nUB更是能特大幅度強化自身攻擊力，發揮出驚人的威力。","2.295","2030/12/31 15:00:00","116801","1","116801","216","0","0","450","0","2","珠希（工作服）","0","116801","8","2","珠希（工作服）","0","0"
"0","3","116901","2021/10/18 16:00:00","0","【物理】位於前衛，作為盾帶領大家進攻的工廠領班。\n在戰鬥剛開始時會發動強化物理攻擊力及防禦力的技能。\n當UB發動時，能提升自身物理爆擊率，使出猛烈的連擊。","2.065","2030/12/31 15:00:00","116901","1","116901","275","0","0","450","0","6","美冬（工作服）","0","116901","8","6","美冬（工作服）","0","0"
"1","3","117001","2025/12/23 16:00:00","0","【物理】位於中衛，纏繞火花點綴暮色的盛夏破壞者。\n以兩個技能降低物理防禦力，並運用依照傷害量\n延長暴擊上升的UB粉碎眼前的敵方。","1.55","2026/01/01 15:59:59","117001","1","117001","407","0","0","450","0","3","惠理子（夏日）","0","117001","11","3","惠理子（夏日）","0","0"
"0","3","117101","2021/07/15 12:00:00","0","【物理】位於前衛，穩固地守護著夥伴的海邊姐姐。\n擔任防禦及輔助角色時，能巧妙運用物理防禦力越高\n效果越佳的多項技能，也能運用範圍攻擊擔任攻擊者。","2","2030/12/31 15:00:00","117101","1","117101","163","0","0","450","0","5","靜流（夏日）","0","117101","6","5","靜流（夏日）","0","0"
"1","3","117201","2025/12/23 16:00:00","0","【物理】位於中衛，幫大家聲援的盛夏頂尖偶像。\n會用所有技能支援我方全體的物理攻擊，\n並從戰鬥中期起恢復我方全體的TP，引導大家獲勝。","2.09","2026/01/01 15:59:59","117201","1","117201","417","0","0","450","0","4","望（夏日）","0","117201","10","4","望（夏日）","0","0"
"0","3","117301","2021/12/17 16:00:00","0","【魔法】位於中衛，獻上守護讚美曲的夏日海邊歌姬。\n在戰鬥一開始時會大幅度強化我方的魔法防禦，面對任何猛攻都能用吸收護盾\n和恢復HP技能守護我方。","2.07","2030/12/31 15:00:00","117301","2","117301","520","0","0","450","0","7","千歌（夏日）","0","117301","10","7","千歌（夏日）","0","0"
"1","1","117401","2023/09/25 16:00:00","0","【物理】位於中衛，拉近敵方瓦解陣形，風平浪靜的裁縫師。\n將攻擊力最高的敵方從敵陣拉近到我方陣地，\n並用束縛和降低行動速度一類的技能束縛敵方的自由。","2.42","2030/12/31 15:00:00","117401","1","117401","355","0","0","450","0","1","紡希（夏日）","0","117401","10","1","紡希（夏日）","0","0"
"0","3","117501","2021/01/05 16:00:00","0","【物理】位於中衛，緊盯著戰況全盤的獨眼密醫。\n能夠束縛住HP少的敵人，對其使出降低防禦力的技能，\n並以咒術造成每秒會增加的持續傷害，逐刻侵蝕敵人的生命。","2.4","2030/12/31 15:00:00","117501","1","117501","552","0","0","450","0","5","深月（大江戶）","0","117501","11","5","深月（大江戶）","0","0"
"0","3","117601","2022/01/15 16:00:00","0","【魔法】位於後衛，拯救迷茫眾生、身著白衣的美之象徵。\n能恢復一位我方TP最低角色的TP，並以HP恢復技能\n守護該對象，再使用魔法攻擊力提升技能，一口氣攻陷對方。","2","2030/12/31 15:00:00","117601","2","117601","798","0","0","450","0","7","雪（大江戶）","0","117601","12","7","雪（大江戶）","0","0"
"1","3","117701","2026/03/16 16:00:00","0","【物理】越是逼迫前衛的敵人，力量越會增強的幽玄南國少女。\n能使用當敵人體力越少，效果便會增強的攻擊力提升技能\n與提高傷害量的攻擊技能，不放過敵人，當場將其解決。","2.17","2026/04/01 15:59:59","117701","1","117701","156","0","0","450","0","1","香織（萬聖節）","0","117701","4","1","香織（萬聖節）","0","0"
"1","1","117801","2023/11/24 16:00:00","0","【物理】位於中衛，強化物理攻擊型我方的忍者。\n能夠使用提升我方物理攻擊力和行動速度的技能效果，\n增強我方全體的攻擊力，並吹響勝利之笛。","2.25","2030/12/31 15:00:00","117801","1","117801","518","0","0","450","0","36","妮諾（萬聖節）","0","117801","12","36","妮諾（萬聖節）","0","0"
"0","3","117901","2022/02/01 16:00:00","0","【物理】位於後衛，瞄準主力輸出者的小惡魔超級名模。\n會施展對誘惑狀態可提升威力的攻擊技能，以及奪取TP的\n妨礙技能，針對物理攻擊力最高的敵人進行攻擊。","1.97","2030/12/31 15:00:00","117901","1","117901","761","0","0","450","0","8","鈴奈（萬聖節）","0","117901","15","8","鈴奈（萬聖節）","0","0"
"1","3","118001","2026/01/17 16:00:00","0","【物理】位於後衛，在攻擊與弱化敵人兩方面都表現傑出的女商人。\n能夠投擲裝滿了有生命金幣的錢包偷襲敵人，\n以及引起金幣暴風進行攻擊，大幅破壞對方的防禦。","1.97","2026/02/01 15:59:59","118001","1","118001","751","0","0","450","0","35","克蕾琪塔","0","118001","0","35","克蕾琪塔","0","0"
"1","3","118101","2026/07/01 16:00:00","0","【魔法】位於後衛，編織美麗旋律進行支援的深沉平靜\n歌姬。以強化我方與弱化敵人雙方面進行輔助，\n同時與召喚的飛龍進行波狀攻擊鎮壓敵人。","2.07","2026/07/04 15:59:59","118101","2","118101","782","0","0","450","0","21","蘭法","0","118101","19","7","蘭法","0","0"
"1","3","118201","2026/07/01 16:00:00","0","【魔法】位於後衛，帶著笑容四處破壞的活潑少女★\n最多讓三名敵人中彈的技能和ＵＢ在【PSI★蓄力】\n狀態下追加降低魔防效果，將礙事者殲滅。","1.7","2026/07/04 15:59:59","118201","2","118201","730","0","0","450","0","0","美空","0","118201","19","0","美空","0","0"
"1","3","118301","2015/04/01 15:00:00","0","","0","2030/12/31 15:00:00","0","0","0","732","1","0","0","0","0","初音（初音＆栞）","0","118301","0","0","初音（初音＆栞）","0","180701"
"1","3","118401","2015/04/01 15:00:00","0","","0","2030/12/31 15:00:00","0","0","0","732","1","0","0","0","0","栞（初音＆栞）","0","118401","0","0","栞（初音＆栞）","0","180701"
"1","1","118501","2022/02/01 16:00:00","0","【魔法】位於後衛，支撐眾人的公會管理協會職員。\n會施展提高我方能力的魔法取代普通攻擊，\n守護我方並妨礙敵人，進行完美支援。","2","2030/12/31 15:00:00","118501","2","118501","787","0","0","450","0","37","花凜","0","118501","0","37","花凜","0","0"
"1","3","118601","2024/12/10 16:00:00","0","【魔法】飛出後衛盡全力惡作劇的幻惑妖精。\n隨興的來回飛舞於敵陣中，使敵人的攻擊揮空，\n用ＵＢ隨機賦予四種妨礙效果，使其陷入大混亂。","2","2030/12/31 15:00:00","118601","2","118601","826","0","0","450","0","0","涅比亞","0","118601","0","0","涅比亞","0","0"
"0","3","119001","2022/03/07 16:00:00","0","【魔法】位於後衛，妨礙魔法主力輸出者的黑暗老師。\n能以誘惑與TP下降來妨礙魔法攻擊力最高的敵人，\n並以TP恢復技能來掩護我方、支配戰況。","2.27","2030/12/31 15:00:00","119001","2","119001","714","0","0","450","0","7","伊緒（黑暗）","0","119001","15","7","伊緒（黑暗）","0","0"
"0","3","119101","2022/03/20 16:00:00","0","【魔法】位於前衛，使用護盾擋下突襲的黑暗被虐狂少女。\n提升魔法攻擊力最高的我方角色的魔法攻擊力與暴擊，\n並透過魔法防禦力下降技能讓敵方膽怯。","2.545","2030/12/31 15:00:00","119101","2","119101","143","0","0","450","0","26","空花（黑暗）","0","119101","12","7","空花（黑暗）","0","0"
"1","1","119201","2024/01/26 16:00:00","0","【物理】位於中衛，支援並守護我方的聖誕夜牧場主人。\n擊退範圍內的敵人以破壞對方的隊形，\n並利用展開全體物理護盾及恢復單體ＨＰ來導向勝利。","2.19","2030/12/31 15:00:00","119201","1","119201","397","0","0","450","0","6","真陽（聖誕節）","0","119201","5","6","真陽（聖誕節）","0","0"
"0","3","119301","2022/04/25 16:00:00","0","【物理】位於後衛，負責攻擊和支援的聖夜弓箭手。\n以提升物理攻擊力和物理暴擊的技能強化周圍，\n並以暴擊時威力增加的ＵＢ粉碎敵人。","1.97","2030/12/31 15:00:00","119301","1","119301","762","0","0","450","0","8","璃乃（聖誕節）","0","119301","6","8","璃乃（聖誕節）","0","0"
"0","1","119401","2022/06/01 16:00:00","0","","0","2030/12/31 15:00:00","0","0","0","0","0","0","0","0","0","貪吃佩可","0","119401","0","5","貪吃佩可","0","0"
"0","1","119501","2022/06/01 16:00:00","0","","0","2030/12/31 15:00:00","0","0","0","0","0","0","0","0","6","可可蘿","0","119501","0","6","可可蘿","0","0"
"0","1","119601","2022/06/01 16:00:00","0","","0","2030/12/31 15:00:00","0","0","0","0","0","0","0","0","7","凱留","0","119601","0","7","凱留","0","0"
"0","3","119701","2022/06/01 16:00:00","0","","0","2030/12/31 15:00:00","0","0","0","0","0","0","0","0","4","雪菲","0","119701","0","4","雪菲","0","0"
"1","3","119901","2026/04/22 16:00:00","0","【物理】位於中衛，用布丁強化我方的幽靈聖少女。\n在提升物理攻擊力和物理暴擊的布丁能量領域內\n也會強化自己的技能，使出突襲。","2.17","2026/05/01 15:59:59","119901","1","119901","302","0","0","450","0","1","宮子（聖誕節）","0","119901","14","1","宮子（聖誕節）","0","0"
"1","3","120001","2026/07/17 16:00:00","0","【物理】位於前衛，守護夥伴免受猛烈攻擊的黑暗姐姐。\n能以戰鬥開始時無法行動無效的技能守護周圍夥伴，\n並以技能限制範圍內敵人的行動，牽制並改變戰況。","2.375","2026/08/01 15:59:59","120001","1","120001","190","0","0","450","0","5","靜流（黑暗）","0","120001","6","5","靜流（黑暗）","0","0"
"0","3","120101","2015/04/01 15:00:00","0","","0","2030/12/31 15:00:00","0","0","0","0","0","0","0","0","7","伊緒（黑暗）","0","120101","0","7","伊緒（黑暗）","0","0"
"0","3","120201","2015/04/01 15:00:00","0","","0","2030/12/31 15:00:00","0","0","0","0","0","0","0","0","26","空花（黑暗）","0","120201","0","7","空花（黑暗）","0","0"
"0","3","120301","2015/04/01 15:00:00","0","","0","2030/12/31 15:00:00","0","0","0","0","0","0","0","0","7","靜流（黑暗）","0","120301","0","5","靜流（黑暗）","0","0"
"1","3","120401","2015/04/01 15:00:00","0","","0","2030/12/31 15:00:00","0","0","0","465","1","0","0","0","0","美美（小小甜心）","0","120401","0","0","美美（小小甜心）","0","180801"
"1","3","120501","2015/04/01 15:00:00","0","","0","2030/12/31 15:00:00","0","0","0","465","1","0","0","0","0","禊（小小甜心）","0","120501","0","0","禊（小小甜心）","0","180801"
"1","3","120601","2015/04/01 15:00:00","0","","0","2030/12/31 15:00:00","0","0","0","465","1","0","0","0","0","鏡華（小小甜心）","0","120601","0","0","鏡華（小小甜心）","0","180801"
"1","3","120701","2026/05/16 16:00:00","0","【物理】前衛，翱翔於雪花紛飛晴空的新春冰龍少女。\n以透過ＵＢ顯現的冰龍之牙提升施加我方的強化技能，\n配合自身的範圍攻擊技使出猛烈攻勢，凍滅敵方陣營。","1.84","2026/06/01 15:59:59","120701","1","120701","283","0","0","450","0","22","雪菲（新年）","0","120701","1","4","雪菲（新年）","0","0"
"1","1","120801","2024/02/23 16:00:00","0","【物理】位於前衛，展現雪月花之舞的新春大姐頭。\n攻擊命中時增加【劍之烙印】提升ＵＢ和技能的威力，\n以眼力無法捕捉的迅捷斬擊壓制敵人。","1.3","2030/12/31 15:00:00","120801","1","120801","193","0","0","450","0","22","流夏（新年）","0","120801","2","4","流夏（新年）","0","0"
"1","3","120901","2026/05/16 16:00:00","0","【魔法】中衛，以自身血液為代價展現力量的\n新春吸血鬼。自在操縱消耗自身ＨＰ施放的強力技能，\n以及從敵人吸收ＴＰ的技能，藉以消滅面前的敵人。","1.425","2026/06/01 15:59:59","120901","2","120901","424","0","0","450","0","38","伊莉亞（新年）","0","120901","12","3","伊莉亞（新年）","0","0"
"1","3","121001","2026/06/01 16:00:00","0","【物理】前衛，以夥伴的羈絆為力量而戰的餓扁公主。\n依照敵方ＨＰ狀態分別施展永續物理攻擊力上升，\n短時間內特大攻擊力上升和自身ＴＰ恢復來改變戰況。","2.25","2026/06/11 15:59:59","121001","1","121001","164","0","0","450","0","41","貪吃佩可（超載）","0","121001","1","5","貪吃佩可（超載）","0","0"
"1","3","121101","2026/06/01 16:00:00","0","【魔法】中衛，以夥伴的羈絆為力量而戰的傲嬌貓女。\n擁有妨礙敵人的技能，以ＵＢ使敵方全體陷入恐慌，\n已處於恐慌狀態的敵人ＴＰ下降，掌控戰場全局。","2.07","2026/06/11 15:59:59","121101","2","121101","588","0","0","450","0","42","凱留（超載）","0","121101","1","7","凱留（超載）","0","0"
"1","1","121201","2024/03/26 16:00:00","0","【物理】前衛，眺望著世界所有真理的「迷宮女王」。\n以技能強化我方攻擊面並為全體附加ＨＰ持續恢復。\n重整戰線的同時自己也能以壓倒性力量殲滅敵人。","1.55","2030/12/31 15:00:00","121201","1","121201","260","0","0","450","0","40","拉比林斯達（超載）","0","121201","6","4","拉比林斯達（超載）","0","0"
"0","3","121301","2022/07/05 16:00:00","0","【物理】位於後衛，為了大家而下定決心並奮發向上的\n小小女演員。剩餘ＨＰ越多，物理攻擊力提升越多，會以\n物理攻擊無效護盾的技能與持續恢復ＨＰ與ＴＰ支援我方。","1.9","2030/12/31 15:00:00","121301","1","121301","731","0","0","450","0","3","胡桃（舞台）","0","121301","3","3","胡桃（舞台）","0","0"
"0","3","121401","2022/07/17 16:00:00","0","【魔法】位於後衛，強化我方後衛的魔法少女看板娘。\n以護盾與持續恢復ＴＰ支援我方後衛，以及依照自身的\n魔法攻擊力提升強化攻擊力的技能鼓舞我方。","2.27","2030/12/31 15:00:00","121401","2","121401","742","0","0","450","0","7","美咲（舞台）","0","121401","15","7","美咲（舞台）","0","0"
"1","3","121501","2026/08/01 16:00:00","0","【物理】位於中衛，潛藏於暗夜中神出鬼沒的怪盜少女。\n以消失於敵人面前的隱密技能，與使用降低遠方敵人ＴＰ的\n技能，從敵陣後方使敵人瓦解。","2","2026/08/16 15:59:59","121501","1","121501","590","0","0","450","0","6","步未（怪盜）","0","121501","12","6","步未（怪盜）","0","0"
"0","3","121601","2022/08/17 16:00:00","0","【物理】位於前衛，藏身於黑暗中釋放會心一擊的\n怪盜龍。使用當處於隱密效果時，傷害會大幅提升\n且必定發動暴擊的ＵＢ與技能輸出的穩定傷害打倒敵人。","1.425","2030/12/31 15:00:00","121601","1","121601","292","0","0","450","0","3","祈梨（怪盜）","0","121601","17","3","祈梨（怪盜）","0","0"
"1","3","121701","2015/04/01 15:00:00","0","","0","2030/12/31 15:00:00","0","0","0","421","1","0","0","0","0","秋乃（秋乃＆咲戀）","0","121701","0","0","秋乃（秋乃＆咲戀）","0","180901"
"1","3","121801","2015/04/01 15:00:00","0","","0","2030/12/31 15:00:00","0","0","0","421","1","0","0","0","0","咲戀（秋乃＆咲戀）","0","121801","0","0","咲戀（秋乃＆咲戀）","0","180901"
"0","3","121901","2022/09/16 16:00:00","0","【魔法】位於前衛，鼓舞自身並釋放高漲魔力的\n蒼海之冥姬。\n能以每次發動都能提升攻擊力和暴擊時傷害的ＵＢ，\n和以自我犧牲為代價的強力範圍攻擊技消滅敵人。","2.125","2030/12/31 15:00:00","121901","2","121901","293","0","0","450","0","5","杏奈（海盜）","0","121901","12","5","杏奈（海盜）","0","0"
"0","3","122001","2022/09/04 16:00:00","0","【物理】位於中衛，解放徘徊靈魂的海星靈能少女。\n攻擊時運用賦予的【靈錨之烙印】，以提升傷害量的\n技能和防禦力下降ＵＢ帶領敵人走向滅亡。","1.425","2030/12/31 15:00:00","122001","1","122001","380","0","0","450","0","3","忍（海盜）","0","122001","14","3","忍（海盜）","0","0"
"1","1","122101","2024/08/26 16:00:00","0","【物理】位於後衛射出千百箭矢，孤獨的山居精靈族。\n以物理魔法無效護盾擋下攻擊，朝敵方全體射擊\n並對進入自身攻擊範圍的敵人以強烈的箭雨追擊掃蕩。","1.97","2030/12/31 15:00:00","122101","1","122101","731","0","0","450","0","35","碧（露營）","0","122101","9","35","碧（露營）","0","0"
"0","3","122201","2022/10/02 16:00:00","0","【物理】位於中衛，與大自然一起享受最棒的那一杯的\n前聖騎士。\n【最幸福的一刻】增加得越多，我方物理攻擊力及\n暴擊時的傷害也會得到強力的強化，並掌握勝利。","1.84","2030/12/31 15:00:00","122201","1","122201","419","0","0","450","0","4","優花梨（露營）","0","122201","8","4","優花梨（露營）","0","0"
"0","3","122301","2022/10/17 16:00:00","0","【魔法】位於中衛，與幼龍同行的最～強吸血鬼公主。\n能夠強化我方全體，並透過吸收敵人ＴＰ的技能蓄力，\n發動ＵＢ後會與貝斯共鬥，並降低防禦力和以強擊發動攻勢。","1.425","2030/12/31 15:00:00","122301","2","122301","564","0","0","450","0","43","班比","0","122301","0","43","班比","0","0"
"1","1","122401","2024/10/26 16:00:00","0","【物理】位於前衛，為夥伴們聲援打氣的盛夏活力女孩。\n除了持續恢復我方ＨＰ並提升行動速度之外，\n還能根據我方的數量來強化暴擊和攻擊力，進而致勝。","2.42","2030/12/31 15:00:00","122401","1","122401","264","0","0","450","0","1","日和（夏日）","0","122401","8","1","日和（夏日）","0","0"
"1","3","122501","2025/12/23 16:00:00","0","【物理】位於前衛，身負水刃加持，馳騁於水面上的海岸\n劍士。每次提升暴擊時的傷害並發動ＵＢ時，身旁的\n【水刃的加持】都會提升所有技能傷害，同時貫穿敵陣。","1.965","2026/01/01 15:59:59","122501","1","122501","250","0","0","450","0","4","怜（夏日）","0","122501","0","4","怜（夏日）","0","0"
"0","3","122601","2022/11/16 16:00:00","0","【魔法】位於中衛，負責輔助魔法角色的靜夜魔法師。\n可累積的攻擊強化技能、ＴＰ恢復、物理與魔法無效護盾\n以及持續恢復ＨＰ等招式攻守皆宜，藉此引導我方致勝。","2.27","2030/12/31 15:00:00","122601","2","122601","554","0","0","450","0","7","優衣（夏日）","0","122601","0","7","優衣（夏日）","0","0"
"0","3","122701","2022/12/17 16:00:00","0","【魔法】位於後衛，勤奮練習困難魔法的海邊優等生。\n可擊中隨機敵人的技能，其威力會因攻擊時留下的\n【蝴蝶貼紙】而增加，並降低其防禦力。","1.92","2030/12/31 15:00:00","122701","2","122701","812","0","0","450","0","7","鏡華（夏日）","0","122701","0","7","鏡華（夏日）","0","0"
"1","1","122801","2024/11/26 16:00:00","0","【物理】位於前衛，在敵後設置煙火的納涼搗蛋女孩。\n會用暈眩來牽制敵方最前衛，同時施展以最後方為中心的\nＵＢ來拉近窄範圍的敵人，並降低其ＴＰ，藉此阻斷攻勢。","2.295","2030/12/31 15:00:00","122801","1","122801","237","0","0","450","0","1","禊（夏日）","0","122801","0","1","禊（夏日）","0","0"
"1","3","122901","2025/12/23 16:00:00","0","【物理】位於中衛，帶著巨大氣球蹦蹦跳跳的夏日\n小兔兔女孩。可使用ＵＢ和技能對所有複數目標造成追加傷害，\n並運用自我強化和降低防禦力的效果來突破強敵。","2.25","2026/01/01 15:59:59","122901","1","122901","361","0","0","450","0","5","美美（夏日）","0","122901","0","5","美美（夏日）","0","0"
"1","3","123001","2026/07/01 16:00:00","0","【魔法】位於後衛，以嶄新姿態支援騎士冒險的妖精。\n會以傷害降低、提升防禦力、無效護盾等保護我方，\n以護盾為起點支援攻擊力與ＴＰ來轉變攻勢。","2.27","2026/07/04 15:59:59","123001","2","123001","746","0","0","450","0","44","愛梅斯","0","123001","0","44","愛梅斯","0","0"
"0","3","123101","2023/01/05 16:00:00","0","【魔法】位於後衛與玩偶們一起挑戰大冒險的真步隊員。\n施加在我方身上的【軟綿綿羊毛】會在受到傷害時被消耗\n以恢復ＴＰ，以一氣呵成的反擊開闢生路。","1.795","2030/12/31 15:00:00","123101","2","123101","793","0","0","450","0","7","真步（探險家）","0","123101","0","7","真步（探險家）","0","0"
"0","3","123201","2023/01/17 16:00:00","0","【物理】位於前衛，與搭檔一同克服困難\n奮勇前進的綾音隊員。\n以兩個範圍攻擊一口氣逮住敵群，提升周圍我方的\n物理攻擊力與暴擊以擊垮阻礙冒險之牆。","1.425","2030/12/31 15:00:00","123201","1","123201","256","0","0","450","0","3","綾音（探險家）","0","123201","0","3","綾音（探險家）","0","0"
"1","3","123301","2026/06/18 16:00:00","0","【物理】位於中衛散佈黏液的黃色史萊姆女孩。\n以技能降低敵方全體的物理攻擊能力與ＴＰ上升，\n以ＵＢ變身為史萊姆攻擊所有敵人並獲得無敵的身軀。","1.62","2026/07/01 15:59:59","123301","1","123301","350","0","0","450","0","0","涅婭","0","123301","0","1","涅婭","0","0"
"0","3","123401","2015/04/01 15:00:00","0","","0","2030/12/31 15:00:00","0","0","0","0","0","0","0","0","5","純（露營）","0","123401","0","5","純（露營）","0","0"
"1","1","123501","2025/01/26 16:00:00","0","【物理】位於中衛以惡作劇玩弄敵人的恐怖殭屍女孩。\n對魔法攻擊力最高的敵人發動突襲，以ＴＰ減少、\n降低魔法攻擊力與暈眩等妨礙技能先發制人。","2.34","2030/12/31 15:00:00","123501","1","123501","583","0","0","450","0","6","鈴（萬聖節）","0","123501","0","6","鈴（萬聖節）","0","0"
"1","3","123601","2026/03/16 16:00:00","0","【物理】位於前衛，與同志合力共戰的夜巡劍士。\n使自身與物理攻擊力最高的１名我方角色攻擊力大幅\n提升，以飛快的劍技懲罰無禮之徒。","1.965","2026/04/01 15:59:59","123601","1","123601","262","0","0","450","0","4","智（萬聖節）","0","123601","0","4","智（萬聖節）","0","0"
"0","3","123701","2023/02/16 16:00:00","0","【魔法】位於後衛，卯足全力\n進行御宅活動的萬聖節魔法少女。\n降低ＨＰ恢復量以打亂敵方戰略，依照傷害領域\n與目標多寡增加火傷的威力，以狂熱的火焰包覆敵人。","2.07","2030/12/31 15:00:00","123701","2","123701","741","0","0","450","0","21","七七香（萬聖節）","0","123701","0","7","七七香（萬聖節）","0","0"
"1","3","123801","2026/03/04 16:00:00","0","【物理】位於前衛，以兔子模樣在戰場蹦蹦跳跳的\n誓約女君。會運用迴避所有物理攻擊的技能及攻擊力強化\n來單身闖入敵陣，並用ＵＢ的範圍攻擊從內側將敵人擊潰。","2.295","2026/03/16 15:59:59","123801","1","123801","238","0","0","450","0","1","克莉絲提娜（狂野）","0","123801","0","1","克莉絲提娜（狂野）","0","0"
"0","3","123901","2023/03/19 16:00:00","0","【物理】位於前衛，身穿著母親製作的鎧甲，意氣昂揚的\n獸人族騎士。自身的ＨＰ越低，造成的傷害與無效護盾的\n耐久度就越高，除此之外還會運用降低防禦力及\n永續攻擊力提升來開闢生路。","2.125","2030/12/31 15:00:00","123901","1","123901","183","0","0","450","0","2","茉莉（狂野）","0","123901","0","2","茉莉（狂野）","0","0"
"1","3","124001","2026/04/22 16:00:00","0","【魔法】位於中衛，為迎來聖夜的城鎮帶來幸福的雙胞胎\n妹妹聖誕老人。除了能為我方全體附加效果會隨自身魔法\n攻擊力提升的攻擊力強化，還會用單體特大幅度傷害的\n魔法攻擊來演奏勝利的旋律。","2.07","2026/05/01 15:59:59","124001","2","124001","438","0","0","450","0","7","茜里（聖誕節）","0","124001","0","7","茜里（聖誕節）","0","0"
"1","1","124101","2025/03/26 16:00:00","0","【魔法】位於中衛，點亮燈光、傳遞幸福的雙胞胎姊姊\n聖誕老人。會為距離最近的一名角色提升魔法攻擊力及\n行動速度，並恢復其ＴＰ，除此之外還會用支援所有人的\n技能來點綴聖夜的勝利。","1.965","2030/12/31 15:00:00","124101","2","124101","433","0","0","450","0","6","依里（聖誕節）","0","124101","0","6","依里（聖誕節）","0","0"
"0","3","124201","2023/04/26 16:00:00","0","【物理】在前方庇護夥伴並給予祝福的聖白騎士團長。\n使用技能強化後方夥伴的攻擊能力並恢復其ＴＰ，\n透過降低敵人防禦力及恢復自身ＨＰ的ＵＢ以掌握勝算。","2.07","2030/12/31 15:00:00","124201","1","124201","144","0","0","450","0","5","純（聖誕節）","0","124201","0","5","純（聖誕節）","0","0"
"1","3","124301","2015/04/01 15:00:00","0","","0","2030/12/31 15:00:00","0","0","0","577","1","0","0","0","0","安（安＆古蕾婭）","0","124301","0","0","安（安＆古蕾婭）","0","181001"
"1","3","124401","2015/04/01 15:00:00","0","","0","2030/12/31 15:00:00","0","0","0","577","1","0","0","0","0","古蕾婭（安＆古蕾婭）","0","124401","0","0","古蕾婭（安＆古蕾婭）","0","181001"
"1","3","124501","2026/05/16 16:00:00","0","【魔法】位於後衛，用笑容隱藏魔力並盛裝打扮的龍之首\n領。強化自身攻擊並恢復ＴＰ，而ＵＢ使出的曙光之淚\n將根據敵方數量增加威力及防禦力減少值，驅除所有災厄。","2.07","2026/06/01 15:59:59","124501","2","124501","707","0","0","450","0","21","帆稀（新年）","0","124501","0","7","帆稀（新年）","0","0"
"1","3","124601","2026/05/16 16:00:00","0","【魔法】位於後衛以層層真心對待夥伴、女接待員之姿的\n老師。以所有技能提升夥伴的物理攻擊力及暴擊能力，\n透過支援魔防和ＴＰ以及恢復ＨＰ和ＴＰ來祈求萬福。","2.44","2026/06/01 15:59:59","124601","2","124601","698","0","0","450","0","21","美里（新年）","0","124601","0","7","美里（新年）","0","0"
"1","1","124701","2023/05/01 16:00:00","0","【物理】位於中衛，身著振袖出手協助旅館的獨眼密醫。\n攻擊朦朧狀態的敵人時，技能的傷害及防禦力的下降值\n將提升，以妖豔姿態打倒被紫色煙霧籠罩的敵人。","2.24","2030/12/31 15:00:00","124701","1","124701","590","0","0","450","0","46","深月（新年）","0","124701","0","7","深月（新年）","0","0"
"1","3","124801","2026/06/01 16:00:00","0","【物理】位於中衛，相信未來並點亮希望的頂尖偶像。\n戰鬥開始時加強物理角色的ＴＰ特大幅度恢復以及敵人的\n永續物防下降值，透過強化物理攻擊和ＴＰ恢復來致勝。","2.14","2026/06/11 15:59:59","124801","1","124801","423","0","0","450","0","0","望（解放者）","0","124801","0","4","望（解放者）","0","0"
"1","1","124901","2025/05/26 16:00:00","0","【物理】在前方打頭陣掌握未來的打手龍人族。\n首次使用大幅強化技能時大幅提升自身攻擊力和ＴＰ，\n以威力增幅的ＵＢ先發制人、掃蕩成群的敵人。","1.965","2030/12/31 15:00:00","124901","1","124901","170","0","0","450","0","0","嘉夜（解放者）","0","124901","0","1","嘉夜（解放者）","0","0"
"1","3","125001","2026/06/01 16:00:00","0","【物理】位於前衛，和搭檔一起邁向明天的大壞蛋少女。\n運用自我強化和降低物防的矛依未，與ＵＢ後有\n一定時間一起戰鬥的尾狗刀共同追擊，奪回燦爛的未來。","1.965","2026/06/11 15:59:59","125001","1","125001","221","0","0","450","0","0","矛依未（解放者）","0","125001","0","5","矛依未（解放者）","0","0"
"0","3","125101","2023/07/05 16:00:00","0","【物理】位於後衛，治癒並款待客人的貓咖啡店員貓娘。\n在物攻高的角色旁邊能提升周圍的物攻與恢復ＨＰ與\nＴＰ，並以周圍的我方人數強化攻擊，橫掃敵人。","2.24","2030/12/31 15:00:00","125101","1","125101","825","0","0","450","0","47","珠希（咖啡廳）","0","125101","0","8","珠希（咖啡廳）","0","0"
"0","3","125201","2023/07/12 16:00:00","0","【物理】位於中衛，款待懷舊點心散播福氣的貓咖啡店員。\n能在受到３次攻擊前極大幅度提升我方全體物理攻擊力，\n並透過２種降低物防的技能在初期迅速提供支援。\n","1.965","2030/12/31 15:00:00","125201","1","125201","463","0","0","450","0","4","莫妮卡（咖啡廳）","0","125201","0","4","莫妮卡（咖啡廳）","0","0"
"1","3","125301","2026/08/01 16:00:00","0","【物理】位於後衛，伴隨汪汪的新綠遊俠少女。\n透過根據自身攻擊力強化的物理攻擊支援技能、持續恢復\nＨＰ、以及護盾支援周遭，引領大家邁向羈絆的勝利。","2.07","2026/08/16 15:59:59","125301","1","125301","752","0","0","450","0","6","可可蘿（遊俠）","0","125301","0","6","可可蘿（遊俠）","0","0"
"0","3","125401","2023/08/12 16:00:00","0","【物理】位於後衛，與夥伴一同奔馳於山中的新手遊俠。\n能以技能提高自己的攻擊力以及暴擊時的傷害，\n恢復ＴＰ，並降低敵人的傷害與防禦力，將之逼入絕境。","2.09","2030/12/31 15:00:00","125401","1","125401","710","0","0","450","0","8","栞（遊俠）","0","125401","0","8","栞（遊俠）","0","0"
"1","3","125501","2024/09/11 16:00:00","0","【魔法】位於中衛，與其他施法者一同凝聚魔力的究極\n魔導士。除了支援我方魔法攻擊與回復ＴＰ，亦能削弱\n敵陣的攻守調整戰況，自己也會施放強大的攻擊魔法。","1.92","2024/09/16 15:59:59","125501","2","125501","443","0","0","450","0","50","吉塔（術士）","0","125501","0","7","吉塔（術士）","0","0"
"1","3","125601","2024/09/11 16:00:00","0","【物理】位於前衛，送上夢、希望與鼠耳的鼠神宮巫女。\n能支援周圍夥伴的物理攻擊，回復ＴＰ並提升上升量，\n且使自身無敵化以乘隙攻擊敵人，用銳利金牙給予一擊。","2.09","2024/09/16 15:59:59","125601","1","125601","267","0","0","450","0","0","碧卡拉","0","125601","0","51","碧卡拉","0","0"
"1","1","125701","2025/08/26 16:00:00","0","【魔法】位於中衛，探究森羅萬象並支援夥伴的鍊金術師。\n無論敵人的屬性為物理還是魔法，都能將其弱化，並能\n強化夥伴，以技能高頻率地恢復ＨＰ，建立穩固的戰局。","2.24","2030/12/31 15:00:00","125701","2","125701","579","0","0","450","0","9","花凜（鍊金術師）","0","125701","0","7","花凜（鍊金術師）","0","0"
"0","3","125801","2023/08/19 16:00:00","0","【物理】位於中衛，手持嘆鐮以黑羽之力掌控天空的少女。\n在戰鬥開始時，會進入【飛行】狀態以躲避敵人的範圍\n攻擊，並與產生的闇影一起，一擊斬殺眼前的敵人。","2.09","2030/12/31 15:00:00","125801","1","125801","464","0","0","450","0","0","莉莉（墮落）","0","125801","0","3","莉莉（墮落）","0","0"
"1","3","125901","2015/04/01 15:00:00","0","","0","2030/12/31 15:00:00","0","0","0","0","0","0","0","0","1","嘉夜（解放者）","0","125901","0","1","嘉夜（解放者）","0","0"
"0","3","126001","2024/03/05 16:00:00","0","【物理】從中衛以自身為盾守護我方的隱棘少女。\n戰鬥開始時會進入【飛行】狀態，保護ＨＰ最低的我方，\n並隨著我方的ＨＰ強化技能來牽制敵人。","2.09","2030/12/31 15:00:00","126001","1","126001","406","0","0","450","0","0","可璃亞（墮落）","0","126001","0","0","可璃亞（墮落）","0","0"
"0","3","126101","2024/03/20 16:00:00","0","【魔法】位於中衛，以自己的步調協助同伴的破杖少女。\n以【飛行】狀態，用強化暴擊與恢復ＨＰ、ＴＰ支援我方，\n並以加上魔法攻擊力的物理攻擊將敵人一口氣打倒。","2.09","2030/12/31 15:00:00","126101","2","126101","480","0","0","450","0","53","普蕾西亞（墮落）","0","126101","0","44","普蕾西亞（墮落）","0","0"
"1","3","126201","2025/10/11 16:00:00","0","【魔法】位於中衛，與眷屬立下永恆血盟的月下吸血鬼。\n以ＵＢ召喚兩隻眷屬，透過支援攻擊與行動速度上升\n強化我方，與眷屬一起發動猛攻，討伐阻擋在前的敵人。","2.09","2025/10/21 15:59:59","126201","2","126201","568","0","0","450","0","3","伊莉亞（祭服）","0","126201","0","3","伊莉亞（祭服）","0","0"
"0","3","126301","2023/10/17 16:00:00","0","【魔法】位於中衛，身穿暗色調祭服的「統御美麗之人」。\n受到能力提升的效果時，會增幅【美貌】，強化釋放\n降低敵方魔法攻擊力、強化我方與恢復ＴＰ等效果。","2.07","2030/12/31 15:00:00","126301","2","126301","456","0","0","450","0","9","雪（祭服）","0","126301","0","7","雪（祭服）","0","0"
"1","3","126401","2026/07/01 16:00:00","0","【物理】位於中衛，射出可拆卸鐵腕的機械人族機器女孩。\n發動ＵＢ時，會進入【蓄電滿載】狀態，直到【電池】\n耗盡前，連續施展強化技能，高速碾碎周遭一帶。","2.09","2026/07/04 15:59:59","126401","1","126401","373","0","0","450","0","1","克蘿茜","0","126401","0","1","克蘿茜","0","0"
"1","3","126501","2026/07/01 16:00:00","0","【魔法】位於後衛，展露優雅微笑的吉歐‧提格尼亞公主。\n利用戰鬥開始時發動的【界雷】持續影響敵我雙方，\n會以能降低魔法防禦及強力的傷害技能下達制裁。","1.965","2026/07/04 15:59:59","126501","2","126501","740","0","0","450","0","0","萊拉耶爾","0","126501","0","7","萊拉耶爾","0","0"
"1","3","126601","2025/12/11 16:00:00","0","【魔法】位於後衛，涼爽微笑的夏日裝扮「變貌大妃」。\n能透過技能大幅強化我方，複製魔法攻擊力最高的\n我方角色魔法攻擊力，以其攻擊力施放強力ＵＢ。","2.04","2025/12/16 15:59:59","126601","2","126601","650","0","0","450","0","7","似似花（夏日）","0","126601","0","7","似似花（夏日）","0","0"
"1","1","126701","2023/11/01 16:00:00","0","【物理】位於前衛，於晚霞映照下優雅度過假期的大小姐。\n敵方使用魔法攻擊時，能透過效果大幅上升的兩種\n範圍攻擊與支援攻守兩方的技能，高奏盛夏的凱歌。","1.965","2030/12/31 15:00:00","126701","1","126701","224","0","0","450","0","5","秋乃（夏日）","0","126701","0","5","秋乃（夏日）","0","0"
"0","3","126801","2023/11/16 16:00:00","0","【物理】位於前衛，喜愛夏日麥酒，沙灘上的前聖騎士。\n給予敵方單體傷害的同時，能對周圍的我方施加\n魔法無效護盾與提升魔防，鞏固防線，乘上勝利的浪潮。","1.97","2030/12/31 15:00:00","126801","1","126801","159","0","0","450","0","5","優花梨（夏日）","0","126801","0","5","優花梨（夏日）","0","0"
"1","3","126901","2025/12/23 16:00:00","0","【魔法】位於後衛，側耳傾聽寂靜海潮聲的夕陽歌姬。\n以極大幅度提升魔法暴擊率為首，於攻守兩方面\n強化周圍的我方，同時自身也以UB擊退多數敵人。","1.965","2026/01/01 15:59:59","126901","2","126901","682","0","0","450","0","21","蘭法（夏日）","0","126901","0","7","蘭法（夏日）","0","0"
"1","1","127001","2025/11/26 16:00:00","0","【物理】位於前衛，追求新刺激的泳裝被虐狂女孩。\n持有自身HP越低，效果量就越增加的技能，並藉著提升\n技能的物理攻擊力和UB的傷害，躍入勝利的大海。","1.97","2030/12/31 15:00:00","127001","1","127001","133","0","0","450","0","52","空花（夏日）","0","127001","0","2","空花（夏日）","0","0"
"1","3","127101","2025/12/23 16:00:00","0","【物理】位於前衛，飄盪於平靜水面上的夜光靈能少女。\n召喚出來的老爸會吸引敵人的攻擊，忍則藉由強化\n自身的攻擊性能並降低防禦，將敵人誘入冥海。","2.09","2026/01/01 15:59:59","127101","1","127101","255","0","0","450","0","46","忍（夏日）","0","127101","0","5","忍（夏日）","0","0"
"1","3","127201","2026/01/17 16:00:00","0","【魔法】位於後衛，身穿制服、滿心期待的青春貓女。\n除了支援攻守兩方面外，更能以提升行動速度和恢復TP\n支援我方，並以UB攻擊距離最遠的敵人取得耀眼勝利。","2.09","2026/02/01 15:59:59","127201","2","127201","804","0","0","450","0","7","凱留（插班生）","0","127201","0","7","凱留（插班生）","0","0"
"0","3","127301","2024/01/17 16:00:00","0","【物理】位於後衛，完美駕馭超可愛制服的超級名模。\n能藉由暴擊時會強化我方的技能，\n以及暴擊時產生追加傷害的UB，框住青春的一頁。","2.09","2030/12/31 15:00:00","127301","1","127301","750","0","0","450","0","8","鈴奈（插班生）","0","127301","0","8","鈴奈（插班生）","0","0"
"1","3","127401","2023/09/01 16:00:00","0","","0","2030/12/31 15:00:00","0","0","0","0","0","0","0","0","1","碧卡拉（合作）","0","127401","0","1","碧卡拉（合作）","0","0"
"1","3","127501","2026/06/01 16:00:00","0","【物理】位於中衛，優美地與火焰共舞，熱情的咲戀媽媽。\n保護我方躲避物理攻擊，並隨著【炎舞的烙印】的數量\n提升物攻與恢復ＴＰ，鼓舞大家的士氣。","2.09","2026/06/11 15:59:59","127501","1","127501","304","0","0","450","0","4","咲戀（薩拉薩利亞）","0","127501","0","4","咲戀（薩拉薩利亞）","0","0"
"0","3","127601","2024/02/13 16:00:00","0","【物理】位於前衛，乘坐飛天絨毯巡遊綠洲的大姐頭。\n以技能大幅度提升自己的物防並挑釁敵人，再加上\n降低敵人ＴＰ與ＴＰ上升量的ＵＢ，爽朗地拿下勝利。","1.965","2030/12/31 15:00:00","127601","1","127601","157","0","0","450","0","4","流夏（薩拉薩利亞）","0","127601","0","4","流夏（薩拉薩利亞）","0","0"
"0","3","127701","2025/02/10 16:00:00","0","【魔法】位於後衛，為女僕工作四處奔走的龍人族雙胞胎姊姊。\nＵＢ的領域展開時能再次發動攻擊、防禦、ＴＰ恢復等\n多樣的支援技能效果來無微不至地支援我方。","1.965","2030/12/31 15:00:00","127701","2","127701","693","0","0","450","0","48","琳德","0","127701","0","6","琳德","0","0"
"0","3","127801","2025/02/17 16:00:00","0","【魔法】位於後衛，會邊抱怨邊工作的龍人族雙胞胎妹妹。\n擁有可兼顧傷害與降低魔法防禦力的技能，\n但一沒看著就會敗給【偷懶的誘惑】而鬆懈。","1.965","2030/12/31 15:00:00","127801","2","127801","706","0","0","450","0","47","烏爾姆","0","127801","0","7","烏爾姆","0","0"
"1","3","127901","2026/04/22 16:00:00","0","【魔法】在中衛帶給大家笑容的貪吃聖誕公主。\n於前線抵擋敵人的攻擊，並支援範圍內我方的防禦，\n甚至能降低敵人的防禦，為聖夜點燃勝利的光輝。","1.965","2026/05/01 15:59:59","127901","2","127901","372","0","0","450","0","5","貪吃佩可（聖誕節）","0","127901","0","5","貪吃佩可（聖誕節）","0","0"
"0","3","128001","2024/04/16 16:00:00","0","【物理】位於後衛，享受甜美時光的聖誕夜女商人。\n能恢復距離最遠的我方ＴＰ，且初次攻擊還帶有追加效果，\n能以此同時弱化敵人並強化我方，整頓出勝利的舞台。","2.09","2030/12/31 15:00:00","128001","1","128001","723","0","0","450","0","35","克蕾琪塔（聖誕節）","0","128001","0","35","克蕾琪塔（聖誕節）","0","0"
"1","3","128101","2015/04/01 15:00:00","0","","0","2030/12/31 15:00:00","0","0","0","580","1","0","0","0","0","靜流（靜流＆璃乃）","0","128101","0","0","靜流（靜流＆璃乃）","0","181101"
"1","3","128201","2015/04/01 15:00:00","0","","0","2030/12/31 15:00:00","0","0","0","580","1","0","0","0","0","璃乃（靜流＆璃乃）","0","128201","0","0","璃乃（靜流＆璃乃）","0","181101"
"1","1","128301","2026/05/26 16:00:00","0","【物理】位於前衛，會捉弄敵人且得意忘形的年神龍人。\n能挑釁敵方全體，反擊敵人的妨礙技能，\n並使出讓前方全體敵人暈眩的技能來擾亂戰局。","2.09","2030/12/31 15:00:00","128301","1","128301","191","0","0","450","0","38","祈梨（新年）","0","128301","0","3","祈梨（新年）","0","0"
"1","3","128401","2026/05/16 16:00:00","0","【魔法】位於後衛，伴隨著特別景色的初夢超能力少女。\n當敵人進行物理攻擊時，會強化自身攻擊性能，\n並追加數次弱化效果，能同時支援我方的攻守，掃蕩敵人。","2.09","2026/06/01 15:59:59","128401","2","128401","801","0","0","450","0","21","初音（新年）","0","128401","0","7","初音（新年）","0","0"
"1","3","128501","2026/05/16 16:00:00","0","【魔法】位於後衛，為繪馬上祕密心願祈禱的新年名偵探。\n能以依據敵我方數量提升效果量的技能支援傷害和攻擊力，\n還能靈活運用兩種恢復技能來祈禱勝利。","2.09","2026/06/01 15:59:59","128501","2","128501","739","0","0","450","0","21","霞（新年）","0","128501","0","7","霞（新年）","0","0"
"1","3","128601","2015/04/01 15:00:00","0","","0","2030/12/31 15:00:00","0","0","0","0","0","0","0","0","1","莉莉（墮落）","0","128601","0","1","莉莉（墮落）","0","0"
"1","3","128701","2026/06/01 16:00:00","0","【物理】位於前衛，煌炎附體並散播希望的覺醒元氣少女。\n施放火炎弱化敵人的攻守兩面，同時鼓舞我方。\n利用兩種ＴＰ恢復效果進行連續攻勢，呼喚勝利。","2.09","2026/06/11 15:59:59","128701","1","128701","226","0","0","450","0","0","日和（星素）","0","128701","0","1","日和（星素）","0","0"
"1","1","128801","2025/12/26 16:00:00","0","【物理】位於前衛，身纏旋風奔向未來的覺醒劍士。\n以眼力無法捕捉的劍技擊飛敵人，並使其暈眩。\n運用鞏固夥伴防線的技能開闢邁向勝利之路。","1.965","2030/12/31 15:00:00","128801","1","128801","194","0","0","450","0","0","怜（星素）","0","128801","0","4","怜（星素）","0","0"
"1","3","128901","2026/06/01 16:00:00","0","【魔法】位於後衛，化心願為力量施放極光的覺醒魔法士。\n強化自身的同時不斷用高火力魔法猛烈攻擊，\n並以護盾為起點對我方施展支援攻擊技能，獲得勝利。","2.09","2026/06/11 15:59:59","128901","2","128901","772","0","0","450","0","0","優衣（星素）","0","128901","0","7","優衣（星素）","0","0"
"1","3","129001","2026/07/01 16:00:00","0","【魔法】位於後衛，從沉睡中甦醒，豔麗盛開的黑薔薇。\n透過超越終焉的【回歸的薔薇】與提升行動速度為首的\n多種攻防支援強化我方，掌握嶄新的未來。","2.09","2026/07/04 15:59:59","129001","2","129001","800","0","0","450","0","0","厄莉絲","0","129001","0","7","厄莉絲","0","0"
"1","3","129301","2026/07/17 16:00:00","0","【物理】位於後衛，於頹廢冬季水邊耽溺學習的才女。\n透過強化物理攻擊、恢復ＨＰ、提升行動速度支援我方，\n並且為了死守透過ＵＢ獲得的【水際的安寧】而投入體力勞動。","2.09","2026/08/01 15:59:59","129301","1","129301","708","0","0","450","0","7","優妮（冬日）","0","129301","0","7","優妮（冬日）","0","0"
"0","3","129401","2024/07/19 16:00:00","0","【物理】位於前衛，映於水面的神速冷淡系泳裝女孩。\n依據每當攻擊擊中時賦予敵人的【水月】數量，\n提升傷害與物理防禦下降的幅度，劃出必勝的泳技。","2.09","2030/12/31 15:00:00","129401","1","129401","188","0","0","450","0","2","克蘿依（冬日）","0","129401","0","2","克蘿依（冬日）","0","0"
"1","3","129501","2026/04/01 16:00:00","0","【物理】位於前衛，切嚕地切嚕嚕的泳裝琪愛兒。\n將能力提升時能夠累積的【切嚕】，轉換強化自身火力\n或支援能力，將寒冬的盛夏給切嚕哩啵叭嗶？","2.09","2026/04/16 15:59:59","129501","1","129501","247","0","0","450","0","1","琪愛兒（冬日）","0","129501","0","1","琪愛兒（冬日）","0","0"
"1","3","129601","2026/07/01 16:00:00","0","【物理】位於中衛佈下伶俐麗花之陣的吸血妖花妖魔人。\n降低敵人的攻擊力、防禦力及造成的傷害，吸收其ＴＰ，\n並使用ＵＢ的持續傷害來不斷阻擋擊退侵入領域的敵人。","2.09","2026/07/04 15:59:59","129601","1","129601","550","0","0","450","0","0","安涅默涅","0","129601","0","0","安涅默涅","0","0"
"1","3","129701","2026/07/01 16:00:00","0","【物理】位於中衛，凌駕於萬魔之巔的吉歐‧格黑納皇女。\n能發動環境效果【妨魔塵】阻礙魔法攻擊，提升\n行動速度等支援或猛烈的攻擊，讓魯莽的無禮之人屈服。","2.09","2026/07/04 15:59:59","129701","1","129701","540","0","0","450","0","0","涅妃‧涅羅","0","129701","0","0","涅妃‧涅羅","0","0"
"1","3","129801","2026/08/01 16:00:00","0","【物理】位於前衛，以人情與熱情統帥夥伴的狼女指揮官。\n在削弱敵人攻防的同時，利用恢復自身ＴＰ和在目標\n物理防禦力下降狀態時觸發的追擊，發起猛攻突破前線。","2.09","2026/08/16 15:59:59","129801","1","129801","269","0","0","450","0","5","真琴（指揮官）","0","129801","0","5","真琴（指揮官）","0","0"
"0","3","129901","2024/08/16 16:00:00","0","【物理】位於前衛，用嚴厲教導率領我方的狂戀教官。\n除了恢復ＴＰ及支援防禦外，還能提供依照我方人數提升\n效果的支援攻擊與大幅度傷害，鼓舞我方全體擊敗敵人。","1.84","2030/12/31 15:00:00","129901","1","129901","294","0","0","450","0","48","惠理子（指揮官）","0","129901","0","6","惠理子（指揮官）","0","0"
"1","3","130001","2026/03/04 16:00:00","0","【物理】位於前衛，大膽追求刺激的盜賊公會長女。\n會在最前線拚命，並消耗獲得的【蠻賊骰子】\n大幅強化自己，壓制烏合之眾。","2.09","2026/03/16 15:59:59","130001","1","130001","150","0","0","450","0","0","倭","0","130001","0","4","倭","0","0"
"1","3","130101","2026/03/04 16:00:00","0","【物理】位於中衛，常常抽到壞籤的盜賊公會次女。\n召喚來的刺蝟墊木會站上前線保護若菜，而她自身\n會從攻擊支援到恢復ＨＰ和ＴＰ，在各方面無私地支持我方。","2.09","2026/03/16 15:59:59","130101","1","130101","535","0","0","450","0","9","若菜","0","130101","0","7","若菜","0","0"
"1","3","130201","2026/03/04 16:00:00","0","【物理】位於中衛，囂張且極其聰明的盜賊公會三女。\n靠著【夥伴護盾♡】讓夥伴承受自身所受的傷害，\nＨＰ最大值時能透過傷害提升的範圍攻擊蹂躪敵人。","1.84","2026/03/16 15:59:59","130201","1","130201","371","0","0","450","0","0","布武機","0","130201","0","5","布武機","0","0"
"1","3","130601","2015/04/01 15:00:00","0","","0","2030/12/31 15:00:00","0","0","0","0","0","0","0","0","1","怜（星素）","0","130601","0","4","怜（星素）","0","0"
"1","3","130701","2025/09/04 16:00:00","0","【魔法】位於中衛，身著花祭禮服帶給花田春天的優等生。\n利用依照技能發動次數有效率地強化自身能力，\n與暴擊時有追加效果的技能及ＵＢ吹起勝利之風。","1.92","2025/09/16 15:59:59","130701","2","130701","563","0","0","450","0","7","鏡華（春日）","0","130701","0","7","鏡華（春日）","0","0"
"0","3","130801","2024/09/16 16:00:00","0","【魔法】位於中衛，以春天點綴花祭禮服的冒失女僕。\n對範圍內的敵人造成傷害的同時，活用擁有多種弱化效果\n的技能及ＵＢ，安穩的掌握勝利。","1.84","2030/12/31 15:00:00","130801","2","130801","558","0","0","450","0","7","鈴莓（春日）","0","130801","0","7","鈴莓（春日）","0","0"
"0","3","130901","2024/10/16 16:00:00","0","【魔法】位於中衛，邀人進入夢想世界的寶石兔族經理。\n每當受到能力提升的效果時，會增加【卡巴邦】\n並反射性地報答我方的支援攻擊。","2.09","2030/12/31 15:00:00","130901","2","130901","440","0","0","450","0","7","庫露露","0","130901","0","7","庫露露","0","0"
"1","3","131001","2025/10/11 16:00:00","0","【魔法】位於後衛，在馬戲團舞台上閃閃發光的童話少女。\n除了支援我方攻防、削弱敵方攻防之外，\n擁有【謝幕】時會以追加傷害技能點亮勝利的聚光燈。","1.84","2025/10/21 15:59:59","131001","2","131001","702","0","0","450","0","7","真步（夢想樂園）","0","131001","0","7","真步（夢想樂園）","0","0"
"0","3","131101","2024/11/01 16:00:00","0","【物理】位於前衛，穿著泳裝尋找擁抱機會的史萊姆辣妹。\n自動將【黏稠】附著在發動攻擊的敵人身上，\n造成攻擊力降低、傷害和束縛等多重效果。","2.09","2030/12/31 15:00:00","131101","1","131101","165","0","0","450","0","52","涅婭（夏日）","0","131101","0","2","涅婭（夏日）","0","0"
"1","3","131201","2025/11/11 16:00:00","0","【魔法】位於後衛，在盛夏做點好事的活潑泳裝少女★\n蓄力【PSI★風暴】，使用連續攻擊殲滅敵人，\n透過ＴＰ恢復和護盾嚴密地支援我方。","2.09","2025/11/24 15:59:59","131201","2","131201","753","0","0","450","0","54","美空（夏日）","0","131201","0","54","美空（夏日）","0","0"
"1","3","131301","2015/04/01 15:00:00","0","","0","2030/12/31 15:00:00","0","0","0","0","1","0","0","0","1","莉莉","0","131301","0","1","莉莉","0","0"
"1","3","131401","2015/04/01 15:00:00","0","","0","2030/12/31 15:00:00","0","0","0","0","1","0","0","0","1","可璃亞","0","131401","0","1","可璃亞","0","0"
"1","3","131501","2015/04/01 15:00:00","0","","0","2030/12/31 15:00:00","0","0","0","0","1","0","0","0","1","普蕾西亞","0","131501","0","1","普蕾西亞","0","0"
"1","3","131601","2025/11/11 16:00:00","0","【物理】位於中衛，在夏日陽光下鑽研的妹系大和撫子。\n除了提升防禦力之外，透過護盾或ＨＰ恢復來鞏固我方防線，\n並巧妙地操縱ＴＰ恢復和攻擊力降低來支配戰場。","1.92","2025/11/24 15:59:59","131601","1","131601","399","0","0","450","0","4","莉莉（夏日）","0","131601","0","4","莉莉（夏日）","0","0"
"1","3","131701","2025/12/11 16:00:00","0","【魔法】位於後衛，降臨於黃昏水面上的泳裝妖精。\n施展以行動速度提升與ＴＰ輔助為首的許多支援，\n並以ＵＢ的弱化攻防清爽地引導隊伍邁向勝利。","1.92","2025/12/16 15:59:59","131701","2","131701","743","0","0","450","0","53","愛梅斯（夏日）","0","131701","0","44","愛梅斯（夏日）","0","0"
"0","3","131801","2024/12/16 16:00:00","0","【魔法】位於後衛，在夏季清涼中休養身心的泳裝龍首領。\n除了弱化攻防之外，每次賦予能力降低，\n都能根據【日食】數量造成傷害，將所有反抗者化為塵土。","2.09","2030/12/31 15:00:00","131801","2","131801","709","0","0","450","0","21","帆稀（夏日）","0","131801","0","7","帆稀（夏日）","0","0"
"1","1","131901","2025/01/01 16:00:00","0","【魔法】位於後衛，與帕克一同奮戰的盛夏半妖精。\n以製造冰壁的技能，與賦予降低速度\n並造成強力傷害的必殺技，來阻止敵人的進攻。","2.09","2030/12/31 15:00:00","131901","2","131901","725","1","0","450","1","23","愛蜜莉雅（夏日）","0","131901","0","7","愛蜜莉雅（夏日）","0","0"
"1","3","132001","2026/02/10 16:00:00","0","【魔法】位於後衛，與未知世界邂逅感到興奮的強欲的魔女。\n以鮮明的攻擊魔法為首，從對我方的攻擊支援、\n弱化敵方到復活自己，使用各種魔法來滿足自己的慾望。","2.09","2026/02/22 15:59:59","132001","2","132001","775","0","0","450","1","21","艾姬多娜（夏日）","0","132001","0","7","艾姬多娜（夏日）","0","0"
"1","3","132101","2026/02/10 16:00:00","0","【物理】位於前衛，在夏季陽光中享受閒暇的雙胞胎妹妹。\n除了以ＵＢ解放鬼族力量的攻守兩方面之外，\n還能提升HP吸收，任憑【狂騷】制服眼前的所有一切。","2.09","2026/02/22 15:59:59","132101","1","132101","146","0","0","450","1","24","雷姆（夏日）","0","132101","0","13","雷姆（夏日）","0","0"
"1","3","132201","2026/02/22 16:00:00","0","【魔法】位於前衛，鍊成希望的鍊金術師偶像。\n以【鍊金素材】創造【香水】，除了傷害之外，還能提升\nＴＰ恢復與攻擊支援能力，為隊伍帶來勝利的香氣。","1.84","2026/03/01 15:59:59","132201","2","132201","721","0","0","450","0","7","望（鍊金術師）","0","132201","0","7","望（鍊金術師）","0","0"
"1","3","132301","2026/04/01 16:00:00","0","【魔法】位於後衛，蘊藏深不可測智慧的天才鍊金術師。\n能施加調和狀態讓我方以較高防禦力承受傷害，\n並以最多提升性能２次的ＵＢ，使妄想爆炸。","2.09","2026/04/16 15:59:59","132301","2","132301","754","0","0","450","0","7","露易絲瑪莉","0","132301","0","7","露易絲瑪莉","0","0"
"0","3","132401","2025/10/21 16:00:00","0","【物理】位於中衛，以高大身體純真無邪玩耍的天才劍士。\n在戰鬥中累積【劍壓】，之後用技能與ＵＢ會連續發動\n無視一定程度物防的傷害，展現出才華洋溢的活躍。","2.09","2030/12/31 15:00:00","132401","1","132401","501","0","0","450","0","0","彩羽","0","132401","0","5","彩羽","0","0"
"0","3","132501","2025/09/16 16:00:00","0","【魔法】位於後衛，嬌小卻應對成熟的鍊金堂節能店長。\n能賦予強大的弱化效果，等每次施加減益所增加的\n【虛脫】累積到80，就會認真起來嚴守時間並奮戰到底。","2.09","2030/12/31 15:00:00","132501","2","132501","636","0","0","450","0","23","苑","0","132501","0","7","苑","0","0"
"1","3","132801","2026/04/01 16:00:00","0","【魔法】位於後衛，以黑衣包覆雪白肌膚的甜美公主。\n以我方角色的ＨＰ為代價展開強力的護盾，並以護盾\n為起點施展高威力的二連擊，點亮聖誕夜的大樹。","2.09","2026/04/16 15:59:59","132801","2","132801","750","0","0","450","0","0","萊拉耶爾（聖誕節）","0","132801","0","7","萊拉耶爾（聖誕節）","0","0"
"0","3","132901","2025/04/10 16:00:00","0","【魔法】位於後衛，於舒適沉睡之中來訪的聖誕夜惡魔。\n賦予魔法攻擊力最高的我方角色【惡魔的親吻】，\n施展支援攻擊和恢復ＴＰ，寸步不離地進行教導。","2.09","2030/12/31 15:00:00","132901","2","132901","748","0","0","450","0","46","伊緒（聖誕節）","0","132901","0","5","伊緒（聖誕節）","0","0"
"1","3","133001","2026/07/01 16:00:00","0","【物理】位於前衛，像在空中飛舞般戰鬥的幽靈守護騎士。\n用ＵＢ支援我方角色的攻擊及速度，並以【亡靈軀體】\n避開敵人的視線，施展出其不意的一擊使其陷入永眠。","2.09","2026/07/04 15:59:59","133001","1","133001","234","0","0","450","0","0","格蕾斯","0","133001","0","0","格蕾斯","0","0"
"1","3","133101","2026/07/01 16:00:00","0","【物理】於前衛脆弱卻凜然綻放的吉歐‧尼布爾黑爾公主。\n以能降低持續傷害效果的環境效果【忌火】為盾，\n以絕怠靈度的持續比例攻擊為矛，保護寂靜的冥府。","1.75","2026/07/04 15:59:59","133101","1","133101","154","0","0","450","0","0","薇歐莉特","0","133101","0","0","薇歐莉特","0","0"
"1","1","133201","2025/05/01 16:00:00","0","【物理】位於前衛，元旦也充滿活力地嬉鬧的軍人少女。\n用依照造成的傷害強化追加效果的ＵＢ，以及每次發動\n會成長的強化自身技能，來將擾亂秩序的人轉得頭暈眼花。","2.09","2030/12/31 15:00:00","133201","1","133201","296","1","0","450","0","22","莫妮卡（新年）","0","133201","0","4","莫妮卡（新年）","0","0"
"1","3","133501","2026/05/04 16:00:00","0","【魔法】於後衛，心意相通伴身旁的新年和服育幼院院長。\n對我方角色進行恢復ＴＰ支援，我方角色每次發動ＵＢ時\n會提升傷害的技能，一同度過難關。","2.09","2026/05/16 15:59:59","133501","2","133501","718","0","0","450","0","22","咲戀（新年）","0","133501","0","4","咲戀（新年）","0","0"
"1","3","133601","2026/05/04 16:00:00","0","【物理】位於中衛，與眷屬合力戰鬥，胸懷榮耀的蛇少女。\n用依照【魔眼】的數量提升效果量的技能傷害以及弱化，\n將範圍內敵人逼至絕境，再用銳利的眼瞳使其石化。","2.09","2026/05/16 15:59:59","133601","1","133601","445","0","0","450","0","0","梅杜莎","0","133601","0","0","梅杜莎","0","0"
"1","3","133701","2026/06/11 16:00:00","0","【魔法】位於後衛，將始源冠裝運用自如的「迷宮女王」。\n能夠創造增加我方水屬性角色ＴＰ上升的領域，\n並會以連射攻擊射穿敵方的防禦，讓敵人明白七冠的力量。","2.09","2026/06/18 15:59:59","133701","2","133701","717","0","0","450","0","0","拉比林斯達（始源）","0","133701","0","8","拉比林斯達（始源）","0","0"
"1","3","133801","2026/06/11 16:00:00","0","【魔法】位於後衛，以始源樣貌操控戰況的「變貌大妃」。\n能接受召喚出的格列戈爾提供的攻擊支援與ＴＰ恢復，\n並以結合雙方魔力的聯手攻擊穩坐於高雅的王座。","2.09","2026/06/18 15:59:59","133801","2","133801","759","0","0","450","0","0","似似花（始源）","0","133801","0","7","似似花（始源）","0","0"
"1","3","133901","2026/06/11 16:00:00","0","【物理】位於前衛，使用始源冠裝之力的「誓約女君」。\n在第10次行動時會大幅度提升攻擊力，並獲得能讓技能\n產生追擊效果的【虛數】，以隔絕之力將反抗的敵人消除。","2.09","2026/06/18 15:59:59","133901","1","133901","228","0","0","450","0","0","克莉絲提娜（始源）","0","133901","0","6","克莉絲提娜（始源）","0","0"
"1","3","134001","2026/07/01 16:00:00","0","【魔法】位於後衛，指引人至阿斯特朗冒險的嚮導小妖精。\n會以增益效果與護盾守護我方，並用以護盾起始的攻擊支\n援、對風屬性我方角色的行動速度與ＴＰ支援來支援夥伴。","2.09","2026/07/04 15:59:59","134001","2","134001","746","0","0","450","0","0","菲歐","0","134001","0","0","菲歐","0","0"
"1","3","134101","2015/04/01 15:00:00","0","","0","2030/12/31 15:00:00","0","0","0","0","0","0","0","0","1","布武機","0","134101","0","5","布武機","0","0"
"1","3","134201","2015/04/01 15:00:00","0","","0","2030/12/31 15:00:00","0","0","0","0","0","0","0","0","1","萊拉耶爾（聖誕節）","0","134201","0","7","萊拉耶爾（聖誕節）","0","0"
"1","3","134301","2026/07/04 16:00:00","0","【魔法】位於後衛，身穿祭服並與精靈心靈相通的唱喚士。\n會運用傷害量隨敵人數量變化的範圍攻擊，還有魔法無效\n護盾等等支援技能，高聲唱出自身的心意。","2.09","2026/07/17 15:59:59","134301","2","134301","778","0","0","450","0","0","蘭法（祭服）","0","134301","0","7","蘭法（祭服）","0","0"
"0","3","134401","2025/07/16 16:00:00","0","【魔法】位於後衛，身穿祭服並編寫、傳達歌曲的唱喚士。\n能藉由施加強大增益效果與恢復ＴＰ，支援自身與最近的\n我方角色的攻擊，讓雙方心意相通並奏響優美的旋律。","2.09","2030/12/31 15:00:00","134401","2","134401","773","0","0","450","0","21","千歌（祭服）","0","134401","0","7","千歌（祭服）","0","0"
"1","3","134501","2026/08/16 16:00:00","0","【魔法】位於後衛，以超速飛行使出強大火力的機器女孩。\n能在上空靠著速度增益支援我方全體，\n並解除自身護盾轉變為力量，背負世界的命運飛翔！","2.09","2026/09/01 15:59:59","134501","2","134501","719","0","0","450","0","0","克蘿茜（航空）","0","134501","0","0","克蘿茜（航空）","0","0"
"1","3","134601","2026/08/16 16:00:00","0","【物理】位於中衛，駕駛巨大機器人戰鬥的邊緣人駕駛員。\n擁有弱化敵人、為我方展開護盾的技能，無論多麼堅固的\n防護，鋼鐵少女射出的光線都能打破。","2.09","2026/09/01 15:59:59","134601","1","134601","526","0","0","450","0","35","碧（駕駛員）","0","134601","0","35","碧（駕駛員）","0","0"
"1","3","134701","2026/08/16 16:00:00","0","【物理】位於中衛，華麗舞動、五彩繽紛的煉花鳳凰。\n同時具備攻擊力增益和展開護盾等攻防支援，及多樣豐富\n的ＨＰ‧ＴＰ供給手段，透過淨化之力給眾人帶來安寧。","2.09","2026/09/01 15:59:59","134701","1","134701","490","0","0","450","0","7","鳳凰","0","134701","0","7","鳳凰","0","0"
"1","3","134801","2026/05/04 16:00:00","0","【物理】位於中衛，用新素材紡織縫紉的狂野裁縫師。\n對其他我方物攻最高的角色，縫紉出提升重複速度與\nＴＰ、攻擊的支援，並能恢復全體的ＨＰ兼顧攻守。","1.84","2026/05/16 15:59:59","134801","1","134801","485","0","0","450","0","1","紡希（吉歐‧格黑納）","0","134801","0","1","紡希（吉歐‧格黑納）","0","0"
"1","3","134901","2026/05/04 16:00:00","0","【物理】位於前衛，優雅地高聲大笑的華隸大小姐。\n若【本小姐的包容】因ＵＢ或敵人的攻擊而耗盡會抓狂，\n會用強化過的技能與行動模式華麗地復仇。","2.09","2026/05/16 15:59:59","134901","1","134901","196","0","0","450","0","0","華音","0","134901","0","2","華音","0","0"
"1","3","135001","2026/06/18 16:00:00","0","【魔法】位於後衛，於夢想許久的真正夏天盛開的黑薔薇。\n【荊棘王冠】的詛咒會因復活而解除，並施加調和狀態、\n攻防支援與恢復效果，在月下的海邊靜靜佇立著。","2.09","2026/07/01 15:59:59","135001","2","135001","785","0","0","450","0","21","厄莉絲（夏日）","0","135001","0","7","厄莉絲（夏日）","0","0"
"1","3","135101","2026/06/18 16:00:00","0","【物理】位於前衛，華麗駕馭盛夏白色海浪的冰龍少女。\n挑釁敵方全體，透過用ＵＢ來發散因為被攻擊而累積的\n【嗚嗚嚥嚥】，散發天真爛漫的笑容支援周遭的攻擊。","2.09","2026/07/01 15:59:59","135101","1","135101","143","0","0","450","0","4","雪菲（夏日）","0","135101","0","4","雪菲（夏日）","0","0"
"1","3","135201","2026/06/18 16:00:00","0","【魔法】位於中衛，漂浮於水中享受夏日美食的天然少女。\nＴＰ、攻擊支援與護盾的效果量會依我方人數而產生變化，\n用加總物理與魔法攻擊力的傷害，將夏天的回憶刻在心中。","2.09","2026/07/01 15:59:59","135201","2","135201","548","0","0","450","0","7","普蕾西亞（夏日）","0","135201","0","7","普蕾西亞（夏日）","0","0"
"1","3","135301","2026/07/04 16:00:00","0","【物理】位於中衛，培育友情之芽，盛夏的「普通」少女。\n透過【雞蛋花的守護】以強力一擊守護最前方，\n技能效果量會依我方人數產生變化，精采地命中目標。","2.09","2026/07/17 15:59:59","135301","1","135301","413","0","0","450","0","54","可璃亞（夏日）","0","135301","0","54","可璃亞（夏日）","0","0"
"1","3","135401","2026/07/04 16:00:00","0","【魔法】位於中衛，在沙灘樹蔭下打盹的吸血妖花妖魔人。\n以提升行動速度及初次使用時增加恢復量的ＴＰ恢復為\n支援起點，與灑落枝葉間的和煦陽光一起輕輕搖晃小憩。","2.09","2026/07/17 15:59:59","135401","2","135401","553","0","0","450","0","52","安涅默涅（夏日）","0","135401","0","2","安涅默涅（夏日）","0","0"
"1","3","135501","2026/07/01 16:00:00","0","【物理】位於前衛，為了守護世界，綻放笑容的熱情烈火。\n強化普通攻擊會以前方所有敵人為目標連擊，並且能從\n天樓霸斷劍釋放出傷害極大的一擊，以此開拓未來。","2.09","2026/07/04 15:59:59","135501","1","135501","213","0","0","450","0","0","埃拉","0","135501","0","1","埃拉","0","0"
"1","3","135601","2026/07/01 16:00:00","0","【物理】位於前衛，以斬風之刃守護世界的孤高劍豪。\n以卓越的劍技接下敵方的攻擊，加以反擊，與在初次ＵＢ\n產生的分身一起，以疾風迅雷的攻勢，奔向未來。","0.4","2026/07/04 15:59:59","135601","1","135601","198","0","0","450","0","0","志那都","0","135601","0","4","志那都","0","0"
"0","3","135701","2026/01/17 16:00:00","0","【物理】位於前衛，在月光下兩人同遊夜空的心動黑貓。\n除了物防弱化能力，在傷害命中100次後，會以華麗舞步\n展開追擊與增加ＴＰ恢復量，讓沙漠的夜空綻放煙火。","1.84","2030/12/31 15:00:00","135701","1","135701","291","0","0","450","0","0","日和（薩拉薩利亞）","0","135701","0","1","日和（薩拉薩利亞）","0","0"
"1","3","135801","2026/02/01 16:00:00","0","【魔法】位於後衛，彈奏著雪魄冰姿三味線的純樸雪女。\n以多樣的減益效果弱化敵人，並依魔法防禦力最低的敵人\n狀態所產生的追加效果，將冥府染成雪白色。","2.09","2026/02/10 15:59:59","135801","2","135801","830","0","0","450","0","0","雪野","0","135801","0","7","雪野","0","0"
"1","3","135901","2026/02/10 16:00:00","0","【物理】位於前衛，纖細身軀中宿有深厚仁義的鬼族千金。\n以自我攻防強化與免疫行動不能的技能豪膽屹立，\n並在自身處於咒術狀態時施展追加攻擊，展現無雙怪力。","1.84","2026/02/22 15:59:59","135901","1","135901","219","0","0","450","0","0","剎鬼","0","135901","0","3","剎鬼","0","0"
"1","3","136001","2026/07/01 16:00:00","0","【物理】位於後衛，為追尋失落之光而掙扎的前「六凶」。\n能在戰場上布滿延遲敵人ＵＢ的【遮絕之操絲】，\n以及能讓我方單體連續發動ＵＢ的【賦活之絲】。","2.09","2026/07/04 15:59:59","136001","1","136001","732","0","0","450","0","0","阿剌克涅","0","136001","0","11","阿剌克涅","0","0"
"1","3","136101","2026/02/22 16:00:00","0","【物理】位於中衛，不向厄運低頭、持續演唱的喪屍偶像。\n即使倒下下一次也會捲土重來，並以ＴＰ為糧強化技能傷害\n與支援我方，將佐賀之心刻劃於阿斯特朗。","1.74","2026/03/04 15:59:59","136101","1","136101","432","0","0","450","1","0","櫻","0","136101","0","0","櫻","0","0"
"0","3","136201","2026/03/16 16:00:00","0","【物理】位於前衛，即使笨拙也不逃避戰鬥的獨角兔女孩。\n對最近的我方施加強化與免疫無法行動的技能、進行恢復，\n並藉由轉移敵人的注意力，在殘酷的世界中存活下去。","2.09","2030/12/31 15:00:00","136201","1","136201","198","0","0","450","0","3","拿娜","0","136201","0","3","拿娜","0","0"
"1","3","136301","2026/04/16 16:00:00","0","【魔法】位於後衛，在刺激的聖夜裡心跳加速的潑辣少女★\n消耗【彩燈子彈】支援我方，\n消耗40個後會以追加的範圍攻擊或增益送上心動★。","2.09","2026/04/22 15:59:59","136301","2","136301","655","0","0","450","0","54","美空（聖誕節）","0","136301","0","35","美空（聖誕節）","0","0"
"1","3","136401","2026/04/01 16:00:00","0","【魔法】位於中衛，在騎士身旁踏出一步的聖夜魔法師。\n吸引敵人目光並進行攻防支援，當【聖夜之愛慕】提升，\n會以ＴＰ支援或傷害降低溫柔地包覆我方。","1.84","2026/04/16 15:59:59","136401","2","136401","382","0","0","450","0","21","優衣（聖誕節）","0","136401","0","7","優衣（聖誕節）","0","0"
"1","3","136501","2026/05/04 16:00:00","0","【物理】位於前衛，凜然在前方攔阻敵人的新年姐姐。\n以挑釁及無法行動無效明快地使出攻擊，\n根據狀況自在地操縱物理及魔法，展現對弟弟的愛。","2.09","2026/05/16 15:59:59","136501","1","136501","151","0","0","450","0","0","靜流（新年）","0","136501","0","5","靜流（新年）","0","0"
"0","1","136601","2015/04/01 15:00:00","0","","0","2030/12/31 15:00:00","0","0","0","0","0","0","0","0","1","梅杜莎","0","136601","0","1","梅杜莎","0","0"
"1","3","136701","2015/04/01 15:00:00","0","","0","2030/12/31 15:00:00","0","0","0","0","0","0","0","0","1","拉比林斯達（始源）","0","136701","0","8","拉比林斯達（始源）","0","0"
"1","3","136801","2025/07/01 16:00:00","0","","0","2030/12/31 15:00:00","0","0","0","0","0","0","0","0","1","蘭法（祭服）","0","136801","0","7","蘭法（祭服）","0","0"
"0","3","137101","2025/12/16 16:00:00","0","【魔法】位於中衛，在陽光下一起奔馳於閃耀水面的忍者。\n以【水遁之印】轉換為自身的攻擊力，以束縛領域與\n水遁之術，對距離最遠的敵人與其周圍迅速降下天譴。","2.09","2030/12/31 15:00:00","137101","2","137101","566","0","0","450","0","47","妮諾（夏日）","0","137101","0","8","妮諾（夏日）","0","0"
"0","3","137201","2015/04/01 15:00:00","0","","0","2030/12/31 15:00:00","0","0","0","0","0","0","0","0","2","拉比林斯達","0","137201","0","2","拉比林斯達","0","0"
"1","3","137301","2015/04/01 15:00:00","0","","0","2030/12/31 15:00:00","0","0","0","0","0","0","0","0","1","華音","0","137301","0","2","華音","0","0"
"1","3","137401","2026/03/04 16:00:00","0","【魔法】位於後衛，被神聖光芒包圍微笑祈禱的修女。\n操控攻防減益效果積聚【真實的指引】後，對最多３名角色\n施加的攻擊將追擊魔防最低的敵人，照亮真理。","2.09","2026/03/16 15:59:59","137401","2","137401","688","0","0","450","0","21","霞（修女）","0","137401","0","7","霞（修女）","0","0"
"1","3","137501","2015/04/01 15:00:00","0","","0","2030/12/31 15:00:00","0","0","0","0","0","0","0","0","1","埃拉","0","137501","0","1","埃拉","0","0"
"1","3","137601","2026/07/01 16:00:00","0","【魔法】位於後衛，思念主人而「進化」的嚮導巫女。\n用極大傷害ＵＢ貫穿敵人，藉由【超越進化】的權能，\n使我方的增益或造成傷害超越極限成長。","2.09","2026/07/04 15:59:59","137601","2","137601","733","0","0","450","0","0","可可蘿（嚮導幼君）","0","137601","0","7","可可蘿（嚮導幼君）","0","0"
"1","3","137801","2015/04/01 15:00:00","0","","0","2030/12/31 15:00:00","0","0","0","0","0","0","0","0","1","雪野","0","137801","0","7","雪野","0","0"
"1","3","137901","2026/05/16 16:00:00","0","【魔法】位於後衛，心懷思念注入繪馬的新年和服妹妹。\n使用於暴擊時威力會提升的箭射穿敵人，\n透過對我方全體的攻擊支援或ＴＰ持續恢復趨吉避凶。","2.09","2026/06/01 15:59:59","137901","2","137901","684","0","0","450","0","8","璃乃（新年）","0","137901","0","8","璃乃（新年）","0","0"
"1","3","138001","2026/06/01 16:00:00","0","【物理】位於前衛，以慈愛之心包覆冥府的彼岸殭屍公主。\nＵＢ會給予吞噬敵方全體的比例傷害，\n消耗【冥海之加護】還能清除我方的攻防下降效果。","2.09","2026/06/11 15:59:59","138001","1","138001","154","0","0","450","0","0","薇歐莉特（黃泉鯨命）","0","138001","0","0","薇歐莉特（黃泉鯨命）","0","0"
"1","3","138101","2026/06/11 16:00:00","0","【魔法】位於後衛，與百姓一同合奏的天使公主。\n受到能力提升效果，累積【機械神使】後，\n行動模式將發生變化，透過源源不絕的弓箭攻擊展示神威。","2.09","2026/06/18 15:59:59","138101","2","138101","729","0","0","450","0","0","萊拉耶爾（完美帕菲）","0","138101","0","0","萊拉耶爾（完美帕菲）","0","0"
"1","3","138201","2026/06/18 16:00:00","0","【物理】位於中衛，斥退怯懦，率領萬魔的煉獄鐵皇女。\n千變萬化的身體可兼顧以提升行動速度為首的多樣支援\n與弱化所有敵人的效果，將天地萬象收於掌中。","2.09","2026/07/01 15:59:59","138201","1","138201","502","0","0","450","0","0","涅妃‧涅羅（鬼面佛心）","0","138201","0","0","涅妃‧涅羅（鬼面佛心）","0","0"
"1","3","138301","2026/07/01 16:00:00","0","【物理】位於前衛，發揮女神血脈與驕傲，火力全開公主。\n以【裁定之盾】保護我方物理攻擊力高的角色，自身則以\n壓倒性的防禦與恢復ＨＰ能力，站在前線堅守幸福的餐桌。","2.09","2026/07/04 15:59:59","138301","1","138301","142","0","0","450","0","0","貪吃佩可（阿斯特賴亞）","0","138301","0","0","貪吃佩可（阿斯特賴亞）","0","0"
"1","3","138601","2015/04/01 15:00:00","0","","0","2030/12/31 15:00:00","0","0","0","0","0","0","0","0","1","櫻","0","138601","0","1","櫻","0","0"
"1","3","138701","2026/07/04 16:00:00","0","【物理】位於中衛，雖然害羞但仍衝進激戰的桃鬥者。\n以【尖刺貼紙】守護我方，自身同時透過物理防禦力下降\n擊潰敵人，充分使用了鍛鍊有成的蜜桃臀。","2.09","2026/07/17 15:59:59","138701","1","138701","539","0","0","450","0","55","若菜（冬日）","0","138701","0","7","若菜（冬日）","0","0"
"1","3","138801","2026/07/17 16:00:00","0","【物理】位於中衛，在嚴酷的屁屁世界生存下來的桃鬥者。\n能連續使出同時擁有攻防下降效果的ＵＢ，\n透過能力弱化效果施加的【魅惑之箭】將讓敵人神魂顛倒。","2.09","2026/08/01 15:59:59","138801","1","138801","571","0","0","450","0","8","栞（冬日）","0","138801","0","8","栞（冬日）","0","0"
"1","3","138901","2026/08/01 16:00:00","0","【物理】位於中衛，妖豔地蹦跳的兔女郎幽靈守護騎士。\n以物理攻擊力為代價，極大幅度提升物理暴擊傷害，\n趁敵人掉以輕心，以【黑色兔耳】趁虛而入，取下首級。","2.09","2026/08/11 15:59:59","138901","1","138901","429","0","0","450","0","0","格蕾斯（兔女郎）","0","138901","0","4","格蕾斯（兔女郎）","0","0"
"1","3","139001","2026/08/11 16:00:00","0","【魔法】位於後衛，反抗毀滅命運的千金小姐？優等生。\n以魔力滿溢的【詛咒之鎖】進行魔防減益，或ＴＰ及速度\n支援，但迎來極限時，將會陷入永久瘋狂。","2.09","2026/08/23 15:59:59","139001","2","139001","816","0","0","450","0","7","鏡華（哥德）","0","139001","0","7","鏡華（哥德）","0","0"
"0","1","141401","2015/04/01 15:00:00","0","","0","2030/12/31 15:00:00","0","0","0","0","0","0","0","0","1","靜流（新年）","0","141401","0","1","靜流（新年）","0","0"
"0","3","141501","2015/04/01 15:00:00","0","","0","2030/12/31 15:00:00","0","0","0","0","0","0","0","0","1","薇歐莉特（黃泉鯨命）","0","141501","0","0","薇歐莉特（黃泉鯨命）","0","0"
"1","3","141601","2015/04/01 15:00:00","0","","0","2030/12/31 15:00:00","0","0","0","0","0","0","0","0","1","格蕾斯（兔女郎）","0","141601","0","4","格蕾斯（兔女郎）","0","0"
"0","3","170101","2015/04/01 15:00:00","0","【物理】位於前衛，可先發制人施展大招的騎空士。\n藉由技能可回復ＴＰ，加快必殺技的發動。\n從戰鬥初期就能對敵方前衛造成大傷害。","1.965","2030/12/31 15:00:00","105701","1","170101","245","0","0","450","0","34","吉塔","0","170101","4","34","吉塔","0","0"
"1","3","180101","2026/07/01 16:00:00","0","【物理】位於前衛，身負火焰之翼粉碎敵人的活力少女。\n能使用隨戰鬥時間強化自身攻擊力的技能，\n提升力量後施放出的超強一擊能將任何敵人化為塵土。","1.62","2026/07/04 15:59:59","180101","1","180101","199","0","0","450","0","0","日和（公主）","0","180101","7","0","日和（公主）","0","0"
"1","3","180201","2026/07/01 16:00:00","0","【魔法】位於後衛，使用極大魔法毀滅敵人的祈願魔法師。\n一邊回復TP一邊使用累積提升攻擊力的輔助技能提高自己\n的力量，再釋放強力的範圍攻擊一掃敵人。","1.92","2026/07/04 15:59:59","180201","2","180201","767","0","0","450","0","0","優衣（公主）","0","180201","1","0","優衣（公主）","0","0"
"1","3","180301","2026/07/01 16:00:00","0","【物理】位於中衛，身負暴風之翼，伴隨風刃流麗制壓激戰的劍士。\n驅使著敵方越多效果越佳的強化技能振奮自己，\n施放出強力的範圍攻擊技能殲滅任何敵方。","1.965","2026/07/04 15:59:59","180301","1","180301","377","0","0","450","0","0","怜（公主）","0","180301","7","0","怜（公主）","0","0"
"1","3","180401","2026/07/01 16:00:00","0","【物理】位於前衛，是以強大攻防為傲的餓肚子王女。\n在HP偏高時能以具有爆發力的攻擊屠宰眼前所有的敵人，\n在HP偏低時擁有自我恢復能力，讓人見識鐵壁般的守護。","1.965","2026/07/04 15:59:59","180401","1","180401","155","0","0","450","0","0","貪吃佩可（公主）","0","180401","1","0","貪吃佩可（公主）","0","0"
"1","3","180501","2026/07/01 16:00:00","0","【物理】位於中衛，能連續使用強大輔助技能的純白巫女。\n一邊強化同伴的攻擊力與暴擊傷害，一邊使用兩種全體回復\n技能堅固地守護同伴，引領眾人獲得勝利。","2.14","2026/07/04 15:59:59","180501","1","180501","555","0","0","450","0","0","可可蘿（公主）","0","180501","1","0","可可蘿（公主）","0","0"
"1","3","180601","2026/07/01 16:00:00","0","【魔法】位於後衛，操縱極大魔法討伐敵人的公主造型貓女。\n運用兼具恢復和輔助的各種攻擊技能來調整戰局，\n使出極大威力的必殺技消滅敵人。","1.92","2026/07/04 15:59:59","180601","2","180601","747","0","0","450","0","0","凱留（公主）","0","180601","1","0","凱留（公主）","0","0"
"1","3","180701","2026/07/01 16:00:00","0","【物理】位於後衛，發揮出真正羈絆力量的要好姊妹。\n能使用當敵人數量越多，威力越會提升的攻擊技能，\n以及強化周圍我方的技能，將阻擋去路的敵人一掃而空。","1.75","2026/07/04 15:59:59","180701","1","180701","732","0","0","450","0","0","初音＆栞","0","180701","1","0","初音＆栞","0","0"
"1","3","180801","2026/07/01 16:00:00","0","【物理】中衛，能對敵方單體釋放必殺一擊的\n好朋友三人組。結合三人力量釋放的攻擊，能針對\n對方弱點從物理變化為魔法攻擊，擊退各種強敵！","1.5","2026/07/04 15:59:59","180801","1","180801","465","0","0","450","0","0","禊＆美美＆鏡華","0","180801","1","0","禊＆美美＆鏡華","0","0"
"1","3","180901","2026/07/01 16:00:00","0","【物理】位於中衛，能將背後託付給對方的最佳對手\n以及摯友。\n輔助我方物理攻擊同時持續恢復ＨＰ和ＴＰ，\n以ＨＰ越高威力也越強大的ＵＢ一起邁向勝利之路。","2.09","2026/07/04 15:59:59","180901","1","180901","421","0","0","450","0","0","秋乃&咲戀","0","180901","1","0","秋乃&咲戀","0","0"
"1","3","181001","2026/07/01 16:00:00","0","【魔法】位於中衛，以魔力共鳴使出連擊的馬納歷亞雙姬。\n受到能力提升效果時，增加的【友情的魔印】\n將強化技能，使出配合好波長的炎之魔槍討伐敵人。","2.09","2026/07/04 15:59:59","181001","2","181001","577","0","0","450","0","0","安＆古蕾婭","0","181001","1","0","安＆古蕾婭","0","0"
"1","3","181101","2026/07/01 16:00:00","0","【物理】位於中衛，穿著成對的服裝，超越虛實的好姐妹。\n支撐我方攻守兩面的靜流，暴擊時能造成強力傷害的璃乃，\n兩人共同合作，姐妹間的羈絆能將困難一掃而空！","1.92","2026/07/04 15:59:59","181101","1","181101","551","0","0","450","0","0","靜流＆璃乃","0","181101","1","0","靜流＆璃乃","0","0"
"1","3","181201","2026/07/01 16:00:00","0","【物理】位於中衛與新力量一同重逢的公主姿態冰龍少女。\n以環境效果【絕冰】提高暴擊傷害，並以火力\n與攻擊頻率兼具的劍技，開拓為了再次同行的道路。","1.92","2026/07/04 15:59:59","181201","1","181201","368","0","0","450","0","0","雪菲（公主）","0","181201","1","0","雪菲（公主）","0","0"
"0","1","190801","2019/08/01 16:00:00","0","","0","2030/12/31 15:00:00","0","1","0","0","0","0","0","0","1","花凜","0","190801","0","1","花凜","0","0"
"0","1","191201","2015/04/01 15:00:00","0","","0","2030/12/31 15:00:00","0","1","0","0","0","0","0","0","1","貝特魯吉烏斯","0","191201","0","1","貝特魯吉烏斯","0","0"
"1","1","191301","2021/05/04 16:00:00","0","【物理】漁港裡人見人愛的少根筋漁夫。\n雖然必殺技有強力的暈眩效果，\n但自身的HP在50％以下時會摔得四腳朝天。\n\n‧能活用普通攻擊搭配必殺技戰鬥。","2.22","2030/12/31 15:00:00","191301","1","191301","850","0","0","450","0","6","和正","0","191301","0","6","和正","0","0"
"0","0","191401","2015/04/01 15:00:00","0","","0","2030/12/31 15:00:00","0","0","0","0","0","0","0","0","6","可可蘿","0","191401","0","6","可可蘿","0","0"
"0","0","191501","2021/11/01 16:00:00","0","想在所剩無幾的時間完成作業的\n月光學院學生。為了守護愉快的\n暑假的回憶，挺身面對堆積如山的作業。","0","2030/12/31 15:00:00","100101","0","100101","1600","0","0","150","0","0","主角","0","191501","0","0","主角","0","0"
"0","0","191601","2021/11/01 16:00:00","0","想在所剩無幾的時間完成作業的\n月光學院學生。為了守護愉快的\n暑假的回憶，挺身面對堆積如山的作業。","0","2030/12/31 15:00:00","100101","0","100101","1600","0","0","150","0","0","主角","0","191601","0","0","主角","0","0"
"0","0","191701","2021/11/01 16:00:00","0","想在所剩無幾的時間完成作業的\n月光學院學生。為了守護愉快的\n暑假的回憶，挺身面對堆積如山的作業。","0","2030/12/31 15:00:00","100101","0","100101","1600","0","0","150","0","0","主角","0","191701","0","0","主角","0","0"
"1","1","192701","2024/12/23 16:00:00","0","","1.92","2030/12/31 15:00:00","192701","1","192701","855","0","0","450","0","0","雪菲","0","192701","0","0","雪菲","0","0"
"0","1","192801","2015/04/01 15:00:00","0","","0","2030/12/31 15:00:00","0","0","0","0","0","0","0","0","1","角色職階","0","192801","0","1","角色職階","0","0"
"0","1","192901","2015/04/01 15:00:00","0","","0","2030/12/31 15:00:00","0","0","0","0","0","0","0","0","1","角色職階","0","192901","0","1","角色職階","0","0"
"0","1","193001","2015/04/01 15:00:00","0","","0","2030/12/31 15:00:00","0","0","0","0","0","0","0","0","1","寶箱","0","193001","0","1","寶箱","0","0"
"0","1","403101","2015/04/01 15:00:00","0","","2","2030/12/31 15:00:00","0","1","0","300","0","0","450","0","0","骷髏","0","403101","0","1","骷髏","0","0"
"0","1","403102","2015/04/01 15:00:00","0","","2","2030/12/31 15:00:00","0","1","0","300","0","0","450","0","0","骷髏","0","403102","0","1","骷髏","0","0"
"0","1","403103","2015/04/01 15:00:00","0","","2","2030/12/31 15:00:00","0","1","0","300","0","0","450","0","0","骷髏","0","403103","0","1","骷髏","0","0"
"0","1","404201","2015/04/01 15:00:00","0","","2","2030/12/31 15:00:00","0","2","0","1000","0","0","450","0","0","希爾芙","0","404201","0","1","希爾芙","0","0"
"0","1","404205","2015/04/01 15:00:00","0","","2","2030/12/31 15:00:00","0","2","0","1000","0","0","450","0","0","希爾芙","0","404205","0","1","希爾芙","0","0"
"1","3","407001","2020/01/21 16:00:00","0","","2","2030/12/31 15:00:00","106001","2","106001","460","0","0","450","0","0","似似花","0","407001","1","0","似似花","0","0"
"0","1","407701","2015/04/01 15:00:00","0","","3","2030/12/31 15:00:00","0","1","0","95","0","0","450","0","0","小魔像","0","407701","0","1","小魔像","0","0"
"0","1","407702","2015/04/01 15:00:00","0","","3","2030/12/31 15:00:00","0","1","0","95","0","0","450","0","0","小魔像","0","407702","0","1","小魔像","0","0"
"0","1","408401","2015/04/01 15:00:00","0","","2","2030/12/31 15:00:00","0","2","0","700","0","0","450","0","0","希爾芙","0","408401","0","1","希爾芙","0","0"
"0","1","408402","2015/04/01 15:00:00","0","","2","2030/12/31 15:00:00","0","2","0","750","0","0","450","0","0","希爾芙","0","408402","0","1","希爾芙","0","0"
"0","1","408403","2015/04/01 15:00:00","0","","2","2030/12/31 15:00:00","0","2","0","800","0","0","450","0","0","希爾芙","0","408403","0","1","希爾芙","0","0"
"1","3","418101","2022/07/02 16:00:00","0","","1.75","2030/12/31 15:00:00","0","2","0","589","0","0","450","0","0","翡翠飛龍","0","418101","0","0","翡翠飛龍","0","0"
"0","3","423301","2015/04/01 15:00:00","0","","2.09","2030/12/31 15:00:00","0","1","0","354","0","0","450","0","0","紅","0","423301","0","3","紅","0","0"
"0","3","423302","2015/04/01 15:00:00","0","","2.09","2030/12/31 15:00:00","0","1","0","200","0","0","450","0","0","藍","0","423302","0","3","藍","0","0"
"0","3","425801","2023/08/19 16:00:00","0","","2.09","2030/12/31 15:00:00","0","1","0","364","0","0","450","0","0","莉莉（墮落）","0","425801","0","3","莉莉（墮落）","0","0"
"0","3","425802","2023/08/19 16:00:00","0","","2.09","2030/12/31 15:00:00","0","1","0","414","0","0","450","0","0","莉莉（墮落）","0","425802","0","3","莉莉（墮落）","0","0"
"0","3","426201","2023/10/02 16:00:00","0","","2","2030/12/31 15:00:00","0","2","0","700","0","0","450","0","0","眷屬","0","426201","0","1","眷屬","0","0"
"0","3","426202","2023/10/02 16:00:00","0","","2","2030/12/31 15:00:00","0","2","0","750","0","0","450","0","0","眷屬","0","426202","0","1","眷屬","0","0"
"0","1","427101","2015/04/01 15:00:00","0","","2","2030/12/31 15:00:00","0","1","0","180","0","0","450","0","0","骷髏老爸","0","427101","0","1","骷髏老爸","0","0"
"1","3","430101","2025/03/19 16:00:00","0","","2","2030/12/31 15:00:00","0","1","0","210","0","0","450","0","0","尖刺兄弟","0","430101","0","1","尖刺兄弟","0","0"
"0","1","431901","2015/04/01 15:00:00","0","","2","2030/12/31 15:00:00","0","1","0","2160","0","0","0","0","0","冰之壁","0","431901","0","1","冰之壁","0","0"
"1","3","433801","2015/04/01 15:00:00","0","","2","2030/12/31 15:00:00","0","2","0","773","0","0","450","0","0","格列戈爾","0","433801","0","0","格列戈爾","0","0"
"1","3","435601","2015/04/01 15:00:00","0","","0.2","2030/12/31 15:00:00","100101","1","100101","249","0","0","450","0","0","志那都","0","435601","0","4","志那都","0","0"
"0","1","900001","2015/04/01 15:00:00","0","","50","2030/12/31 15:00:00","100101","1","100101","475","0","0","600","0","0","主角","0","900001","0","5","主角","0","0"
"0","1","900002","2015/04/01 15:00:00","0","","3","2030/12/31 15:00:00","100101","1","100101","600","0","0","600","0","0","主角","0","900002","0","5","主角","0","0"
"0","1","900003","2015/04/01 15:00:00","0","","3","2030/12/31 15:00:00","100101","1","100101","650","0","0","600","0","0","主角","0","900003","0","5","主角","0","0"
"0","1","900102","2015/04/01 15:00:00","0","","50","2030/12/31 15:00:00","100199","1","100199","675","0","0","600","0","0","日和","0","900102","0","1","日和","0","0"
"0","1","900103","2015/04/01 15:00:00","0","","0","2030/12/31 15:00:00","0","0","0","0","0","0","0","0","1","日和","0","900103","0","1","日和","0","0"
"0","1","900201","2015/04/01 15:00:00","0","","0","2030/12/31 15:00:00","100201","2","100201","800","0","0","600","0","7","優衣","0","100201","0","7","優衣","0","0"
"0","1","900202","2015/04/01 15:00:00","0","","50","2030/12/31 15:00:00","100299","2","100299","1075","0","0","600","0","0","優衣","0","900202","0","7","優衣","0","0"
"0","1","900302","2015/04/01 15:00:00","0","","50","2030/12/31 15:00:00","100399","1","100399","875","0","0","600","0","0","怜","0","900302","0","4","怜","0","0"
"0","1","900401","2015/04/01 15:00:00","0","","2.17","2030/12/31 15:00:00","100401","1","100401","580","0","0","450","0","1","禊","0","900401","0","1","禊","0","0"
"0","3","901001","2015/04/01 15:00:00","0","","2.27","2030/12/31 15:00:00","101001","2","101001","650","0","0","450","0","7","真步","0","901001","0","7","真步","0","0"
"0","1","901201","2015/04/01 15:00:00","0","","50","2030/12/31 15:00:00","101201","2","101201","755","0","0","600","0","7","初音","0","901201","0","7","初音","0","0"
"0","2","901701","2015/04/01 15:00:00","0","","2.17","2030/12/31 15:00:00","101701","1","101701","300","0","0","450","0","1","香織","0","901701","0","1","香織","0","0"
"0","1","902501","2015/04/01 15:00:00","0","","2.25","2030/12/31 15:00:00","102501","2","102501","450","0","0","600","0","7","鈴莓","0","102501","0","7","鈴莓","0","0"
"0","1","902601","2015/04/01 15:00:00","0","","2.315","2030/12/31 15:00:00","0","1","0","630","0","0","450","0","6","鈴","0","902601","0","6","鈴","0","0"
"0","3","903601","2015/04/01 15:00:00","0","","50","2030/12/31 15:00:00","103601","2","103601","890","0","0","450","0","7","鏡華","0","903601","0","7","鏡華","0","0"
"0","1","903801","2015/04/01 15:00:00","0","","50","2030/12/31 15:00:00","103801","1","103801","710","0","0","450","0","8","栞","0","903801","0","8","栞","0","0"
"0","3","904401","2015/04/01 15:00:00","0","","1.425","2030/12/31 15:00:00","104401","2","104401","900","0","0","450","0","3","伊莉亞","0","904401","0","3","伊莉亞","0","0"
"0","1","905012","2015/04/01 15:00:00","0","","2.07","2030/12/31 15:00:00","105001","2","105001","760","0","0","450","0","7","美咲（夏日）","0","105012","15","7","美咲（夏日）","0","0"
"0","1","905801","2015/04/01 15:00:00","0","","2.5","2030/12/31 15:00:00","105801","1","105801","200","0","0","600","0","0","貪吃佩可","0","105801","0","5","貪吃佩可","0","0"
"0","1","905901","2015/04/01 15:00:00","0","","2","2030/12/31 15:00:00","105901","1","105901","400","0","0","600","0","6","可可蘿","0","105901","0","6","可可蘿","0","0"
"0","1","905902","2015/04/01 15:00:00","0","","2","2030/12/31 15:00:00","105901","1","105901","800","0","0","600","0","6","可可蘿","0","105901","0","6","可可蘿","0","0"
"0","1","906601","2015/04/01 15:00:00","0","","0","2030/12/31 15:00:00","0","0","0","0","0","0","0","0","3","祈梨","0","906601","0","13","祈梨","0","0"
"1","1","906802","2015/04/01 15:00:00","0","","0","2030/12/31 15:00:00","0","0","0","0","0","0","0","0","1","晶","0","106802","0","1","晶","0","0"
"0","1","907501","2015/04/01 15:00:00","0","","2.5","2030/12/31 15:00:00","105801","1","105801","200","0","0","600","0","0","貪吃佩可","0","907501","0","5","貪吃佩可","0","0"
"1","1","907601","2015/04/01 15:00:00","0","","0","2030/12/31 15:00:00","0","0","0","0","0","0","0","0","6","可可蘿（夏日）","0","107601","0","6","可可蘿（夏日）","0","0"
"0","1","907701","2015/04/01 15:00:00","0","","2.25","2030/12/31 15:00:00","102501","2","102501","450","0","0","600","0","7","鈴莓","0","907701","0","7","鈴莓","0","0"
"0","1","907801","2015/04/01 15:00:00","0","","2.07","2030/12/31 15:00:00","0","2","0","750","0","0","450","0","7","凱留","0","907801","1","7","凱留","0","0"
"0","1","907901","2015/04/01 15:00:00","0","","2.25","2030/12/31 15:00:00","104601","1","104601","250","0","0","600","0","2","珠希","0","907901","0","2","珠希","0","0"
"0","1","908701","2019/06/01 16:00:00","0","","0","2030/12/31 15:00:00","0","1","0","0","0","0","600","0","1","日和（新年）","0","908701","0","1","日和（新年）","0","0"
"0","1","927201","2015/04/01 15:00:00","0","","0","2030/12/31 15:00:00","0","0","0","0","0","0","0","0","7","凱留","0","127201","0","7","凱留","0","0"
"0","1","930901","2015/04/01 15:00:00","0","","0","2030/12/31 15:00:00","0","0","0","0","0","0","0","0","1","庫露露","0","130901","0","1","庫露露","0","0"