dddff13042dbfe9fa8d5f2c61d81cb10943e34e4185bf4a62af5f3dc1dd808b9,c3c0742c6b38a738dce77ae04405419d5c9f9bcd4e30f1e7155fd005b2ceac71,fae9e4762ac88e92b5e7a9886b9b92e33e36b5c8a761e2810e23f634674ba960,032c5a5d0ff3b125fcfb67d42eee2411413bf31a53695a51e9af73fc05fcdd59,9d24f4eba5a8073ad4a21861ee3e6d587f873f1933d2470c28db4cc402a4b258,a931d23fe36046431e12c56294b5adae095a8f6db8838ed4de4db2d90306a717,119762daa00fde72aaf723596d26093e819f5495dd0a2a6890be6f2ebe752460,b387692aa9531909442f17e2bed23af310287ca5254ea2d65d116058b8579b09,7e95679a0d8cb70f444fbc10fb9cf043748040bdb48d651cedaff8236fc67416,e2ce87d9072c6b9f8bf70ca4eaaea72de556b86379a0e227cef40f7d7ddbfb1f,19f8757fe975a09b637c997e81de13be5c67e5c7933de2066a31c802ddcb3f8d
"2099/12/17 14:59:59","517411","2015/04/01 15:00:00","1001","日和","1","0","193","0","0","1001"
"2099/12/17 14:59:59","720111","2015/04/01 15:00:00","1002","優衣","1","0","263","0","0","1002"
"2099/12/17 14:59:59","830111","2015/04/01 15:00:00","1003","怜","1","0","312","0","0","1003"
"2099/12/17 14:59:59","612411","2015/04/01 15:00:00","1004","禊","1","0","235","0","0","1004"
"2099/12/17 14:59:59","603211","2019/01/22 16:00:00","1005","茉莉","1","0","217","0","0","1005"
"2099/12/17 14:59:59","1011","2015/04/01 15:00:00","1006","茜里","1","0","7","0","0","1006"
"2099/12/17 14:59:59","617011","2015/04/01 15:00:00","1007","宮子","1","0","251","0","0","1007"
"2099/12/17 14:59:59","721111","2015/04/01 15:00:00","1008","雪","1","0","274","0","0","1008"
"2099/12/17 14:59:59","9431","2015/04/01 15:00:00","1009","杏奈","1","0","28","0","0","1009"
"2099/12/17 14:59:59","605411","2015/04/01 15:00:00","1010","真步","1","0","223","0","0","1010"
"2099/12/17 14:59:59","814411","2015/04/01 15:00:00","1011","璃乃","1","0","293","0","0","1011"
"2099/12/17 14:59:59","503211","2015/04/01 15:00:00","1012","初音","1","0","188","0","0","1012"
"2099/12/17 14:59:59","404011","2019/03/27 16:00:00","1013","七七香","1","0","168","0","0","1013"
"2099/12/17 14:59:59","102211","2019/07/15 16:00:00","1014","霞","1","0","61","0","0","1014"
"2099/12/17 14:59:59","612021","2015/04/01 15:00:00","1015","美里","1","0","232","0","0","1015"
"2099/12/17 14:59:59","222211","2015/04/01 15:00:00","1016","鈴奈","1","0","140","0","0","1016"
"2099/12/17 14:59:59","100411","2015/04/01 15:00:00","1017","香織","1","0","58","0","0","1017"
"2099/12/17 14:59:59","10411","2015/04/01 15:00:00","1018","伊緒","1","0","31","0","0","1018"
"2099/12/17 14:59:59","616111","2015/04/01 15:00:00","1020","美美","1","0","248","0","0","1020"
"2099/12/17 14:59:59","128211","2015/04/01 15:00:00","1021","胡桃","1","0","92","0","0","1021"
"2099/12/17 14:59:59","748111","2015/04/01 15:00:00","1022","依里","1","0","281","0","0","1022"
"2099/12/17 14:59:59","6411","2015/04/01 15:00:00","1023","綾音","1","0","18","0","0","1023"
"2099/12/17 14:59:59","222221","2015/04/01 15:00:00","1025","鈴莓","1","0","144","0","0","1025"
"2099/12/17 14:59:59","819411","2015/04/01 15:00:00","1026","鈴","1","0","300","0","0","1026"
"2099/12/17 14:59:59","38111","2015/04/01 15:00:00","1027","惠理子","1","0","51","0","0","1027"
"2099/12/17 14:59:59","208311","2015/04/01 15:00:00","1028","咲戀","1","0","113","0","0","1028"
"2099/12/17 14:59:59","442411","2015/04/01 15:00:00","1029","望","1","0","183","0","0","1029"
"2099/12/17 14:59:59","414411","2015/04/01 15:00:00","1030","妮諾","1","0","171","0","0","1030"
"2099/12/17 14:59:59","214411","2015/04/01 15:00:00","1031","忍","1","0","133","0","0","1031"
"2099/12/17 14:59:59","1111","2015/04/01 15:00:00","1032","秋乃","1","0","10","0","0","1032"
"2099/12/17 14:59:59","605111","2015/04/01 15:00:00","1033","真陽","1","0","220","0","0","1033"
"2099/12/17 14:59:59","721011","2015/04/01 15:00:00","1034","優花梨","1","0","270","0","0","1034"
"2099/12/17 14:59:59","117411","2015/04/01 15:00:00","1036","鏡華","1","0","78","0","0","1036"
"2099/12/17 14:59:59","346411","2015/04/01 15:00:00","1037","智","1","0","164","0","0","1037"
"2099/12/17 14:59:59","210411","2015/04/01 15:00:00","1038","栞","1","0","124","0","0","1038"
"2099/12/17 14:59:59","411","2015/04/01 15:00:00","1040","碧","1","0","2","0","0","1040"
"2099/12/17 14:59:59","311011","2015/04/01 15:00:00","1042","千歌","1","0","156","0","0","1042"
"2099/12/17 14:59:59","601411","2015/04/01 15:00:00","1043","真琴","1","0","213","0","0","1043"
"2099/12/17 14:59:59","17111","2015/04/01 15:00:00","1044","伊莉亞","1","0","39","0","0","1044"
"2099/12/17 14:59:59","120211","2015/04/01 15:00:00","1045","空花","1","0","82","0","0","1045"
"2099/12/17 14:59:59","306011","2015/04/01 15:00:00","1046","珠希","1","0","149","0","0","1046"
"2099/12/17 14:59:59","217211","2015/04/01 15:00:00","1047","純","1","0","137","0","0","1047"
"2099/12/17 14:59:59","615211","2015/04/01 15:00:00","1048","美冬","1","0","245","0","0","1048"
"2099/12/17 14:59:59","212211","2015/04/01 15:00:00","1049","靜流","1","0","127","0","0","1049"
"2099/12/17 14:59:59","612011","2015/04/01 15:00:00","1050","美咲","1","0","229","0","0","1050"
"2099/12/17 14:59:59","613211","2015/04/01 15:00:00","1051","深月","1","0","242","0","0","1051"
"2099/12/17 14:59:59","816011","2015/04/01 15:00:00","1052","莉瑪","1","0","296","0","0","1052"
"2099/12/17 14:59:59","644111","2015/04/01 15:00:00","1053","莫妮卡","1","0","258","0","0","1053"
"2099/12/17 14:59:59","326211","2015/04/01 15:00:00","1054","紡希","1","0","160","0","0","1054"
"2099/12/17 14:59:59","7211","2019/07/26 16:00:00","1055","步未","1","0","21","0","0","1055"
"2099/12/17 14:59:59","821011","2019/03/13 16:00:00","1056","流夏","1","0","307","0","0","1056"
"2099/12/17 14:59:59","210111","2015/04/01 15:00:00","1057","吉塔","1","0","118","0","0","1057"
"2099/12/17 14:59:59","531411","2015/04/01 15:00:00","1058","貪吃佩可","1","0","203","0","0","1058"
"2099/12/17 14:59:59","143211","2015/04/01 15:00:00","1059","可可蘿","1","0","105","0","0","1059"
"2099/12/17 14:59:59","117011","2015/04/01 15:00:00","1060","凱留","1","0","72","0","0","1060"
"2030/12/17 14:59:59","620111","2019/07/01 16:00:00","1061","矛依未","1","0","254","0","0","1061"
"2099/12/17 14:59:59","8121","2015/04/01 15:00:00","1063","亞里莎","1","0","25","0","0","1063"
"2030/12/17 14:59:59","210311","2015/04/01 15:00:00","1064","雪菲","1","0","120","0","0","1064"
"2030/12/17 14:59:59","107011","2020/03/19 16:00:00","1065","嘉夜","1","0","67","0","0","1065"
"2030/12/17 14:59:59","14411","2020/09/16 16:00:00","1066","祈梨","1","0","35","0","0","1066"
"2030/12/17 14:59:59","546111","2015/04/01 15:00:00","1067","帆稀","1","0","210","0","0","1067"
"2030/12/17 14:59:59","805111","2020/12/18 16:00:00","1068","拉比林斯達","1","0","286","0","0","1068"
"2030/12/17 14:59:59","100111","2015/04/01 15:00:00","1069","霸瞳皇帝","1","0","57","0","0","1069"
"2030/12/17 14:59:59","434311","2020/01/21 16:00:00","1070","似似花","1","0","177","0","0","1070"
"2030/12/17 14:59:59","128121","2019/02/01 12:00:00","1071","克莉絲提娜","1","0","88","0","0","1071"
"2099/12/17 14:59:59","531414","2015/04/01 15:00:00","1075","貪吃佩可（夏日）","1","0","206","0","0","1075"
"2099/12/17 14:59:59","143213","2015/04/01 15:00:00","1076","可可蘿（夏日）","1","0","107","0","0","1076"
"2030/12/17 14:59:59","222222","2015/04/01 15:00:00","1077","鈴莓（夏日）","1","0","145","0","0","1077"
"2030/12/17 14:59:59","117013","2015/04/01 15:00:00","1078","凱留（夏日）","1","0","74","0","0","1078"
"2030/12/17 14:59:59","306014","2015/04/01 15:00:00","1079","珠希（夏日）","1","0","152","0","0","1079"
"2030/12/17 14:59:59","615213","2015/04/01 15:00:00","1080","美冬（夏日）","1","0","247","0","0","1080"
"2030/12/17 14:59:59","214414","2019/02/13 16:00:00","1081","忍（萬聖節）","1","0","136","0","0","1081"
"2030/12/17 14:59:59","617013","2019/03/06 16:00:00","1082","宮子（萬聖節）","1","0","253","0","0","1082"
"2030/12/17 14:59:59","612013","2019/02/27 16:00:00","1083","美咲（萬聖節）","1","0","231","0","0","1083"
"2030/12/17 14:59:59","311013","2019/04/03 16:00:00","1084","千歌（聖誕節）","1","0","158","0","0","1084"
"2030/12/17 14:59:59","128212","2019/05/02 16:00:00","1085","胡桃（聖誕節）","1","0","93","0","0","1085"
"2030/12/17 14:59:59","6413","2015/04/01 15:00:00","1086","綾音（聖誕節）","1","0","20","0","0","1086"
"2030/12/17 14:59:59","517415","2019/06/03 16:00:00","1087","日和（新年）","1","0","197","0","0","1087"
"2030/12/17 14:59:59","720116","2019/05/07 16:00:00","1088","優衣（新年）","1","0","268","0","0","1088"
"2030/12/17 14:59:59","830114","2019/06/03 16:00:00","1089","怜（新年）","1","0","315","0","0","1089"
"2030/12/17 14:59:59","38114","2019/07/01 16:00:00","1090","惠理子（情人節）","1","0","54","0","0","1090"
"2030/12/17 14:59:59","212215","2019/06/17 16:00:00","1091","靜流（情人節）","1","0","130","0","0","1091"
"2030/12/17 14:59:59","9411","2019/08/01 16:00:00","1092","安","1","0","26","0","0","1092"
"2030/12/17 14:59:59","820211","2019/08/01 16:00:00","1093","露","1","0","306","0","0","1093"
"2030/12/17 14:59:59","128311","2019/08/15 16:00:00","1094","古蕾婭","1","0","96","0","0","1094"
"2030/12/17 14:59:59","120212","2019/09/02 16:00:00","1095","空花（大江戶）","1","0","83","0","0","1095"
"2030/12/17 14:59:59","414412","2019/09/20 16:00:00","1096","妮諾（大江戶）","1","0","172","0","0","1096"
"2030/12/17 14:59:59","836211","2019/10/01 16:00:00","1097","雷姆","1","0","318","0","0","1097"
"2030/12/17 14:59:59","806211","2019/10/01 16:00:00","1098","拉姆","1","0","289","0","0","1098"
"2030/12/17 14:59:59","36211","2019/10/18 16:00:00","1099","愛蜜莉雅","1","0","49","0","0","1099"
"2030/12/17 14:59:59","222212","2019/11/01 16:00:00","1100","鈴奈（夏日）","1","0","141","0","0","1100"
"2030/12/17 14:59:59","10413","2019/11/01 16:00:00","1101","伊緒（夏日）","1","0","33","0","0","1101"
"2030/12/17 14:59:59","208313","2019/11/19 16:00:00","1103","咲戀（夏日）","1","0","115","0","0","1103"
"2030/12/17 14:59:59","601413","2019/12/02 16:00:00","1104","真琴（夏日）","1","0","215","0","0","1104"
"2030/12/17 14:59:59","100412","2019/12/02 16:00:00","1105","香織（夏日）","1","0","59","0","0","1105"
"2030/12/17 14:59:59","605413","2019/12/16 16:00:00","1106","真步（夏日）","1","0","225","0","0","1106"
"2030/12/17 14:59:59","415","2020/01/02 16:00:00","1107","碧（插班生）","1","0","6","0","0","1107"
"2030/12/17 14:59:59","128411","2020/01/10 16:00:00","1108","克蘿依","1","0","100","0","0","1108"
"2030/12/17 14:59:59","310311","2020/07/20 16:00:00","1109","琪愛兒","1","0","153","0","0","1109"
"2030/12/17 14:59:59","724111","2020/07/02 16:00:00","1110","優妮","1","0","278","0","0","1110"
"2030/12/17 14:59:59","117414","2020/02/04 16:00:00","1111","鏡華（萬聖節）","1","0","81","0","0","1111"
"2030/12/17 14:59:59","612413","2020/02/04 16:00:00","1112","禊（萬聖節）","1","0","237","0","0","1112"
"2030/12/17 14:59:59","616113","2020/02/19 16:00:00","1113","美美（萬聖節）","1","0","250","0","0","1113"
"2030/12/17 14:59:59","824011","2020/03/04 16:00:00","1114","露娜","1","0","311","0","0","1114"
"2030/12/17 14:59:59","128123","2020/04/01 16:00:00","1115","克莉絲提娜（聖誕節）","1","0","90","0","0","1115"
"2030/12/17 14:59:59","442413","2020/04/01 16:00:00","1116","望（聖誕節）","1","0","185","0","0","1116"
"2030/12/17 14:59:59","17113","2020/04/22 16:00:00","1117","伊莉亞（聖誕節）","1","0","41","0","0","1117"
"2030/12/17 14:59:59","531415","2015/04/01 15:00:00","1118","貪吃佩可（新年）","1","0","207","0","0","1118"
"2030/12/17 14:59:59","143214","2020/05/22 16:00:00","1119","可可蘿（新年）","1","0","108","0","0","1119"
"2030/12/17 14:59:59","117014","2020/05/05 16:00:00","1120","凱留（新年）","1","0","75","0","0","1120"
"2030/12/17 14:59:59","222224","2020/05/05 16:00:00","1121","鈴莓（新年）","1","0","147","0","0","1121"
"2030/12/17 14:59:59","102215","2020/06/03 16:00:00","1122","霞（魔法少女）","1","0","65","0","0","1122"
"2030/12/17 14:59:59","210412","2020/06/03 16:00:00","1123","栞（魔法少女）","1","0","125","0","0","1123"
"2030/12/17 14:59:59","23211","2020/09/30 16:00:00","1124","卯月（NGs）","1","0","46","0","0","1124"
"2030/12/17 14:59:59","819421","2020/10/13 16:00:00","1125","凜（NGs）","1","0","301","0","0","1125"
"2030/12/17 14:59:59","610411","2020/09/30 16:00:00","1126","未央（NGs）","1","0","228","0","0","1126"
"2030/12/17 14:59:59","819413","2020/08/06 16:00:00","1127","鈴（遊俠）","1","0","303","0","0","1127"
"2030/12/17 14:59:59","605113","2020/08/21 16:00:00","1128","真陽（遊俠）","1","0","222","0","0","1128"
"2030/12/17 14:59:59","814414","2020/09/04 16:00:00","1129","璃乃（奇幻）","1","0","295","0","0","1129"
"2030/12/17 14:59:59","7213","2020/09/04 16:00:00","1130","步未（奇幻）","1","0","23","0","0","1130"
"2030/12/17 14:59:59","821012","2015/04/01 15:00:00","1131","流夏（夏日）","1","0","308","0","0","1131"
"2030/12/17 14:59:59","9432","2015/04/01 15:00:00","1132","杏奈（夏日）","1","0","29","0","0","1132"
"2030/12/17 14:59:59","404012","2015/04/01 15:00:00","1133","七七香（夏日）","1","0","169","0","0","1133"
"2030/12/17 14:59:59","503212","2015/04/01 15:00:00","1134","初音（夏日）","1","0","189","0","0","1134"
"2030/12/17 14:59:59","612022","2015/04/01 15:00:00","1135","美里（夏日）","1","0","233","0","0","1135"
"2030/12/17 14:59:59","217213","2020/12/26 16:00:00","1136","純（夏日）","1","0","139","0","0","1136"
"2030/12/17 14:59:59","1012","2021/01/06 16:00:00","1137","茜里（天使）","1","0","8","0","0","1137"
"2030/12/17 14:59:59","748112","2015/04/01 15:00:00","1138","依里（天使）","1","0","282","0","0","1138"
"2030/12/17 14:59:59","326214","2015/04/01 15:00:00","1139","紡希（萬聖節）","1","0","163","0","0","1139"
"2030/12/17 14:59:59","830115","2015/04/01 15:00:00","1140","怜（萬聖節）","1","0","316","0","0","1140"
"2030/12/17 14:59:59","603212","2015/04/01 15:00:00","1141","茉莉（萬聖節）","1","0","218","0","0","1141"
"2030/12/17 14:59:59","644114","2015/04/01 15:00:00","1142","莫妮卡（魔法少女）","1","0","261","0","0","1142"
"2030/12/17 14:59:59","346413","2015/04/01 15:00:00","1143","智（魔法少女）","1","0","166","0","0","1143"
"2030/12/17 14:59:59","1112","2015/04/01 15:00:00","1144","秋乃（聖誕節）","1","0","11","0","0","1144"
"2030/12/17 14:59:59","208312","2015/04/01 15:00:00","1145","咲戀（聖誕節）","1","0","114","0","0","1145"
"2030/12/17 14:59:59","721013","2015/04/01 15:00:00","1146","優花梨（聖誕節）","1","0","272","0","0","1146"
"2030/12/17 14:59:59","620112","2015/04/01 15:00:00","1147","矛依未（新年）","1","0","255","0","0","1147"
"2030/12/17 14:59:59","434314","2015/04/01 15:00:00","1150","似似花（新年）","1","0","180","0","0","1150"
"2030/12/17 14:59:59","143212","2015/04/01 15:00:00","1155","可可蘿（祭服）","1","0","106","0","0","1155"
"2030/12/17 14:59:59","720113","2015/04/01 15:00:00","1156","優衣（祭服）","1","0","265","0","0","1156"
"2030/12/17 14:59:59","102212","2015/04/01 15:00:00","1157","霞（夏日）","1","0","62","0","0","1157"
"2030/12/17 14:59:59","816012","2015/04/01 15:00:00","1158","莉瑪（灰姑娘）","1","0","297","0","0","1158"
"2030/12/17 14:59:59","601414","2015/04/01 15:00:00","1159","真琴（灰姑娘）","1","0","216","0","0","1159"
"2030/12/17 14:59:59","605414","2015/04/01 15:00:00","1160","真步（灰姑娘）","1","0","226","0","0","1160"
"2030/12/17 14:59:59","128413","2015/04/01 15:00:00","1162","克蘿依（聖學祭）","1","0","102","0","0","1162"
"2030/12/17 14:59:59","310313","2015/04/01 15:00:00","1163","琪愛兒（聖學祭）","1","0","155","0","0","1163"
"2030/12/17 14:59:59","724113","2015/04/01 15:00:00","1164","優妮（聖學祭）","1","0","280","0","0","1164"
"2030/12/17 14:59:59","14413","2015/04/01 15:00:00","1165","祈梨（時空旅行）","1","0","37","0","0","1165"
"2030/12/17 14:59:59","107012","2015/04/01 15:00:00","1166","嘉夜（時空旅行）","1","0","68","0","0","1166"
"2030/12/17 14:59:59","413","2015/04/01 15:00:00","1167","碧（工作服）","1","0","4","0","0","1167"
"2030/12/17 14:59:59","306013","2015/04/01 15:00:00","1168","珠希（工作服）","1","0","151","0","0","1168"
"2030/12/17 14:59:59","615212","2015/04/01 15:00:00","1169","美冬（工作服）","1","0","246","0","0","1169"
"2030/12/17 14:59:59","38113","2015/04/01 15:00:00","1170","惠理子（夏日）","1","0","53","0","0","1170"
"2030/12/17 14:59:59","212212","2015/04/01 15:00:00","1171","靜流（夏日）","1","0","128","0","0","1171"
"2030/12/17 14:59:59","442414","2015/04/01 15:00:00","1172","望（夏日）","1","0","186","0","0","1172"
"2030/12/17 14:59:59","311014","2015/04/01 15:00:00","1173","千歌（夏日）","1","0","159","0","0","1173"
"2030/12/17 14:59:59","326212","2015/04/01 15:00:00","1174","紡希（夏日）","1","0","161","0","0","1174"
"2030/12/17 14:59:59","613212","2015/04/01 15:00:00","1175","深月（大江戶）","1","0","243","0","0","1175"
"2030/12/17 14:59:59","721112","2015/04/01 15:00:00","1176","雪（大江戶）","1","0","275","0","0","1176"
"2030/12/17 14:59:59","100413","2015/04/01 15:00:00","1177","香織（萬聖節）","1","0","60","0","0","1177"
"2030/12/17 14:59:59","414414","2015/04/01 15:00:00","1178","妮諾（萬聖節）","1","0","174","0","0","1178"
"2030/12/17 14:59:59","222213","2015/04/01 15:00:00","1179","鈴奈（萬聖節）","1","0","142","0","0","1179"
"2030/12/17 14:59:59","128331","2015/04/01 15:00:00","1180","克蕾琪塔","1","0","98","0","0","1180"
"2030/12/17 14:59:59","809211","2015/04/01 15:00:00","1181","蘭法","1","0","290","0","0","1181"
"2030/12/17 14:59:59","612431","2015/04/01 15:00:00","1182","美空","1","0","239","0","0","1182"
"2030/12/17 14:59:59","108111","2015/04/01 15:00:00","1185","花凜","1","0","70","0","0","1185"
"2030/12/17 14:59:59","435111","2015/04/01 15:00:00","1186","涅比亞","1","0","181","0","0","1186"
"2030/12/17 14:59:59","10414","2015/04/01 15:00:00","1190","伊緒（黑暗）","1","0","34","0","0","1190"
"2030/12/17 14:59:59","120214","2015/04/01 15:00:00","1191","空花（黑暗）","1","0","85","0","0","1191"
"2030/12/17 14:59:59","605112","2015/04/01 15:00:00","1192","真陽（聖誕節）","1","0","221","0","0","1192"
"2030/12/17 14:59:59","814412","2015/04/01 15:00:00","1193","璃乃（聖誕節）","1","0","294","0","0","1193"
"2030/12/17 14:59:59","617012","2015/04/01 15:00:00","1199","宮子（聖誕節）","1","0","252","0","0","1199"
"2030/12/17 14:59:59","212214","2015/04/01 15:00:00","1200","靜流（黑暗）","1","0","129","0","0","1200"
"2030/12/17 14:59:59","210313","2015/04/01 15:00:00","1207","雪菲（新年）","1","0","122","0","0","1207"
"2030/12/17 14:59:59","821013","2015/04/01 15:00:00","1208","流夏（新年）","1","0","310","0","0","1208"
"2030/12/17 14:59:59","17114","2015/04/01 15:00:00","1209","伊莉亞（新年）","1","0","42","0","0","1209"
"2030/12/17 14:59:59","531412","2015/04/01 15:00:00","1210","貪吃佩可（超載）","1","0","204","0","0","1210"
"2030/12/17 14:59:59","117012","2015/04/01 15:00:00","1211","凱留（超載）","1","0","73","0","0","1211"
"2030/12/17 14:59:59","805113","2015/04/01 15:00:00","1212","拉比林斯達（超載）","1","0","288","0","0","1212"
"2030/12/17 14:59:59","128213","2015/04/01 15:00:00","1213","胡桃（舞台）","1","0","94","0","0","1213"
"2030/12/17 14:59:59","612012","2015/04/01 15:00:00","1214","美咲（舞台）","1","0","230","0","0","1214"
"2030/12/17 14:59:59","7212","2015/04/01 15:00:00","1215","步未（怪盜）","1","0","22","0","0","1215"
"2030/12/17 14:59:59","14412","2015/04/01 15:00:00","1216","祈梨（怪盜）","1","0","36","0","0","1216"
"2030/12/17 14:59:59","9433","2015/04/01 15:00:00","1219","杏奈（海盜）","1","0","30","0","0","1219"
"2030/12/17 14:59:59","214413","2015/04/01 15:00:00","1220","忍（海盜）","1","0","135","0","0","1220"
"2030/12/17 14:59:59","412","2015/04/01 15:00:00","1221","碧（露營）","1","0","3","0","0","1221"
"2030/12/17 14:59:59","721012","2015/04/01 15:00:00","1222","優花梨（露營）","1","0","271","0","0","1222"
"2030/12/17 14:59:59","20021","2015/04/01 15:00:00","1223","班比","1","0","45","0","0","1223"
"2030/12/17 14:59:59","517413","2015/04/01 15:00:00","1224","日和（夏日）","1","0","195","0","0","1224"
"2030/12/17 14:59:59","830113","2015/04/01 15:00:00","1225","怜（夏日）","1","0","314","0","0","1225"
"2030/12/17 14:59:59","720115","2015/04/01 15:00:00","1226","優衣（夏日）","1","0","267","0","0","1226"
"2030/12/17 14:59:59","117412","2015/04/01 15:00:00","1227","鏡華（夏日）","1","0","79","0","0","1227"
"2030/12/17 14:59:59","612412","2015/04/01 15:00:00","1228","禊（夏日）","1","0","236","0","0","1228"
"2030/12/17 14:59:59","616112","2015/04/01 15:00:00","1229","美美（夏日）","1","0","249","0","0","1229"
"2030/12/17 14:59:59","6312","2015/04/01 15:00:00","1230","愛梅斯","1","0","16","0","0","1230"
"2030/12/17 14:59:59","605412","2015/04/01 15:00:00","1231","真步（探險家）","1","0","224","0","0","1231"
"2030/12/17 14:59:59","6412","2015/04/01 15:00:00","1232","綾音（探險家）","1","0","19","0","0","1232"
"2030/12/17 14:59:59","430011","2015/04/01 15:00:00","1233","涅婭","1","0","175","0","0","1233"
"2030/12/17 14:59:59","819412","2015/04/01 15:00:00","1235","鈴（萬聖節）","1","0","302","0","0","1235"
"2030/12/17 14:59:59","346412","2015/04/01 15:00:00","1236","智（萬聖節）","1","0","165","0","0","1236"
"2030/12/17 14:59:59","404013","2015/04/01 15:00:00","1237","七七香（萬聖節）","1","0","170","0","0","1237"
"2030/12/17 14:59:59","128124","2015/04/01 15:00:00","1238","克莉絲提娜（狂野）","1","0","91","0","0","1238"
"2030/12/17 14:59:59","603213","2015/04/01 15:00:00","1239","茉莉（狂野）","1","0","219","0","0","1239"
"2030/12/17 14:59:59","1013","2015/04/01 15:00:00","1240","茜里（聖誕節）","1","0","9","0","0","1240"
"2030/12/17 14:59:59","748113","2015/04/01 15:00:00","1241","依里（聖誕節）","1","0","283","0","0","1241"
"2030/12/17 14:59:59","217212","2015/04/01 15:00:00","1242","純（聖誕節）","1","0","138","0","0","1242"
"2030/12/17 14:59:59","546113","2015/04/01 15:00:00","1245","帆稀（新年）","1","0","212","0","0","1245"
"2030/12/17 14:59:59","612023","2015/04/01 15:00:00","1246","美里（新年）","1","0","234","0","0","1246"
"2030/12/17 14:59:59","613213","2015/04/01 15:00:00","1247","深月（新年）","1","0","244","0","0","1247"
"2030/12/17 14:59:59","442415","2015/04/01 15:00:00","1248","望（解放者）","1","0","187","0","0","1248"
"2030/12/17 14:59:59","107013","2015/04/01 15:00:00","1249","嘉夜（解放者）","1","0","69","0","0","1249"
"2030/12/17 14:59:59","620113","2015/04/01 15:00:00","1250","矛依未（解放者）","1","0","256","0","0","1250"
"2030/12/17 14:59:59","306012","2015/04/01 15:00:00","1251","珠希（咖啡廳）","1","0","150","0","0","1251"
"2030/12/17 14:59:59","644112","2015/04/01 15:00:00","1252","莫妮卡（咖啡廳）","1","0","259","0","0","1252"
"2030/12/17 14:59:59","143217","2015/04/01 15:00:00","1253","可可蘿（遊俠）","1","0","110","0","0","1253"
"2030/12/17 14:59:59","210413","2015/04/01 15:00:00","1254","栞（遊俠）","1","0","126","0","0","1254"
"2030/12/17 14:59:59","210112","2015/04/01 15:00:00","1255","吉塔（術士）","1","0","119","0","0","1255"
"2030/12/17 14:59:59","511011","2015/04/01 15:00:00","1256","碧卡拉","1","0","192","0","0","1256"
"2030/12/17 14:59:59","108112","2015/04/01 15:00:00","1257","花凜（鍊金術師）","1","0","71","0","0","1257"
"2030/12/17 14:59:59","818112","2015/04/01 15:00:00","1258","莉莉（墮落）","1","0","299","0","0","1258"
"2030/12/17 14:59:59","128112","2015/04/01 15:00:00","1260","可璃亞（墮落）","1","0","87","0","0","1260"
"2030/12/17 14:59:59","528312","2015/04/01 15:00:00","1261","普蕾西亞（墮落）","1","0","202","0","0","1261"
"2030/12/17 14:59:59","17112","2015/04/01 15:00:00","1262","伊莉亞（祭服）","1","0","40","0","0","1262"
"2030/12/17 14:59:59","721113","2015/04/01 15:00:00","1263","雪（祭服）","1","0","276","0","0","1263"
"2030/12/17 14:59:59","128421","2015/04/01 15:00:00","1264","克蘿茜","1","0","103","0","0","1264"
"2030/12/17 14:59:59","800111","2015/04/01 15:00:00","1265","萊拉耶爾","1","0","284","0","0","1265"
"2030/12/17 14:59:59","434313","2015/04/01 15:00:00","1266","似似花（夏日）","1","0","179","0","0","1266"
"2030/12/17 14:59:59","1113","2015/04/01 15:00:00","1267","秋乃（夏日）","1","0","12","0","0","1267"
"2030/12/17 14:59:59","721014","2015/04/01 15:00:00","1268","優花梨（夏日）","1","0","273","0","0","1268"
"2030/12/17 14:59:59","809213","2015/04/01 15:00:00","1269","蘭法（夏日）","1","0","292","0","0","1269"
"2030/12/17 14:59:59","120213","2015/04/01 15:00:00","1270","空花（夏日）","1","0","84","0","0","1270"
"2030/12/17 14:59:59","214412","2015/04/01 15:00:00","1271","忍（夏日）","1","0","134","0","0","1271"
"2030/12/17 14:59:59","117016","2015/04/01 15:00:00","1272","凱留（插班生）","1","0","77","0","0","1272"
"2030/12/17 14:59:59","222214","2015/04/01 15:00:00","1273","鈴奈（插班生）","1","0","143","0","0","1273"
"2030/12/17 14:59:59","208314","2015/04/01 15:00:00","1275","咲戀（薩拉薩利亞）","1","0","116","0","0","1275"
"2030/12/17 14:59:59","821014","2015/04/01 15:00:00","1276","流夏（薩拉薩利亞）","1","0","309","0","0","1276"
"2030/12/17 14:59:59","819431","2015/04/01 15:00:00","1277","琳德","1","0","304","0","0","1277"
"2030/12/17 14:59:59","28211","2015/04/01 15:00:00","1278","烏爾姆","1","0","47","0","0","1278"
"2030/12/17 14:59:59","531413","2015/04/01 15:00:00","1279","貪吃佩可（聖誕節）","1","0","205","0","0","1279"
"2030/12/17 14:59:59","128332","2015/04/01 15:00:00","1280","克蕾琪塔（聖誕節）","1","0","99","0","0","1280"
"2030/12/17 14:59:59","14414","2015/04/01 15:00:00","1283","祈梨（新年）","1","0","38","0","0","1283"
"2030/12/17 14:59:59","503213","2015/04/01 15:00:00","1284","初音（新年）","1","0","190","0","0","1284"
"2030/12/17 14:59:59","102214","2015/04/01 15:00:00","1285","霞（新年）","1","0","64","0","0","1285"
"2030/12/17 14:59:59","517412","2015/04/01 15:00:00","1287","日和（星素）","1","0","194","0","0","1287"
"2030/12/17 14:59:59","830112","2015/04/01 15:00:00","1288","怜（星素）","1","0","313","0","0","1288"
"2030/12/17 14:59:59","720112","2015/04/01 15:00:00","1289","優衣（星素）","1","0","264","0","0","1289"
"2030/12/17 14:59:59","38131","2015/04/01 15:00:00","1290","厄莉絲","1","0","55","0","0","1290"
"2030/12/17 14:59:59","724112","2015/04/01 15:00:00","1293","優妮（冬日）","1","0","279","0","0","1293"
"2030/12/17 14:59:59","128412","2015/04/01 15:00:00","1294","克蘿依（冬日）","1","0","101","0","0","1294"
"2030/12/17 14:59:59","310312","2015/04/01 15:00:00","1295","琪愛兒（冬日）","1","0","154","0","0","1295"
"2030/12/17 14:59:59","4011","2015/04/01 15:00:00","1296","安涅默涅","1","0","14","0","0","1296"
"2030/12/17 14:59:59","435211","2015/04/01 15:00:00","1297","涅妃‧涅羅","1","0","182","0","0","1297"
"2030/12/17 14:59:59","601412","2015/04/01 15:00:00","1298","真琴（指揮官）","1","0","214","0","0","1298"
"2030/12/17 14:59:59","38112","2015/04/01 15:00:00","1299","惠理子（指揮官）","1","0","52","0","0","1299"
"2030/12/17 14:59:59","706011","2015/04/01 15:00:00","1300","倭","1","0","262","0","0","1300"
"2030/12/17 14:59:59","901011","2015/04/01 15:00:00","1301","若菜","1","0","320","0","0","1301"
"2030/12/17 14:59:59","525211","2015/04/01 15:00:00","1302","布武機","1","0","200","0","0","1302"
"2030/12/17 14:59:59","117413","2015/04/01 15:00:00","1307","鏡華（春日）","1","0","80","0","0","1307"
"2030/12/17 14:59:59","222223","2015/04/01 15:00:00","1308","鈴莓（春日）","1","0","146","0","0","1308"
"2030/12/17 14:59:59","128221","2015/04/01 15:00:00","1309","庫露露","1","0","95","0","0","1309"
"2030/12/17 14:59:59","605415","2015/04/01 15:00:00","1310","真步（夢想樂園）","1","0","227","0","0","1310"
"2030/12/17 14:59:59","430012","2015/04/01 15:00:00","1311","涅婭（夏日）","1","0","176","0","0","1311"
"2030/12/17 14:59:59","612433","2015/04/01 15:00:00","1312","美空（夏日）","1","0","241","0","0","1312"
"2030/12/17 14:59:59","818111","2015/04/01 15:00:00","1316","莉莉（夏日）","1","0","298","0","0","1316"
"2030/12/17 14:59:59","6313","2015/04/01 15:00:00","1317","愛梅斯（夏日）","1","0","17","0","0","1317"
"2030/12/17 14:59:59","546112","2015/04/01 15:00:00","1318","帆稀（夏日）","1","0","211","0","0","1318"
"2030/12/17 14:59:59","36212","2015/04/01 15:00:00","1319","愛蜜莉雅（夏日）","1","0","50","0","0","1319"
"2030/12/17 14:59:59","31111","2015/04/01 15:00:00","1320","艾姬多娜（夏日）","1","0","48","0","0","1320"
"2030/12/17 14:59:59","836212","2015/04/01 15:00:00","1321","雷姆（夏日）","1","0","319","0","0","1321"
"2030/12/17 14:59:59","442412","2015/04/01 15:00:00","1322","望（鍊金術師）","1","0","184","0","0","1322"
"2030/12/17 14:59:59","820111","2015/04/01 15:00:00","1323","露易絲瑪莉","1","0","305","0","0","1323"
"2030/12/17 14:59:59","17411","2015/04/01 15:00:00","1324","彩羽","1","0","43","0","0","1324"
"2030/12/17 14:59:59","244421","2015/04/01 15:00:00","1325","苑","1","0","148","0","0","1325"
"2030/12/17 14:59:59","800112","2015/04/01 15:00:00","1328","萊拉耶爾（聖誕節）","1","0","285","0","0","1328"
"2030/12/17 14:59:59","10412","2015/04/01 15:00:00","1329","伊緒（聖誕節）","1","0","32","0","0","1329"
"2030/12/17 14:59:59","128321","2015/04/01 15:00:00","1330","格蕾斯","1","0","97","0","0","1330"
"2030/12/17 14:59:59","20011","2015/04/01 15:00:00","1331","薇歐莉特","1","0","44","0","0","1331"
"2030/12/17 14:59:59","644113","2015/04/01 15:00:00","1332","莫妮卡（新年）","1","0","260","0","0","1332"
"2030/12/17 14:59:59","208315","2015/04/01 15:00:00","1335","咲戀（新年）","1","0","117","0","0","1335"
"2030/12/17 14:59:59","633411","2015/04/01 15:00:00","1336","梅杜莎","1","0","257","0","0","1336"
"2030/12/17 14:59:59","805112","2015/04/01 15:00:00","1337","拉比林斯達（始源）","1","0","287","0","0","1337"
"2030/12/17 14:59:59","434312","2015/04/01 15:00:00","1338","似似花（始源）","1","0","178","0","0","1338"
"2030/12/17 14:59:59","128122","2015/04/01 15:00:00","1339","克莉絲提娜（始源）","1","0","89","0","0","1339"
"2030/12/17 14:59:59","520111","2015/04/01 15:00:00","1340","菲歐","1","0","199","0","0","1340"
"2030/12/17 14:59:59","809212","2015/04/01 15:00:00","1343","蘭法（祭服）","1","0","291","0","0","1343"
"2030/12/17 14:59:59","311012","2015/04/01 15:00:00","1344","千歌（祭服）","1","0","157","0","0","1344"
"2030/12/17 14:59:59","128422","2015/04/01 15:00:00","1345","克蘿茜（航空）","1","0","104","0","0","1345"
"2030/12/17 14:59:59","414","2015/04/01 15:00:00","1346","碧（駕駛員）","1","0","5","0","0","1346"
"2030/12/17 14:59:59","540211","2015/04/01 15:00:00","1347","鳳凰","1","0","209","0","0","1347"
"2030/12/17 14:59:59","326213","2015/04/01 15:00:00","1348","紡希（吉歐‧格黑納）","1","0","162","0","0","1348"
"2030/12/17 14:59:59","104411","2015/04/01 15:00:00","1349","華音","1","0","66","0","0","1349"
"2030/12/17 14:59:59","38132","2015/04/01 15:00:00","1350","厄莉絲（夏日）","1","0","56","0","0","1350"
"2030/12/17 14:59:59","210312","2015/04/01 15:00:00","1351","雪菲（夏日）","1","0","121","0","0","1351"
"2030/12/17 14:59:59","528311","2015/04/01 15:00:00","1352","普蕾西亞（夏日）","1","0","201","0","0","1352"
"2030/12/17 14:59:59","128111","2015/04/01 15:00:00","1353","可璃亞（夏日）","1","0","86","0","0","1353"
"2030/12/17 14:59:59","4012","2015/04/01 15:00:00","1354","安涅默涅（夏日）","1","0","15","0","0","1354"
"2030/12/17 14:59:59","111","2015/04/01 15:00:00","1355","埃拉","1","0","1","0","0","1355"
"2030/12/17 14:59:59","214011","2015/04/01 15:00:00","1356","志那都","1","0","132","0","0","1356"
"2030/12/17 14:59:59","517414","2015/04/01 15:00:00","1357","日和（薩拉薩利亞）","1","0","196","0","0","1357"
"2030/12/17 14:59:59","721121","2015/04/01 15:00:00","1358","雪野","1","0","277","0","0","1358"
"2030/12/17 14:59:59","203211","2015/04/01 15:00:00","1359","剎鬼","1","0","112","0","0","1359"
"2030/12/17 14:59:59","8011","2015/04/01 15:00:00","1360","阿剌克涅","1","0","24","0","0","1360"
"2030/12/17 14:59:59","201211","2015/04/01 15:00:00","1361","櫻","1","0","111","0","0","1361"
"2030/12/17 14:59:59","400011","2015/04/01 15:00:00","1362","拿娜","1","0","167","0","0","1362"
"2030/12/17 14:59:59","612432","2015/04/01 15:00:00","1363","美空（聖誕節）","1","0","240","0","0","1363"
"2030/12/17 14:59:59","720114","2015/04/01 15:00:00","1364","優衣（聖誕節）","1","0","266","0","0","1364"
"2030/12/17 14:59:59","212213","2015/04/01 15:00:00","1365","靜流（新年）","1","0","131","0","0","1365"
"2030/12/17 14:59:59","414413","2015/04/01 15:00:00","1371","妮諾（夏日）","1","0","173","0","0","1371"
"2030/12/17 14:59:59","102213","2015/04/01 15:00:00","1374","霞（修女）","1","0","63","0","0","1374"
"2030/12/17 14:59:59","143216","2015/04/01 15:00:00","1376","可可蘿（嚮導幼君）","1","0","111","0","0","1376"
"2030/12/17 14:59:59","814413","2015/04/01 15:00:00","1379","璃乃（新年）","1","0","305","0","0","1379"
"2030/12/17 14:59:59","517416","2021/02/11 16:00:00","1801","日和（公主）","1","0","198","0","0","1801"
"2030/12/17 14:59:59","720117","2015/04/01 15:00:00","1802","優衣（公主）","1","0","269","0","0","1802"
"2030/12/17 14:59:59","830116","2015/04/01 15:00:00","1803","怜（公主）","1","0","317","0","0","1803"
"2030/12/17 14:59:59","531416","2020/06/22 16:00:00","1804","貪吃佩可（公主）","1","0","208","0","0","1804"
"2030/12/17 14:59:59","143215","2020/09/01 16:00:00","1805","可可蘿（公主）","1","0","109","0","0","1805"
"2030/12/17 14:59:59","117015","2015/04/01 15:00:00","1806","凱留（公主）","1","0","76","0","0","1806"
"2030/12/17 14:59:59","503221","2015/04/01 15:00:00","1807","初音＆栞","1","0","191","0","0","1807"
"2030/12/17 14:59:59","612421","2015/04/01 15:00:00","1808","禊＆美美＆鏡華","1","0","238","0","0","1808"
"2030/12/17 14:59:59","1121","2015/04/01 15:00:00","1809","秋乃＆咲戀","1","0","13","0","0","1809"
"2030/12/17 14:59:59","9421","2015/04/01 15:00:00","1810","安＆古蕾婭","1","0","27","0","0","1810"
"2030/12/17 14:59:59","212221","2015/04/01 15:00:00","1811","靜流＆璃乃","1","0","131","0","0","1811"
"2030/12/17 14:59:59","210314","2015/04/01 15:00:00","1812","雪菲（公主）","1","0","123","0","0","1812"
"2099/12/17 14:59:59","6311","2015/04/01 15:00:00","1900","愛梅斯","1","0","9900","0","0","1900"
"2099/12/17 14:59:59","999900","2015/04/01 15:00:00","2000","序章_牽起羈絆的人們","2","0","1","2000002","0","0"
"2099/12/17 14:59:59","999901","2015/04/01 15:00:00","2001","第1章_謎樣少女與記憶之鑰","2","1","2","2001005","0","0"
"2099/12/17 14:59:59","999902","2015/04/01 15:00:00","2002","第2章_誓約女君","2","1","3","2002005","0","0"
"2099/12/17 14:59:59","999903","2015/04/01 15:00:00","2003","第3章_襲來的黑色幻影","2","1","4","2003005","0","0"
"2099/12/17 14:59:59","999904","2015/04/01 15:00:00","2004","第4章_災厄的牧場","2","1","5","2004005","0","0"
"2099/12/17 14:59:59","999905","2015/04/01 15:00:00","2005","第5章_集結、七冠","2","1","6","2005006","0","0"
"2099/12/17 14:59:59","999906","2015/04/01 15:00:00","2006","第6章_被遺忘的公主","2","1","7","2006013","0","0"
"2030/12/17 14:59:59","999907","2015/04/01 15:00:00","2007","第7章_被預言的災禍","2","1","8","2007012","0","0"
"2030/12/17 14:59:59","999908","2019/02/18 16:00:00","2008","第8章_彼此交錯的感情","2","1","9","2008015","0","0"
"2030/12/17 14:59:59","999909","2019/04/19 16:00:00","2009","第9章_被盯上的演唱會","2","1","10","2009099","0","0"
"2030/12/17 14:59:59","999910","2019/06/17 16:00:00","2010","第10章_貪吃佩可救出作戰","2","1","11","2010006","0","0"
"2030/12/17 14:59:59","999911","2019/08/15 16:00:00","2011","第11章_打擊希望的黑鐵","2","1","12","2011008","0","0"
"2030/12/17 14:59:59","999912","2019/09/17 16:00:00","2012","第12章_面具下的真實面貌","2","1","13","2012014","0","0"
"2030/12/17 14:59:59","999913","2019/11/15 16:00:00","2013","第13章_決戰，蘭德索爾","2","1","14","2013015","0","0"
"2030/12/17 14:59:59","999914","2020/02/14 16:00:00","2014","第14章_兇滅的霸瞳皇帝","2","1","15","2014008","0","0"
"2030/12/17 14:59:59","999915","2020/04/14 16:00:00","2015","第15章_Re：連結","2","1","16","2015009","0","0"
"2030/12/17 14:59:59","999921","2020/05/15 16:00:00","2101","第2部 第1章_冒險，再起","2","1","17","2101014","0","0"
"2030/12/17 14:59:59","999922","2020/07/13 16:00:00","2102","第2部 第2章_災禍的軍團","2","1","18","2102011","0","0"
"2030/12/17 14:59:59","999923","2015/04/01 15:00:00","2103","第2部 第3章_暴風雨的開始","2","1","19","2103017","0","0"
"2030/12/17 14:59:59","999924","2021/01/15 16:00:00","2104","第2部 第4章_暫時的同班同學","2","1","20","2104008","0","0"
"2030/12/17 14:59:59","999925","2021/03/15 16:00:00","2105","第2部 第5章_龍群與金幣的坩堝","2","1","21","2105002","0","0"
"2030/12/17 14:59:59","999926","2021/05/17 16:00:00","2106","第2部 第6章 _大江戶漫遊湯煙旅情","2","1","22","2106006","0","0"
"2030/12/17 14:59:59","999927","2021/07/16 16:00:00","2107","第2部 第7章 _自黑暗伸出的手","2","1","23","2107099","0","0"
"2030/12/17 14:59:59","999928","2021/09/16 16:00:00","2108","第2部 第8章 _贊恩覺醒","2","1","24","2108005","0","0"
"2030/12/17 14:59:59","999929","2021/11/15 16:00:00","2109","第2部 第9章_激鬥！【憤怒‧軍團】","2","1","25","2109012","0","0"
"2030/12/17 14:59:59","999930","2022/02/15 16:00:00","2110","第2部 第10章_獸人族之國‧珊托魯斯","2","1","26","2110010","0","0"
"2030/12/17 14:59:59","999931","2022/04/15 16:00:00","2111","第2部 第11章_虛空與魔性的遊戲","2","1","27","2111009","0","0"
"2030/12/17 14:59:59","999932","2022/06/15 16:00:00","2112","第2部 第12章_激鬥、七冠","2","1","28","2112008","0","0"
"2030/12/17 14:59:59","999933","2022/08/15 16:00:00","2113","第2部 第13章_被囚禁的愛梅斯","2","1","29","2113008","0","0"
"2030/12/17 14:59:59","999934","2022/11/15 16:00:00","2114","第2部 第14章_封閉的理想鄉","2","1","30","2114006","0","0"
"2030/12/17 14:59:59","999935","2023/01/16 16:00:00","2115","第2部 第15章_終局序曲","2","1","31","2115008","0","0"
"2030/12/17 14:59:59","999936","2023/03/15 16:00:00","2116","第2部 第16章_終結世界","2","1","32","2116011","0","0"
"2030/12/17 14:59:59","999937","2023/06/15 16:00:00","2201","第3部 第1章_反轉世界","2","1","33","2201007","0","0"
"2030/12/17 14:59:59","999938","2023/08/15 16:00:00","2202","第3部 第2章_突襲！蠻賊三姊妹","2","1","34","2202006","0","0"
"2030/12/17 14:59:59","999939","2023/10/16 16:00:00","2203","第3部 第3章_寶石兔與天使之雷","2","1","35","2203005","0","0"
"2030/12/17 14:59:59","999940","2015/04/01 15:00:00","2204","第3部 第4章_存亡的吉歐‧提格尼亞","2","1","36","2204004","0","0"
"2030/12/17 14:59:59","999941","2015/04/01 15:00:00","2205","第3部第5章_吉歐‧格黑納與煉花不死鳥","2","1","37","2205006","0","0"
"2030/12/17 14:59:59","999942","2015/04/01 15:00:00","2206","第3部 第6章_幻變少女vs蠻賊三姊妹","2","1","38","2206005","0","0"
"2030/12/17 14:59:59","999943","2015/04/01 15:00:00","2207","第3部 第7章_安涅默涅的眼淚","2","1","39","2207006","0","0"
"2030/12/17 14:59:59","999944","2015/04/01 15:00:00","2208","第3部 第8章_四世界公主會議","2","1","40","2208004","0","0"
"2030/12/17 14:59:59","999945","2015/04/01 15:00:00","2209","第3部 第9章_救出雪菲作戰","2","1","41","2209009","0","0"
"2030/12/17 14:59:59","999946","2015/04/01 15:00:00","2210","第3部第10章_闇謀的吉歐‧尼布爾黑爾","2","0","42","2210006","0","0"
"2030/12/17 14:59:59","999947","2015/04/01 15:00:00","2211","第3部 第11章_侵蝕的「正義」","2","0","43","2211006","0","0"
"2030/12/17 14:59:59","999948","2015/04/01 15:00:00","2212","第3部 第12章_黑暗深處的死鬥","2","0","44","2212006","0","0"
"2030/12/17 14:59:59","999949","2015/04/01 15:00:00","2213","第3部 第13章_降臨的幻境","2","0","45","2213006","0","0"
"2030/12/17 14:59:59","999950","2015/04/01 15:00:00","2214","第3部 第14章_阿爾莎特的誘惑","2","0","46","2214099","0","0"
"2030/12/17 14:59:59","999951","2015/04/01 15:00:00","2215","第3部 第15章_嚮導幼君","2","0","47","2215004","0","0"
"2099/12/17 14:59:59","512111","2015/04/01 15:00:00","3001","美食殿堂","3","0","1","0","0","1"
"2099/12/17 14:59:59","400111","2015/04/01 15:00:00","3002","王宮騎士團","3","0","8","0","0","2"
"2099/12/17 14:59:59","208321","2015/04/01 15:00:00","3003","咲戀育幼院","3","0","9","0","0","3"
"2099/12/17 14:59:59","100421","2015/04/01 15:00:00","3004","哞哞自衛隊","3","0","10","0","0","4"
"2099/12/17 14:59:59","38121","2015/04/01 15:00:00","3005","伊麗莎白牧場","3","0","11","0","0","5"
"2099/12/17 14:59:59","805111","2015/04/01 15:00:00","3006","拉比林斯","3","0","3","0","0","6"
"2099/12/17 14:59:59","340211","2015/04/01 15:00:00","3007","破曉之星","3","0","2","0","0","7"
"2099/12/17 14:59:59","638211","2015/04/01 15:00:00","3008","墨丘利財團","3","0","12","0","0","8"
"2099/12/17 14:59:59","520411","2015/04/01 15:00:00","3009","森林守衛","3","0","6","0","0","9"
"2099/12/17 14:59:59","108211","2015/04/01 15:00:00","3010","慈樂之音","3","0","4","0","0","10"
"2099/12/17 14:59:59","349011","2015/04/01 15:00:00","3011","暮光流星群","3","0","13","0","0","11"
"2099/12/17 14:59:59","20011","2015/04/01 15:00:00","3012","純白之翼\n蘭德索爾分部","3","0","15","0","0","12"
"2099/12/17 14:59:59","813411","2015/04/01 15:00:00","3013","小小甜心","3","0","5","0","0","13"
"2099/12/17 14:59:59","330111","2015/04/01 15:00:00","3014","惡魔偽王國軍","3","0","7","0","0","14"
"2099/12/17 14:59:59","820221","2015/04/01 15:00:00","3015","月光學院","3","0","14","0","0","15"
"2030/12/17 14:59:59","239411","2020/01/10 16:00:00","3016","聖德蕾莎女子學院（好朋友社）","3","0","16","0","0","16"
"2030/12/17 14:59:59","348011","2020/03/19 16:00:00","3017","龍族巢穴","3","0","17","0","0","17"
"2030/12/17 14:59:59","8211","2015/04/01 15:00:00","3022","阿爾克絲鍊金堂","3","0","18","0","0","22"
"2099/12/17 14:59:59","118211","2015/04/01 15:00:00","4001","公會小屋","4","0","1","0","7","0"
"2099/12/17 14:59:59","8111","2015/04/01 15:00:00","4002","競技場","4","0","1","0","6","0"
"2099/12/17 14:59:59","309411","2015/04/01 15:00:00","4003","地下城","4","0","1","0","5","0"
"2099/12/17 14:59:59","15311","2015/04/01 15:00:00","4004","活動","4","0","1","0","1","5"
"2099/12/17 14:59:00","824021","2015/04/01 15:00:00","4005","露娜之塔","4","0","1","0","2","0"
"2099/12/17 14:59:59","845411","2020/04/01 00:00:00","4006","機械莉瑪來襲！","4","0","1","0","8","0"
"2099/12/17 14:59:59","503411","2021/04/01 00:00:00","4007","蘭德索爾之戰","4","0","1","0","8","0"
"2099/12/17 14:59:00","3411","2015/04/01 15:00:00","4008","探險","4","0","1","0","5","0"
"2030/12/17 14:59:59","3411","2023/07/07 16:00:00","4009","次元斷層（暫）","4","0","1","0","3","0"
"2030/12/17 14:59:59","5000","2015/04/01 15:00:00","4010","生日劇情","4","0","1","0","9","0"
"2030/12/17 14:59:59","8111","2015/04/01 15:00:00","4011","戰鬥試煉場","4","0","1","0","6","0"
"2030/12/17 14:59:59","830111","2015/04/01 15:00:00","4013","黎明界迷宮","4","0","1","0","6","0"
"2030/12/17 14:59:59","830112","2015/04/01 15:00:00","4014","突襲活動","4","0","1","0","4","0"
"2099/12/17 14:59:59","40211","2020/04/27 16:00:00","9001","王都終末決戰","9","0","0","0","8","0"
"2030/12/17 14:59:59","40211","2021/07/17 05:00:00","9002","3rd Anniversary","4","0","0","0","8","0"
"2030/12/17 14:59:59","40211","2022/07/16 05:00:00","9004","4th Anniversary","4","0","0","0","8","0"
"2030/12/17 14:59:59","40211","2023/01/06 05:00:00","9005","4.5th Anniversary","4","0","0","0","8","0"
"2030/12/17 14:59:59","40211","2023/07/17 05:00:00","9006","5th Anniversary","4","0","0","0","8","0"
"2030/12/17 14:59:59","40211","2024/01/24 05:00:00","9007","5.5 Year Anniversary","4","0","0","0","8","0"
"2030/12/17 14:59:59","40211","2024/07/17 05:00:00","9008","6th Anniversary","4","0","0","0","8","0"
"2030/12/17 14:59:59","40211","2025/01/18 05:00:00","9009","6.5 Year Anniversary","4","0","0","0","8","0"
"2030/12/17 14:59:59","40211","2025/07/24 05:00:00","9010","7th Anniversary","4","0","0","0","8","0"
"2030/12/17 14:59:59","40211","2026/01/30 05:00:00","9012","7.5 Year Anniversary","4","0","0","0","8","0"