339f1ae7391468febc7924f728c5dc311ed5106493b9335ce1cd79442647a502,221012f62f7b3238199cd57403b1e00ad4112298128b67af0d3d55e160650bda,f6532cb0a5577aa1c90cdfd9f74813f598e0a8caef4f513d7092691e5bf790de,7e76e8095a821af6fa499aea52185e2a080bae2ff0dd1ff8a6ebadfd7bfb37a2
"2","1003","","11001348"
"2","1003","","11001349"
"1","1003","閱覽所有阿斯特朗開發錄的內容","11001350"
"2","1003","","11001351"
"2","1003","","11001352"
"1","1003","閱覽所有克蘿茜大解密的內容","11001353"
"2","1003","","11001354"
"2","1003","","11001355"
"1","1003","閱覽所有華隸大小姐的更生挑戰的內容","11001356"
"2","1003","","11001357"
"2","1003","","11001358"
"1","1003","閱覽所有妮諾，建立大奧的內容","11001359"
"2","1003","","11001360"
"1","1003","閱覽所有複製品世界回憶的內容","11001361"
"2","1003","","11001362"
"2","1003","","11001363"
"2","1003","","11001364"
"2","1003","","11001365"
"2","1003","","11001366"
"1","1003","達成佐賀牛頭怪的完全討伐","11100000"