53c6d01cc02d3c8bb76bb538a047caf4d9734df953cc87dedc80116d4b0de60e,bad530762fe8c2d5dc9a92b10fb163314f3d3e314961e407f35c14c7156ae1e0,b2cd416260868cc78756987d69430e1e1f10464718f857f6982e0cc2ef40c5c4,8d3e579b62d84842854d529ccac3838a52731298fa55a904b6c3ede3b8245bbb
"2020/04/27 17:00:00","1","1","0"
"2020/04/27 18:00:00","2","1","60"
"2020/04/27 19:00:00","3","1","60"
"2020/04/27 20:00:00","4","1","60"
"2020/04/27 21:00:00","5","1","60"
"2020/04/27 22:00:00","6","1","60"
"2020/04/27 23:00:00","7","1","60"
"2020/04/28","8","1","60"
"2020/04/28 01:00:00","9","1","60"
"2020/04/28 02:00:00","10","1","60"
"2020/04/28 03:00:00","11","1","60"
"2020/04/28 04:00:00","12","1","60"
"2020/04/28 05:00:00","13","1","60"
"2020/04/28 06:00:00","14","1","60"
"2020/04/28 07:00:00","15","1","60"
"2020/04/28 08:00:00","16","1","60"
"2020/04/28 09:00:00","17","1","60"
"2020/04/28 10:00:00","18","1","60"
"2020/04/28 11:00:00","19","1","60"
"2020/04/28 12:00:00","20","1","60"
"2020/04/28 13:00:00","21","1","60"
"2020/04/28 14:00:00","22","1","60"
"2020/04/28 15:00:00","23","1","60"
"2020/04/28 16:00:00","24","1","60"
"2020/04/28 17:00:00","25","1","60"
"2020/04/28 18:00:00","26","1","60"
"2020/04/28 19:00:00","27","1","60"
"2020/04/28 20:00:00","28","1","60"
"2020/04/28 21:00:00","29","1","60"
"2020/04/28 22:00:00","30","1","60"
"2020/04/28 23:00:00","31","1","60"
"2020/04/29","32","1","60"
"2020/04/29 01:00:00","33","1","60"
"2020/04/29 02:00:00","34","1","60"
"2020/04/29 03:00:00","35","1","60"
"2020/04/29 04:00:00","36","1","60"
"2020/04/29 05:00:00","37","1","60"
"2020/04/29 06:00:00","38","1","60"
"2020/04/29 07:00:00","39","1","60"
"2020/04/29 08:00:00","40","1","60"
"2020/04/29 09:00:00","41","1","60"
"2020/04/29 10:00:00","42","1","60"
"2020/04/29 11:00:00","43","1","60"
"2020/04/29 12:00:00","44","1","60"
"2020/04/29 13:00:00","45","1","60"
"2020/04/29 14:00:00","46","1","60"
"2020/04/29 15:00:00","47","1","60"
"2020/04/29 16:00:00","48","1","60"
"2020/04/29 17:00:00","49","1","60"
"2020/04/29 18:00:00","50","1","60"
"2020/04/29 19:00:00","51","1","60"
"2020/04/29 20:00:00","52","1","60"
"2020/04/29 21:00:00","53","1","60"
"2020/04/29 22:00:00","54","1","60"
"2020/04/29 23:00:00","55","1","60"
"2020/04/30","56","1","60"
"2020/04/30 01:00:00","57","1","60"
"2020/04/30 02:00:00","58","1","60"
"2020/04/30 03:00:00","59","1","60"
"2020/04/30 04:00:00","60","1","60"
"2020/04/30 05:00:00","61","1","60"
"2020/04/30 06:00:00","62","1","60"
"2020/04/30 07:00:00","63","1","60"
"2020/04/30 08:00:00","64","1","60"
"2020/04/30 09:00:00","65","1","60"
"2020/04/30 10:00:00","66","1","60"
"2020/04/30 11:00:00","67","1","60"
"2020/04/30 12:00:00","68","1","60"
"2020/04/30 13:00:00","69","1","60"
"2020/04/30 14:00:00","70","1","60"
"2020/04/30 15:00:00","71","1","60"
"2020/04/30 16:00:00","72","1","60"
"2020/04/30 17:00:00","73","1","60"
"2020/04/30 18:00:00","74","1","60"
"2020/04/30 19:00:00","75","1","60"
"2020/04/30 20:00:00","76","1","60"
"2020/04/30 21:00:00","77","1","60"
"2020/04/30 22:00:00","78","1","60"
"2020/04/30 23:00:00","79","1","60"
"2020/05/01","80","1","60"
"2020/05/01 01:00:00","81","1","60"
"2020/05/01 02:00:00","82","1","60"
"2020/05/01 03:00:00","83","1","60"
"2020/05/01 04:00:00","84","1","60"
"2020/05/01 05:00:00","85","1","60"
"2020/05/01 06:00:00","86","1","60"
"2020/05/01 07:00:00","87","1","60"
"2020/05/01 08:00:00","88","1","60"
"2020/05/01 09:00:00","89","1","60"
"2020/05/01 10:00:00","90","1","60"
"2020/05/01 11:00:00","91","1","60"
"2020/05/01 12:00:00","92","1","60"
"2020/05/01 13:00:00","93","1","60"
"2020/05/01 14:00:00","94","1","60"
"2020/05/01 15:00:00","95","1","60"
"2020/05/01 16:00:00","96","1","60"
"2020/05/01 17:00:00","97","1","60"
"2020/05/01 18:00:00","98","1","60"
"2020/05/01 19:00:00","99","1","60"
"2020/05/01 20:00:00","100","1","60"
"2020/05/01 21:00:00","101","1","60"
"2020/05/01 22:00:00","102","1","60"
"2020/05/01 23:00:00","103","1","60"
"2020/05/02","104","1","60"
"2020/05/02 01:00:00","105","1","60"
"2020/05/02 02:00:00","106","1","60"
"2020/05/02 03:00:00","107","1","60"
"2020/05/02 04:00:00","108","1","60"
"2020/05/02 05:00:00","109","1","60"
"2020/05/02 06:00:00","110","1","60"
"2020/05/02 07:00:00","111","1","60"
"2020/05/02 08:00:00","112","1","60"
"2020/05/02 09:00:00","113","1","60"
"2020/05/02 10:00:00","114","1","60"
"2020/05/02 11:00:00","115","1","60"
"2020/05/02 12:00:00","116","1","60"
"2020/05/02 13:00:00","117","1","60"
"2020/05/02 14:00:00","118","1","60"
"2020/05/02 15:00:00","119","1","60"
"2020/05/02 16:00:00","120","1","60"
"2020/05/02 17:00:00","121","1","60"
"2020/05/02 18:00:00","122","1","60"
"2020/05/02 19:00:00","123","1","60"
"2020/05/02 20:00:00","124","1","60"
"2020/05/02 21:00:00","125","1","60"
"2020/05/02 22:00:00","126","1","60"
"2020/05/02 23:00:00","127","1","60"
"2020/05/03","128","1","60"
"2020/05/03 01:00:00","129","1","60"
"2020/05/03 02:00:00","130","1","60"
"2020/05/03 03:00:00","131","1","60"
"2020/05/03 04:00:00","132","1","60"
"2020/05/03 05:00:00","133","1","60"
"2020/05/03 06:00:00","134","1","60"
"2020/05/03 07:00:00","135","1","60"
"2020/05/03 08:00:00","136","1","60"
"2020/05/03 09:00:00","137","1","60"
"2020/05/03 10:00:00","138","1","60"
"2020/05/03 11:00:00","139","1","60"
"2020/05/03 12:00:00","140","1","60"
"2020/05/03 13:00:00","141","1","60"
"2020/05/03 14:00:00","142","1","60"
"2020/05/03 15:00:00","143","1","60"
"2020/05/03 16:00:00","144","1","60"
"2020/05/03 17:00:00","145","1","60"
"2020/05/03 18:00:00","146","1","60"
"2020/05/03 19:00:00","147","1","60"
"2020/05/03 20:00:00","148","1","60"
"2020/05/03 21:00:00","149","1","60"
"2020/05/03 22:00:00","150","1","60"
"2020/05/03 23:00:00","151","1","60"
"2020/05/04","152","1","60"
"2020/05/04 01:00:00","153","1","60"
"2020/05/04 02:00:00","154","1","60"
"2020/05/04 03:00:00","155","1","60"
"2020/05/04 04:00:00","156","1","60"
"2020/05/04 05:00:00","157","1","60"
"2020/05/04 06:00:00","158","1","60"
"2020/05/04 07:00:00","159","1","60"
"2020/05/04 08:00:00","160","1","60"
"2020/05/04 09:00:00","161","1","60"
"2020/05/04 10:00:00","162","1","60"
"2020/05/04 11:00:00","163","1","60"
"2020/05/04 12:00:00","164","1","60"
"2020/05/04 13:00:00","165","1","60"
"2020/05/04 14:00:00","166","1","60"
"2020/05/04 15:00:00","167","1","60"
"2020/05/04 16:00:00","168","1","60"
"2020/05/04 17:00:00","169","1","60"
"2020/05/04 18:00:00","170","1","60"
"2020/05/04 19:00:00","171","1","60"
"2020/05/04 20:00:00","172","1","60"
"2020/05/04 21:00:00","173","1","60"
"2020/05/04 22:00:00","174","1","60"
"2020/05/04 23:00:00","175","1","60"
"2020/05/05","176","1","60"
"2020/05/05 01:00:00","177","1","60"
"2020/05/05 02:00:00","178","1","60"
"2020/05/05 03:00:00","179","1","60"
"2020/05/05 04:00:00","180","1","60"
"2020/05/05 05:00:00","181","1","60"
"2020/05/05 06:00:00","182","1","60"
"2020/05/05 07:00:00","183","1","60"
"2020/05/05 08:00:00","184","1","60"
"2020/05/05 09:00:00","185","1","60"
"2020/05/05 10:00:00","186","1","60"
"2020/05/05 11:00:00","187","1","60"
"2020/05/05 12:00:00","188","1","60"
"2020/05/05 13:00:00","189","1","60"
"2020/05/05 14:00:00","190","1","60"
"2020/05/05 15:00:00","191","1","60"