27ed1e2cfc2c0e99aa2e63bcf37f9669c8c50e35af5697a5a63f4cc1ea18c162,8243b5296caefee6a93a95bb635fea48c6acd0666dfa07de162a2ed18bd7ef06,def48d48650be8386050484676a98f42518acd6a3c12d965b2c85ca5d1633791,0ececaf2696ac4ead1fead44a8b977788d240984d1eec71d50ef8bb98f82cd5f
"阿爾克絲三分鐘鍊金術","2","110010011","4012001"
"大訂單交易到手高興死了♡","2","110010012","4012002"
"小個子的精靈族而且是綠色的","2","110010012","4012003"
"我會摸摸妳的頭","2","110010012","4012004"
"戀愛一直都是","2","110010012","4012005"
"這樣不好嗎～♪","2","110010012","4012006"
"彩羽的體力鍛鍊法","2","110010012","4012007"
"The‧違和感","2","110010012","4012008"
"初音希望不會想睡","2","110010012","4012009"
"是很有成就感的工作","2","110010012","4012010"
"留在夢中就好","2","110010013","4012011"
"妖豔女子的溫泉旅行計畫","2","110010013","4012012"
"嗯哼，成人苑？","2","110010013","4012013"
"美，突破極限","2","110010013","4012014"
"差不多可以畢業了？","2","110010013","4012015"
"交換身體後能做到的事","2","110010013","4012016"
"彩羽也可以做到啦","2","110010013","4012017"
"千變萬化的祕藥","2","110010013","4012018"
"變成大人的苑","2","110010013","4012019"
"大人的特權","2","110010013","4012020"
"不是素材","2","110010013","4012021"
"是鹿和龍啦……","2","110010013","4012022"
"露易絲瑪莉的贈禮①","1","110010021","4012023"
"露易絲瑪莉的贈禮②","1","110010021","4012024"
"露易絲瑪莉的贈禮③","1","110010021","4012025"
"彩羽的贈禮①","1","110010021","4012026"
"彩羽的贈禮②","1","110010021","4012027"
"彩羽的贈禮③","1","110010021","4012028"
"苑的贈禮①","1","110010021","4012029"
"苑的贈禮②","1","110010021","4012030"
"苑的贈禮③","1","110010021","4012031"
"苑的贈禮④","1","110010021","4012032"