9484ec345c19bf631247e25a9172eb0f7c3f3f9887a263ddb3d971ff9b8df9d9,74f80b467ea4fbab0228f5186121e91770b05287de55e2a347faedb8aac23b53,8b312c28dda222cf5de24949e930fc64b155d139ead3e58e0b12e6dba68f0d6c,b5e164065816d35441947bdf4de285a2d36a75249b7ce8659a103315d2ba0ed5,446cf8d70b529096c3d4d8b3eae0ad96840e4ec180f1b8ad3b5ca2bea5cd25a5,a72eadfd1d06ff03388afb5a90bab84a5caa0f40fd9f01f621d37a13718df9ca,b6ad0f4c2ae883a70b81e5fee7b3b9ed933678c594fb1c7c40863343fd32c90e,369beebd4afe61c12669ebdcac84bbe6e87730e88726f962a57146f4a58921c8
"2030/01/01 1:00:00","1","0","1","0","5023000","どうしてこんな\nことに……？","2020/08/16 5:00:00"
"2030/01/01 1:00:00","2","0","2","0","5023001","ごきげんようが\n言えなくて","2020/08/16 5:00:00"
"2030/01/01 1:00:00","3","0","3","0","5023002","やっちゃった！","2020/08/16 5:00:00"
"2030/01/01 1:00:00","4","0","4","0","5023002","ユニさんは\nこんな人","2020/08/17 5:00:00"
"2030/01/01 1:00:00","5","0","5","0","5023002","クロエさんは\nこんな人","2020/08/17 5:00:00"
"2030/01/01 1:00:00","6","0","6","0","5023002","チエルさんは\nこんな人","2020/08/17 5:00:00"
"2030/01/01 1:00:00","7","0","7","0","5023003","知的な\nユニさん","2020/08/18 5:00:00"
"2030/01/01 1:00:00","8","0","8","0","5023003","優しい\nクロエさん","2020/08/18 5:00:00"
"2030/01/01 1:00:00","9","0","9","0","5023003","憧れの\nチエルさん","2020/08/18 5:00:00"
"2030/01/01 1:00:00","10","0","10","0","5023003","特別講座の\n練習","2020/08/19 5:00:00"
"2030/01/01 1:00:00","11","0","11","0","5023004","いよいよ\n特別講座","2020/08/19 5:00:00"
"2030/01/01 1:00:00","12","0","12","0","5023005","さすがBB団の\n団長さん！","2020/08/19 5:00:00"
"2030/01/01 1:00:00","13","0","13","0","5023006","マンドラゴラで\nパニック","2020/08/19 5:00:00"
"2030/01/01 1:00:00","14","0","14","0","5023007","最終日","2020/08/23 5:00:00"
"2030/01/01 1:00:00","15","0","0","1","5023000","","2020/08/23 21:00:00"
"2030/01/01 1:00:00","16","0","0","1","5023000","","2020/08/23 21:00:00"
"2030/01/01 1:00:00","17","0","0","1","5023000","","2020/08/23 21:00:00"