f7dcdae882fb436f434f531c30e42acc8762b6f3bd5226b763cc08cb0d6c953a,1b281c1cb4c8e01ec837ecae77ee873ea19d81579953c3179f4ce56a43e451a3,9b9929f9ae5fc3622041e4d4c64e78d756bd9d6ff0e20cb47ae05d64fa7a33c2,51982ec73aae682761e66fc43c3168ecbcc3f8dc2f7b93d3d93168db30171f7b,f8cb15b29883b7c5e3a457f3964077d3f608b36d52ca01f4776af78bf4a6bfd9,6e8291c1f7fe3cb9ab7a17bf90f0f09e5d819619f9347c1f96c352a8121ad894,d2503e65552f23d409e03d18bbd76a475cf623a5dc702e92fb0054182709ddc6,b03bd83edf5d672307df1b1bb48a4272d5ebfa5f9b358e4163f5465eb61d8d6a,7c9f0f792010fbab2b5e1c919abb5eb434f7b6366a643c6fb98e4f07af4b711a,f85ed7e090ce7724e0382a5295745e57f4724ebac8eeca43af2a9d924c562602,4c5b120697de0b4cff56f9574d76e2858cd1477e158e7f0ef1de9483efb6c22f,6e712e9228d5e0f65eb4efa5c0b11f9384237fce8f7a7fe3486f86d4266a9302,a41a43b0e9e7a68926d1314cf7d66b2026d99db29837b111303223615c3568ea,4db6d6165a2d68a7397404e0dd811fc52140ab64f0caf633a496b2c6a692af24,ebf3e62993912a2b7188a5696eb93893768484fa437fad0bfc6043ffe37d99e6,e6951d917cdfe8d23c301101bb956cb02c5e43f455f271e23d360320ac60c5f1,b3c5aaa25dcd6417b1cc7a846fd2e4881623f9993e2c8ab9f0f5431a37bd5a05,61700b9c01ab79a0e0b2ad08f729d49adb531676a374f8b1b2d3fc101d741650,9b70627032b2a077dc3c136875fb99272388ac95c8369b3bd35cdeec970d8a4d,13578115532e37b9ef8227a3f3257dbd21eb3eda2002153e9d0e4e60e98b5760
"0","0","8","ダイブ・アストルム　\n七つの願いと創世の残響 オープニング","1","91002","1","0","0","10201","0","1","0","5201000","0","0","0","0","20","かつて、その始まり"
"1","0","8","ダイブ・アストルム　\n七つの願いと創世の残響 第1話（迷宮女王）","1","91002","2","0","0","10201","0","1","0","5201001","0","0","0","0","20","残響：迷宮女王"
"1","0","8","ダイブ・アストルム　\n七つの願いと創世の残響 第1話（誓約女君）","1","91002","3","0","0","10201","0","1","0","5201002","0","0","0","0","20","残響：誓約女君"
"1","0","8","ダイブ・アストルム　\n七つの願いと創世の残響 第1話（跳躍王）","1","91002","4","0","0","10201","0","1","0","5201003","0","0","0","0","20","残響：跳躍王"
"0","0","8","ダイブ・アストルム　\n七つの願いと創世の残響 第2話","1","91002","5","0","0","10201","0","1","0","5201004","0","0","0","0","20","α Re:load"
"0","0","8","ダイブ・アストルム　\n七つの願いと創世の残響 第3話","1","91002","6","0","0","10201","0","1","0","5201005","0","0","0","0","20","プロトタイプ"
"0","0","8","ダイブ・アストルム　\n七つの願いと創世の残響 第4話（覇瞳皇帝）","1","91002","7","0","0","10201","0","1","0","5201006","0","0","0","0","20","残響：覇瞳皇帝"
"0","0","8","ダイブ・アストルム　\n七つの願いと創世の残響 第4話（変貌大妃）","1","91002","8","0","0","10201","0","1","0","5201007","0","0","0","0","20","残響：変貌大妃"
"0","0","8","ダイブ・アストルム　\n七つの願いと創世の残響 第4話（嚮導老君）","1","91002","9","0","0","10201","0","1","0","5201008","0","0","0","0","20","残響：嚮導老君"
"0","0","8","ダイブ・アストルム　\n七つの願いと創世の残響 第5話","1","91002","10","0","0","10201","0","1","0","5201009","0","0","0","0","20","Crowns fusion"
"0","0","8","ダイブ・アストルム　\n七つの願いと創世の残響 エンディング","1","91002","11","0","0","10201","0","1","0","5201010","0","0","0","0","20","生まれた願い、交わす約束"
"1","0","8","ダイブ・アストルム　\n七つの願いと創世の残響 エピローグ","1","91002","12","0","0","10201","0","1","0","5201011","0","0","0","0","20","残響の消える時"
"0","0","8","ダイブ・アストルム　\n七つの願いと創世の残響 ","0","91002","0","0","0","10201","0","2","0","5201051","0","0","0","0","50","イベントPV"
"0","0","0","ダイブ・アストルム　\n七つの願いと創世の残響 ","0","0","0","0","0","10201","0","3","0","5201052","0","0","0","0","0","予告"
"0","0","0","ダイブ・アストルム　\n七つの願いと創世の残響 ","0","0","0","0","0","10201","0","4","0","5201053","0","0","0","0","0","イントロムービー"
"0","0","8","晶の端末 第1話","0","91002","0","0","0","10201","0","5","0","5201061","0","4","0","0","20","七冠専用グループチャット"
"0","0","8","晶の端末 第2話","0","91002","0","0","0","10201","0","5","0","5201062","0","4","0","0","20","いつかのグループチャット"
"0","0","8","カメレオンのぬいぐるみ 第1話","0","91002","0","0","0","10201","0","5","0","5201063","0","4","0","0","20","七冠会議・カメレオン編"
"0","0","8","オンライン会議_ログ 第1話","0","91002","0","0","0","10201","0","5","0","5201064","0","4","0","0","20","七冠会議・リモート編"
"0","0","8","モンスター設定資料 第1話","0","91002","0","0","0","10201","0","5","0","5201066","0","4","0","0","20","ビューティフルデザイン"
"0","0","8","モンスター設定資料 第2話","0","91002","0","0","0","10201","0","5","0","5201074","0","4","0","0","20","一般的感性"
"0","0","8","企画資料 第1話","0","91002","0","0","0","10201","0","5","0","5201075","0","4","0","0","20","会議は踊る、されど進まず"
"0","0","8","企画資料 第2話","0","91002","0","0","0","10201","0","5","0","5201076","0","4","0","0","20","暴走するクリエイター魂"
"0","0","8","ミックスベリーケーキ 第1話","0","91002","0","0","0","10201","0","5","0","5201077","0","4","0","0","20","現士実似々花とケーキ"
"0","0","8","ミックスベリーケーキ 第2話","0","91002","0","0","0","10201","0","5","0","5201078","0","4","0","0","20","こうして生まれた好感度"
"0","0","8","インタビュー記事_校閲用 第1話","0","91002","0","0","0","10201","0","5","0","5201079","0","4","0","0","20","華やかなる記事"
"0","0","8","インタビュー記事_校閲用 第2話","0","91002","0","0","0","10201","0","5","0","5201081","0","4","0","0","20","華やかなる記事の裏側"
"0","0","8","アバター衣装設定資料 第1話","0","91002","0","0","0","10201","0","5","0","5201083","0","4","0","0","20","嚮導老君の憂慮"
"0","0","8","種族設定資料 第1話","0","91002","0","0","0","10201","0","5","0","5201085","0","4","0","0","20","なぜなに獣人族"
"0","0","8","資料に埋もれた写真 第1話","0","91002","0","0","0","10201","0","5","0","5201087","0","4","0","0","20","止まった時間、残る想い"
"0","0","8","資料に埋もれた写真 第2話","0","91002","0","0","0","10201","0","5","0","5201088","0","4","0","0","20","進む時間、刻む想い"
"0","0","8","アンダンテ・ウィズ・ユー　\n祈りの双唱が響く時 オープニング","1","91002","1","0","0","10202","0","1","0","5202000","0","0","0","0","20","謎めくオーバーチュア"
"1","0","8","アンダンテ・ウィズ・ユー　\n祈りの双唱が響く時 第1話","1","91002","2","0","0","10202","0","1","0","5202001","0","0","0","0","20","不揃いなアインザッツ"
"1","0","8","アンダンテ・ウィズ・ユー　\n祈りの双唱が響く時 第2話","1","91002","3","0","0","10202","0","1","0","5202002","0","0","0","0","20","揺らぐ旋律"
"1","0","8","アンダンテ・ウィズ・ユー　\n祈りの双唱が響く時 第3話","1","91002","4","0","0","10202","0","1","0","5202003","0","0","0","0","20","位相を合わせて"
"0","0","8","アンダンテ・ウィズ・ユー　\n祈りの双唱が響く時 第4話","1","91002","5","0","0","10202","0","1","0","5202004","0","0","0","0","20","かつての不協和音"
"0","0","8","アンダンテ・ウィズ・ユー　\n祈りの双唱が響く時 第5話","1","91002","6","0","0","10202","0","1","0","5202005","0","0","0","0","20","ディストーション"
"0","0","8","アンダンテ・ウィズ・ユー　\n祈りの双唱が響く時 第6話","1","91002","7","0","0","10202","0","1","0","5202006","0","0","0","0","20","祈りのレクイエム"
"0","0","8","アンダンテ・ウィズ・ユー　\n祈りの双唱が響く時 エンディング","1","91002","8","0","0","10202","0","1","0","5202007","0","0","0","0","20","未来はアンダンテ"
"0","0","8","アンダンテ・ウィズ・ユー　\n祈りの双唱が響く時 ","0","91002","0","0","0","10202","0","2","0","5202051","0","0","0","0","50","イベントPV"
"0","0","0","アンダンテ・ウィズ・ユー　\n祈りの双唱が響く時 ","0","0","0","0","0","10202","0","3","0","5202052","0","0","0","0","0","予告"
"0","0","0","アンダンテ・ウィズ・ユー　\n祈りの双唱が響く時 ","0","0","0","0","0","10202","0","4","0","5202053","0","0","0","0","0","イントロムービー"
"0","0","8","コンサートポスター","0","91002","0","0","0","10202","0","5","0","5202061","0","4","0","0","50","アンコールはささやかに"
"0","0","8","コンサートポスター","0","91002","0","0","0","10202","0","5","0","5202062","0","4","0","0","50","教えて、チカ先生！"
"0","0","8","コンサートポスター","0","91002","0","0","0","10202","0","5","0","5202063","0","4","0","0","50","あなた好みにしたいから"
"0","0","8","コンサートポスター","0","91002","0","0","0","10202","0","5","0","5202064","0","4","0","0","50","そして想いは繋がって"
"0","0","8","超鋼乙女ギガンティックローチェ　\n～大出撃！ランドソル爆発４.１秒前～ オープニング","1","91002","1","0","0","10203","0","1","0","5203000","0","0","0","0","20","栄光の落日"
"0","0","8","超鋼乙女ギガンティックローチェ　\n～大出撃！ランドソル爆発４.１秒前～ 第1話","1","91002","2","0","0","10203","0","1","0","5203001","0","0","0","0","20","怪獣、襲来"
"0","0","8","超鋼乙女ギガンティックローチェ　\n～大出撃！ランドソル爆発４.１秒前～ 第2話","1","91002","3","0","0","10203","0","1","0","5203002","0","0","0","0","20","超鋼乙女、大地に立つ"
"0","0","8","超鋼乙女ギガンティックローチェ　\n～大出撃！ランドソル爆発４.１秒前～ 第3話","1","91002","4","0","0","10203","0","1","0","5203003","0","0","0","0","20","彼女の名は『クライ』"
"0","0","8","超鋼乙女ギガンティックローチェ　\n～大出撃！ランドソル爆発４.１秒前～ 第4話","1","91002","5","0","0","10203","0","1","0","5203004","0","0","0","0","20","友情、心、重ねて"
"0","0","8","超鋼乙女ギガンティックローチェ　\n～大出撃！ランドソル爆発４.１秒前～ 第5話","1","91002","6","0","0","10203","0","1","0","5203005","0","0","0","0","20","紅い稲妻・空とぶ超鋼乙女"
"0","0","8","超鋼乙女ギガンティックローチェ　\n～大出撃！ランドソル爆発４.１秒前～ 第6話","1","91002","7","0","0","10203","0","1","0","5203006","0","0","0","0","20","ギガンティック最後の日"
"0","0","8","超鋼乙女ギガンティックローチェ　\n～大出撃！ランドソル爆発４.１秒前～ エンディング","1","91002","8","0","0","10203","0","1","0","5203007","0","0","0","0","20","オ力エリナサイ"
"0","0","0","超鋼乙女ギガンティックローチェ　\n～大出撃！ランドソル爆発４.１秒前～ ","0","0","0","0","0","10203","0","3","0","5203051","0","0","0","0","0","予告"
"0","0","0","超鋼乙女ギガンティックローチェ　\n～大出撃！ランドソル爆発４.１秒前～ ","0","0","0","0","0","10203","0","4","0","5203052","0","0","0","0","0","イントロムービー"
"0","0","0","なぜなにクローチェ GIGANTIC VISOR","0","0","0","0","0","10203","0","5","0","5203061","0","4","0","0","0","暇つぶしにもお役立ち！ギガンティックバイザー"
"0","0","8","なぜなにクローチェ GIGANTIC HEAD","0","91002","0","0","0","10203","0","5","0","5203062","0","4","0","0","30","なぜなにクローチェその１"
"0","0","0","なぜなにクローチェ GIGANTIC TWIN-EYE","0","0","0","0","0","10203","0","5","0","5203063","0","4","0","0","0","驚愕の新武装を搭載！ギガンティックツインアイ"
"0","0","8","なぜなにクローチェ COCKPIT","0","91002","0","0","0","10203","0","5","0","5203064","0","4","0","0","30","なぜなにクローチェその２"
"0","0","0","なぜなにクローチェ コクピット内部","0","0","0","0","0","10203","0","5","0","5203065","0","4","0","0","0","習うより慣れが正解？新米パイロットへの試練！"
"0","0","8","なぜなにクローチェ GIGANTIC MISSILE","0","91002","0","0","0","10203","0","5","0","5203066","0","4","0","0","30","なぜなにクローチェその３"
"0","0","0","なぜなにクローチェ GIGANTIC THRUSTER","0","0","0","0","0","10203","0","5","0","5203067","0","4","0","0","0","超重量を動かす大出力！ギガンティックスラスター"
"0","0","8","なぜなにクローチェ GIGANTIC ARM＋","0","91002","0","0","0","10203","0","5","0","5203068","0","4","0","0","30","なぜなにクローチェその４"
"0","0","8","なぜなにクローチェ GIGANTIC TAIL DRILL","0","91002","0","0","0","10203","0","5","0","5203069","0","4","0","0","30","なぜなにクローチェその５"
"0","0","0","なぜなにクローチェ GIGANTIC LEG","0","0","0","0","0","10203","0","5","0","5203070","0","4","0","0","0","流線形の圧倒的質量！ギガンティックレッグ"
"0","0","0","なぜなにクローチェ AERIAL VISOR","0","0","0","0","0","10203","0","5","0","5203071","0","4","0","0","0","カワイイは最重要項目？多機能カスタムバイザー"
"0","0","8","なぜなにクローチェ AERIAL THRUSTER","0","91002","0","0","0","10203","0","5","0","5203072","0","4","0","0","30","なぜなにクローチェその６"
"0","0","0","なぜなにクローチェ CHEST ARMOR","0","0","0","0","0","10203","0","5","0","5203073","0","4","0","0","0","最大充填で胸いっぱい！可変式エネルギータンク"
"0","0","8","なぜなにクローチェ AERIAL ARM","0","91002","0","0","0","10203","0","5","0","5203074","0","4","0","0","30","なぜなにクローチェその７"
"0","0","0","なぜなにクローチェ AERIAL OHADA","0","0","0","0","0","10203","0","5","0","5203075","0","4","0","0","0","やわらかぷにぷに新触感！こだわり仕様のBIHADA"
"0","0","0","なぜなにクローチェ AERIAL TAIL CABLE","0","0","0","0","0","10203","0","5","0","5203076","0","4","0","0","0","エネルギー供給機能搭載！尻尾は伊達じゃないんです"
"0","0","0","なぜなにクローチェ AERIAL WEAPON","0","0","0","0","0","10203","0","5","0","5203077","0","4","0","0","0","分離・合体しちゃいます！エアリアルの新装備！"
"0","0","0","なぜなにクローチェ AERIAL LEG","0","0","0","0","0","10203","0","5","0","5203078","0","4","0","0","0","クローチェ猛特訓！あんよは苦手な新型レッグ"
"0","0","8","結集！　アルケス＆トワイライト　\n闇医者と二人の錬金術師 オープニング","1","91002","1","0","0","10204","0","1","0","5204000","0","0","0","0","20","指名手配犯・ルイズマリー"
"1","0","8","結集！　アルケス＆トワイライト　\n闇医者と二人の錬金術師 第1話","1","91002","2","0","0","10204","0","1","0","5204001","0","0","0","0","20","もう一人の天才錬金術師"
"1","0","8","結集！　アルケス＆トワイライト　\n闇医者と二人の錬金術師 第2話","1","91002","3","0","0","10204","0","1","0","5204002","0","0","0","0","20","17歳のおばあさま"
"1","0","8","結集！　アルケス＆トワイライト　\n闇医者と二人の錬金術師 第3話","1","91002","4","0","0","10204","0","1","0","5204003","0","0","0","0","20","イロハのオーエド漫遊記"
"0","0","8","結集！　アルケス＆トワイライト　\n闇医者と二人の錬金術師 第4話","1","91002","5","0","0","10204","0","1","0","5204004","0","0","0","0","20","熱キ心ヲ震ワセシ盟友"
"0","0","8","結集！　アルケス＆トワイライト　\n闇医者と二人の錬金術師 第5話","1","91002","6","0","0","10204","0","1","0","5204005","0","0","0","0","20","アルケス＆トワイライト！"
"0","0","8","結集！　アルケス＆トワイライト　\n闇医者と二人の錬金術師 第6話","1","91002","7","0","0","10204","0","1","0","5204006","0","0","0","0","20","混ざり合う『究極錬成』！"
"0","0","8","結集！　アルケス＆トワイライト　\n闇医者と二人の錬金術師 エンディング","1","91002","8","0","0","10204","0","1","0","5204007","0","0","0","0","20","闇医者と錬金術師"
"0","0","0","結集！　アルケス＆トワイライト　\n闇医者と二人の錬金術師 ","0","0","0","0","0","10204","0","3","0","5204051","0","0","0","0","0","予告"
"0","0","0","結集！　アルケス＆トワイライト　\n闇医者と二人の錬金術師 ","0","0","0","0","0","10204","0","4","0","5204052","0","0","0","0","0","イントロムービー"
"0","0","8","アルケミック・リプレイ オープニング","0","91002","0","0","0","10204","0","5","0","5204061","0","4","0","0","20","前世を追体験できる秘薬"
"0","0","8","アルケミック・リプレイ 第1話","0","91002","0","0","0","10204","0","5","0","5204062","0","4","0","0","20","ザリガニとお惣菜とポエム"
"0","0","8","アルケミック・リプレイ 第2話","0","91002","0","0","0","10204","0","5","0","5204063","0","4","0","0","20","ひどい絡まれ方をした"
"0","0","8","アルケミック・リプレイ 第3話","0","91002","0","0","0","10204","0","5","0","5204064","0","4","0","0","20","全女子ぶっ刺しコンテンツ"
"0","0","8","アルケミック・リプレイ 第4話","0","91002","0","0","0","10204","0","5","0","5204065","0","4","0","0","20","恋のライバル…！？"
"0","0","8","アルケミック・リプレイ 第5話","0","91002","0","0","0","10204","0","5","0","5204066","0","4","0","0","20","開催！　『愛・椿ヶ丘』"
"0","0","8","アルケミック・リプレイ 第6話","0","91002","0","0","0","10204","0","5","0","5204067","0","4","0","0","20","大人いろはと子ども苑？"
"0","0","8","アルケミック・リプレイ エンディング","0","91002","0","0","0","10204","0","5","0","5204068","0","4","0","0","20","最後にもう一度前世を"
"0","0","8","アルケミック・リプレイ エクストラ","0","91002","0","0","0","10204","0","5","0","5204069","0","4","0","0","20","合縁奇縁、腐れ縁"
"0","0","8","ド令嬢カノンの華麗なるおリベンジ　\n～ツンデレおピンクを添えて～ オープニング","1","91002","1","0","0","10205","0","1","0","5205000","0","0","0","0","20","ド令嬢、魔札封印"
"1","0","8","ド令嬢カノンの華麗なるおリベンジ　\n～ツンデレおピンクを添えて～ 第1話","1","91002","2","0","0","10205","0","1","0","5205001","0","0","0","0","20","おピンク、糸を手繰る"
"1","0","8","ド令嬢カノンの華麗なるおリベンジ　\n～ツンデレおピンクを添えて～ 第2話","1","91002","3","0","0","10205","0","1","0","5205002","0","0","0","0","20","犬猿コンビ、策謀に挑む"
"1","0","8","ド令嬢カノンの華麗なるおリベンジ　\n～ツンデレおピンクを添えて～ 第3話","1","91002","4","0","0","10205","0","1","0","5205003","0","0","0","0","20","凸凸コンビ、無双する"
"0","0","8","ド令嬢カノンの華麗なるおリベンジ　\n～ツンデレおピンクを添えて～ 第4話","1","91002","5","0","0","10205","0","1","0","5205004","0","0","0","0","20","ドリル令嬢、手のひら返し"
"0","0","8","ド令嬢カノンの華麗なるおリベンジ　\n～ツンデレおピンクを添えて～ 第5話","1","91002","6","0","0","10205","0","1","0","5205005","0","0","0","0","20","裏切り令嬢、念願の？"
"0","0","8","ド令嬢カノンの華麗なるおリベンジ　\n～ツンデレおピンクを添えて～ 第6話","1","91002","7","0","0","10205","0","1","0","5205006","0","0","0","0","20","華麗なる二人、おリベンジ"
"0","0","8","ド令嬢カノンの華麗なるおリベンジ　\n～ツンデレおピンクを添えて～ エンディング","1","91002","8","0","0","10205","0","1","0","5205007","0","0","0","0","20","似た者同士、再会の約束"
"0","0","0","ド令嬢カノンの華麗なるおリベンジ　\n～ツンデレおピンクを添えて～ ","0","0","0","0","0","10205","0","3","0","5205051","0","0","0","0","0","予告"
"0","0","0","ド令嬢カノンの華麗なるおリベンジ　\n～ツンデレおピンクを添えて～ ","0","0","0","0","0","10205","0","4","0","5205052","0","0","0","0","0","イントロムービー"
"0","0","8","ド令嬢更生チャレンジ　オープニング","0","91002","0","0","0","10205","0","5","0","5205061","0","4","0","0","30","ド令嬢、お仕置きされる。"
"0","0","8","ド令嬢更生チャレンジ　第1話","0","91002","0","0","0","10205","0","5","0","5205062","0","4","0","0","30","ド令嬢、不法侵入につき"
"0","0","8","ド令嬢更生チャレンジ　第2話","0","91002","0","0","0","10205","0","5","0","5205063","0","4","0","0","30","ド令嬢、毒殺未遂につき"
"0","0","8","ド令嬢更生チャレンジ　第3話","0","91002","0","0","0","10205","0","5","0","5205064","0","4","0","0","30","ド令嬢、大逆未遂につき"
"0","0","8","ド令嬢更生チャレンジ　第4話","0","91002","0","0","0","10205","0","5","0","5205065","0","4","0","0","30","ド令嬢、喧嘩騒音につき"
"0","0","8","ド令嬢更生チャレンジ　第5話","0","91002","0","0","0","10205","0","5","0","5205066","0","4","0","0","30","ド令嬢、ノック忘れにつき "
"0","0","8","ド令嬢更生チャレンジ　エンディング","0","91002","0","0","0","10205","0","5","0","5205067","0","4","0","0","30","罪深きド令嬢、そして。"
"0","0","8","サマードリーム・リフレイン　\n水平線の彼方の旅路 オープニング","1","91002","1","0","0","10206","0","1","0","5206000","0","0","0","0","20","今日の騎士クン・夏休み編"
"1","0","8","サマードリーム・リフレイン　\n水平線の彼方の旅路 第1話","1","91002","2","0","0","10206","0","1","0","5206001","0","0","0","0","20","本当に願いが叶う海岸？"
"1","0","8","サマードリーム・リフレイン　\n水平線の彼方の旅路 第2話","1","91002","3","0","0","10206","0","1","0","5206002","0","0","0","0","20","シェフィと赤ちゃんたち"
"1","0","8","サマードリーム・リフレイン　\n水平線の彼方の旅路 第3話","1","91002","4","0","0","10206","0","1","0","5206003","0","0","0","0","20","ハッピーちゃんのおねがい"
"0","0","8","サマードリーム・リフレイン　\n水平線の彼方の旅路 第4話","1","91002","5","0","0","10206","0","1","0","5206004","0","0","0","0","20","不和と不法の二人旅"
"0","0","8","サマードリーム・リフレイン　\n水平線の彼方の旅路 第5話","1","91002","6","0","0","10206","0","1","0","5206005","0","0","0","0","20","断夢の残影"
"0","0","8","サマードリーム・リフレイン　\n水平線の彼方の旅路 第6話","1","91002","7","0","0","10206","0","1","0","5206006","0","0","0","0","20","できることを"
"0","0","8","サマードリーム・リフレイン　\n水平線の彼方の旅路 エンディング","1","91002","8","0","0","10206","0","1","0","5206007","0","0","0","0","20","いつか、水平線の彼方で"
"0","0","0","サマードリーム・リフレイン　\n水平線の彼方の旅路 ","0","0","0","0","0","10206","0","3","0","5206051","0","0","0","0","0","予告"
"0","0","0","サマードリーム・リフレイン　\n水平線の彼方の旅路 ","0","0","0","0","0","10206","0","4","0","5206052","0","0","0","0","0","イントロムービー"
"0","0","8","Summer Anemos, \nSummer Qualia オープニング","1","91002","1","0","0","10207","0","1","0","5207000","0","0","0","0","20","一夏の冒険、しませんか？"
"0","0","8","Summer Anemos, \nSummer Qualia 第1話","1","91002","2","0","0","10207","0","1","0","5207001","0","0","0","0","20","一人と一人の旅"
"0","0","8","Summer Anemos, \nSummer Qualia 第2話","1","91002","3","0","0","10207","0","1","0","5207002","0","0","0","0","20","川あり崖あり秘密アリ？"
"0","0","8","Summer Anemos, \nSummer Qualia 第3話","1","91002","4","0","0","10207","0","1","0","5207003","0","0","0","0","20","エンジョイ＆サプライズ！"
"0","0","8","Summer Anemos, \nSummer Qualia 第4話","1","91002","5","0","0","10207","0","1","0","5207004","0","0","0","0","20","疼く傷口"
"0","0","8","Summer Anemos, \nSummer Qualia 第5話","1","91002","6","0","0","10207","0","1","0","5207005","0","0","0","0","20","遠回りはやめて"
"0","0","8","Summer Anemos, \nSummer Qualia 第6話","1","91002","7","0","0","10207","0","1","0","5207006","0","0","0","0","20","花の在り処"
"0","0","8","Summer Anemos, \nSummer Qualia エンディング","1","91002","8","0","0","10207","0","1","0","5207007","0","0","0","0","20","二人のサマーメモリー"
"0","0","0","Summer Anemos, \nSummer Qualia ","0","0","0","0","0","10207","0","3","0","5207051","0","0","0","0","0","予告"
"0","0","0","Summer Anemos, \nSummer Qualia ","0","0","0","0","0","10207","0","4","0","5207052","0","0","0","0","0","イントロムービー"
"0","0","8","ニノン、オーオクを作る オープニング","0","91002","0","0","0","10207","0","5","0","5207061","0","4","0","0","20","オーオク㊙大作戦顛末の書"
"0","0","8","ニノン、オーオクを作る 第1話","0","91002","0","0","0","10207","0","5","0","5207062","0","4","0","0","20","壱　クリア勧誘の巻"
"0","0","8","ニノン、オーオクを作る 第2話","0","91002","0","0","0","10207","0","5","0","5207063","0","4","0","0","20","弐　アネモネ勧誘の巻"
"0","0","8","ニノン、オーオクを作る 第3話","0","91002","0","0","0","10207","0","5","0","5207064","0","4","0","0","20","参　ネネカ妄想勧誘の巻"
"0","0","8","ニノン、オーオクを作る 第4話","0","91002","0","0","0","10207","0","5","0","5207065","0","4","0","0","20","肆　アユミ妄想勧誘の巻"
"0","0","8","ニノン、オーオクを作る 第5話","0","91002","0","0","0","10207","0","5","0","5207066","0","4","0","0","20","伍　シズル妄想勧誘の巻"
"0","0","8","ニノン、オーオクを作る 第6話","0","91002","0","0","0","10207","0","5","0","5207067","0","4","0","0","20","陸　スズナ妄想勧誘の巻"
"0","0","8","ニノン、オーオクを作る 第7話","0","91002","0","0","0","10207","0","5","0","5207068","0","4","0","0","20","漆　ルイズマリー妄想勧誘の巻"
"0","0","8","ニノン、オーオクを作る 第8話","0","91002","0","0","0","10207","0","5","0","5207069","0","4","0","0","20","捌　ユキ妄想勧誘の巻"
"0","0","8","ニノン、オーオクを作る エンディング","0","91002","0","0","0","10207","0","5","0","5207070","0","4","0","0","20","遥か也オーオクへの道…！	"
"0","0","8",", And I Will　\n掴み取るこの手で オープニング","1","91002","1","0","0","10208","0","1","0","5208000","0","0","0","0","20","もう一度、空をつなげて"
"0","0","8",", And I Will　\n掴み取るこの手で 第1話","1","91002","2","0","0","10208","0","1","0","5208001","0","0","0","0","20","いま、再びの邂逅"
"0","0","8",", And I Will　\n掴み取るこの手で 第2話","1","91002","3","0","0","10208","0","1","0","5208002","0","0","0","0","20","悪夢の正体、その未来"
"0","0","8",", And I Will　\n掴み取るこの手で 第3話","1","91002","4","0","0","10208","0","1","0","5208003","0","0","0","0","20","プログラムを超えるもの"
"0","0","8",", And I Will　\n掴み取るこの手で 第4話","1","91002","5","0","0","10208","0","1","0","5208004","0","0","0","0","20","数多の願いを束ねて"
"0","0","8",", And I Will　\n掴み取るこの手で 第5話","1","91002","6","0","0","10208","0","1","0","5208005","0","0","0","0","20","救済、あるいは破壊願望"
"0","0","8",", And I Will　\n掴み取るこの手で 第6話","1","91002","7","0","0","10208","0","1","0","5208006","0","0","0","0","20","この手に掴む、未来を"
"0","0","8",", And I Will　\n掴み取るこの手で エンディング","1","91002","8","0","0","10208","0","1","0","5208007","0","0","0","0","20","あの日の約束"
"0","0","0",", And I Will　\n掴み取るこの手で ","0","0","0","0","0","10208","0","3","0","5208051","0","0","0","0","0","予告"
"0","0","0",", And I Will　\n掴み取るこの手で ","0","0","0","0","0","10208","0","4","0","5208052","0","0","0","0","0","イントロムービー"
"0","0","0","複製世界メモリーズ オープニング","0","0","0","0","0","10208","0","5","0","5208061","0","4","0","0","0","そうだ複製世界、行こう。"
"0","0","8","複製世界メモリーズ 第1話","0","91002","0","0","0","10208","0","5","0","5208062","0","4","0","0","30","甘いのだ～～～い好きっ♪"
"0","0","8","複製世界メモリーズ 第2話","0","91002","0","0","0","10208","0","5","0","5208063","0","4","0","0","30","雷鳴の白髯公"
"0","0","8","複製世界メモリーズ 第3話","0","91002","0","0","0","10208","0","5","0","5208064","0","4","0","0","30","隣にいないもう一人の私へ"
"0","0","8","複製世界メモリーズ 第4話","0","91002","0","0","0","10208","0","5","0","5208065","0","4","0","0","30","むずむずしちゃう……にゃ"
"0","0","8","複製世界メモリーズ 第5話","0","91002","0","0","0","10208","0","5","0","5208066","0","4","0","0","30","インフルエンサーさ～"
"0","0","8","複製世界メモリーズ 第6話","0","91002","0","0","0","10208","0","5","0","5208067","0","4","0","0","30","こっちの世界のあたし"
"0","0","8","複製世界メモリーズ エンディング","0","91002","0","0","0","10208","0","5","0","5208068","0","4","0","0","30","しっくりくる人々"
"0","0","8","Demon/Snow　\n起死回生ノ冥府旅情 オープニング","1","91002","1","0","0","10209","0","1","0","5209000","0","0","0","0","20","サツキの告別式"
"0","0","8","Demon/Snow　\n起死回生ノ冥府旅情 第1話","1","91002","2","0","0","10209","0","1","0","5209001","0","0","0","0","20","霊感コミュニケーション"
"0","0","8","Demon/Snow　\n起死回生ノ冥府旅情 第2話","1","91002","3","0","0","10209","0","1","0","5209002","0","0","0","0","20","鬼族の村にて"
"0","0","8","Demon/Snow　\n起死回生ノ冥府旅情 第3話","1","91002","4","0","0","10209","0","1","0","5209003","0","0","0","0","20","復活の方法を求めて"
"0","0","8","Demon/Snow　\n起死回生ノ冥府旅情 第4話","1","91002","5","0","0","10209","0","1","0","5209004","0","0","0","0","20","久遠氷河のプリン対決！"
"0","0","8","Demon/Snow　\n起死回生ノ冥府旅情 第5話","1","91002","6","0","0","10209","0","1","0","5209005","0","0","0","0","20","サツキの本音"
"0","0","8","Demon/Snow　\n起死回生ノ冥府旅情 第6話","1","91002","7","0","0","10209","0","1","0","5209006","0","0","0","0","20","黄泉の食卓の会議"
"0","0","8","Demon/Snow　\n起死回生ノ冥府旅情 エンディング","1","91002","8","0","0","10209","0","1","0","5209007","0","0","0","0","20","サツキ復活祭、そして…"
"0","0","0","Demon/Snow　\n起死回生ノ冥府旅情 ","0","0","0","0","0","10209","0","3","0","5209051","0","0","0","0","0","予告"
"0","0","0","Demon/Snow　\n起死回生ノ冥府旅情 ","0","0","0","0","0","10209","0","4","0","5209052","0","0","0","0","0","イントロムービー"
"0","0","8","スペシャルエピソード","0","91002","1","0","0","10209","0","5","0","5209061","0","1","0","0","20","拝啓　サツキちゃんへ"
"0","0","8","煉獄の名探偵　\nすべてがＷ（ウェブ）になる オープニング","1","91002","1","0","0","10210","0","1","0","5210000","0","0","0","0","20","さまよう『Ａ』"
"0","0","8","煉獄の名探偵　\nすべてがＷ（ウェブ）になる 第1話","1","91002","2","0","0","10210","0","1","0","5210001","0","0","0","0","20","第一の殺人『Ｈ』"
"0","0","8","煉獄の名探偵　\nすべてがＷ（ウェブ）になる 第2話","1","91002","3","0","0","10210","0","1","0","5210002","0","0","0","0","20","『Ｋ』の受難"
"0","0","8","煉獄の名探偵　\nすべてがＷ（ウェブ）になる 第3話","1","91002","4","0","0","10210","0","1","0","5210003","0","0","0","0","20","消された『Ｃ』"
"0","0","8","煉獄の名探偵　\nすべてがＷ（ウェブ）になる 第4話","1","91002","5","0","0","10210","0","1","0","5210004","0","0","0","0","20","『Ｎ』の涙"
"0","0","8","煉獄の名探偵　\nすべてがＷ（ウェブ）になる 第5話","1","91002","6","0","0","10210","0","1","0","5210005","0","0","0","0","20","最後の『Ｓ』"
"1","0","0","煉獄の名探偵　\nすべてがＷ（ウェブ）になる 第6話c","1","0","7","0","0","10210","0","1","0","5210006","0","0","0","0","0","『Ｋ』の告白"
"1","0","8","煉獄の名探偵　\nすべてがＷ（ウェブ）になる エンディング","1","91002","8","0","0","10210","0","1","0","5210007","0","0","0","0","20","ずっと、ずっと『Ｆ』"
"1","0","0","煉獄の名探偵　\nすべてがＷ（ウェブ）になる 第6話a","1","0","9","0","0","10210","0","1","0","5210008","0","0","0","0","0","『Ｒ』の矜持"
"1","0","0","煉獄の名探偵　\nすべてがＷ（ウェブ）になる 第6話b","1","0","10","0","0","10210","0","1","0","5210009","0","0","0","0","0","『Ｈ』を崇めよ"
"0","0","0","煉獄の名探偵　\nすべてがＷ（ウェブ）になる ","0","0","0","0","0","10210","0","3","0","5210051","0","0","0","0","0","予告"
"0","0","0","煉獄の名探偵　\nすべてがＷ（ウェブ）になる ","0","0","0","0","0","10210","0","4","0","5210052","0","0","0","0","0","イントロムービー"
"0","0","8","サイレント（ラスト）ナイト　\nユイvsミソラのクリスマス大決戦 オープニング","1","91002","1","0","0","10211","0","1","0","5211000","0","0","0","0","20","チャンスの星は突然に"
"0","0","8","サイレント（ラスト）ナイト　\nユイvsミソラのクリスマス大決戦 第1話","1","91002","2","0","0","10211","0","1","0","5211001","0","0","0","0","20","デートプランは積極的に"
"0","0","8","サイレント（ラスト）ナイト　\nユイvsミソラのクリスマス大決戦 第2話","1","91002","3","0","0","10211","0","1","0","5211002","0","0","0","0","20","プレゼントは気持ちが一番"
"0","0","8","サイレント（ラスト）ナイト　\nユイvsミソラのクリスマス大決戦 第3話","1","91002","4","0","0","10211","0","1","0","5211003","0","0","0","0","20","デートにはスパイスを"
"0","0","8","サイレント（ラスト）ナイト　\nユイvsミソラのクリスマス大決戦 第4話","1","91002","5","0","0","10211","0","1","0","5211004","0","0","0","0","20","心のナカはダイタンに"
"0","0","8","サイレント（ラスト）ナイト　\nユイvsミソラのクリスマス大決戦 第5話","1","91002","6","0","0","10211","0","1","0","5211005","0","0","0","0","20","駆け引きは冷静に"
"0","0","8","サイレント（ラスト）ナイト　\nユイvsミソラのクリスマス大決戦 第6話","1","91002","7","0","0","10211","0","1","0","5211006","0","0","0","0","20","自分の心に正直に"
"0","0","8","サイレント（ラスト）ナイト　\nユイvsミソラのクリスマス大決戦 エンディング","1","91002","8","0","0","10211","0","1","0","5211007","0","0","0","0","20","恋のバトルはこれからも"
"0","0","0","サイレント（ラスト）ナイト　\nユイvsミソラのクリスマス大決戦 ","0","0","0","0","0","10211","0","3","0","5211051","0","0","0","0","0","予告"
"0","0","0","サイレント（ラスト）ナイト　\nユイvsミソラのクリスマス大決戦 ","0","0","0","0","0","10211","0","4","0","5211052","0","0","0","0","0","イントロムービー"
"0","0","8","Labyrinth -reboot　\n重なる黎明の標 オープニング","1","91002","1","0","0","10212","0","1","0","5212000","0","0","0","0","20","【ラビリンス】最後の日"
"0","0","8","Labyrinth -reboot　\n重なる黎明の標 第1話","1","91002","2","0","0","10212","0","1","0","5212001","0","0","0","0","20","弟くん／お兄ちゃん捜し"
"0","0","8","Labyrinth -reboot　\n重なる黎明の標 第2話","1","91002","3","0","0","10212","0","1","0","5212002","0","0","0","0","20","姉と妹と愛のムチ"
"0","0","8","Labyrinth -reboot　\n重なる黎明の標 第3話","1","91002","4","0","0","10212","0","1","0","5212003","0","0","0","0","20","閉ざされた街と隠された鍵"
"0","0","8","Labyrinth -reboot　\n重なる黎明の標 第4話","1","91002","5","0","0","10212","0","1","0","5212004","0","0","0","0","20","地図なき冒険者たち"
"0","0","8","Labyrinth -reboot　\n重なる黎明の標 第5話","1","91002","6","0","0","10212","0","1","0","5212005","0","0","0","0","20","真紅の匣が語るもの"
"0","0","8","Labyrinth -reboot　\n重なる黎明の標 第6話","1","91002","7","0","0","10212","0","1","0","5212006","0","0","0","0","20","黎明に輝く光"
"0","0","8","Labyrinth -reboot　\n重なる黎明の標 エンディング","1","91002","8","0","0","10212","0","1","0","5212007","0","0","0","0","20","【ラビリンス】リブート"
"0","0","0","Labyrinth -reboot　\n重なる黎明の標 ","0","0","0","0","0","10212","0","3","0","5212051","0","0","0","0","0","予告"
"0","0","0","Labyrinth -reboot　\n重なる黎明の標 ","0","0","0","0","0","10212","0","4","0","5212052","0","0","0","0","0","イントロムービー"
"0","0","8","Labyrinth -reboot　\n重なる黎明の標 新年演出","0","91002","0","0","0","10212","0","6","0","5212501","0","0","0","0","100","新年演出"
"0","0","8","Grand Cru Royal　\n召しませ！ハートフルコース オープニング","1","91002","1","0","0","10213","0","1","0","5213000","0","0","0","0","20","ランドソル万博、開幕！"
"0","0","8","Grand Cru Royal　\n召しませ！ハートフルコース 第1話","1","91002","2","0","0","10213","0","1","0","5213001","0","0","0","0","20","プリンセスたちの万博視察"
"0","0","8","Grand Cru Royal　\n召しませ！ハートフルコース 第2話","1","91002","3","0","0","10213","0","1","0","5213002","0","0","0","0","20","忠臣の覚悟と荒療治"
"0","0","8","Grand Cru Royal　\n召しませ！ハートフルコース 第3話","1","91002","4","0","0","10213","0","1","0","5213003","0","0","0","0","20","激闘ビストロプリンセス！"
"0","0","8","Grand Cru Royal　\n召しませ！ハートフルコース 第4話","1","91002","5","0","0","10213","0","1","0","5213004","0","0","0","0","20","絶望のハニートラップ"
"0","0","8","Grand Cru Royal　\n召しませ！ハートフルコース 第5話","1","91002","6","0","0","10213","0","1","0","5213005","0","0","0","0","20","深海の白鯨の如く"
"0","0","8","Grand Cru Royal　\n召しませ！ハートフルコース 第6話","1","91002","7","0","0","10213","0","1","0","5213006","0","0","0","0","20","王女の誇りと反撃の狼煙"
"0","0","8","Grand Cru Royal　\n召しませ！ハートフルコース 第7話","1","91002","8","0","0","10213","0","1","0","5213007","0","0","0","0","20","絆の証明、絶望の宣告"
"0","0","8","Grand Cru Royal　\n召しませ！ハートフルコース 第8話","1","91002","9","0","0","10213","0","1","0","5213008","0","0","0","0","20","王女たちの帰還"
"0","0","8","Grand Cru Royal　\n召しませ！ハートフルコース 第9話","1","91002","10","0","0","10213","0","1","0","5213009","0","0","0","0","20","矜持を胸に"
"0","0","8","Grand Cru Royal　\n召しませ！ハートフルコース 第10話","1","91002","11","0","0","10213","0","1","0","5213010","0","0","0","0","20","女王蜂と飢えた剣"
"0","0","8","Grand Cru Royal　\n召しませ！ハートフルコース 第11話","1","91002","12","0","0","10213","0","1","0","5213011","0","0","0","0","20","愛と絆を召し上がれ"
"0","0","8","Grand Cru Royal　\n召しませ！ハートフルコース 第12話","1","91002","13","0","0","10213","0","1","0","5213012","0","0","0","0","20","最後の晩餐"
"0","0","8","Grand Cru Royal　\n召しませ！ハートフルコース エンディング","1","91002","14","0","0","10213","0","1","0","5213013","0","0","0","0","20","至高の食卓、再び"
"1","0","8","Grand Cru Royal　\n召しませ！ハートフルコース エピローグ","1","91002","15","0","0","10213","0","1","0","5213014","0","0","0","0","20","おにぎりの魔法"
"0","0","8","Grand Cru Royal　\n召しませ！ハートフルコース ","0","91002","0","0","0","10213","0","2","0","5213051","0","0","0","0","50","イベントPV"
"0","0","0","Grand Cru Royal　\n召しませ！ハートフルコース ","0","0","0","0","0","10213","0","3","0","5213052","0","0","0","0","0","予告"
"0","0","0","Grand Cru Royal　\n召しませ！ハートフルコース ","0","0","0","0","0","10213","0","4","0","5213053","0","0","0","0","0","イントロムービー"
"0","0","0","福弾ける出張ビストロ オープニング","0","0","0","0","0","10213","0","5","0","5213061","0","4","0","0","0","オープニング"
"0","1","8","福弾ける出張ビストロ ライラエル 1品目","0","91002","0","9000256","0","10213","0","5","0","5213062","0","4","1","16","10","ライラエル 1品目"
"0","1","8","福弾ける出張ビストロ ライラエル 2品目","0","91002","0","9000257","0","10213","0","5","0","5213064","0","4","1","16","10","ライラエル 2品目"
"0","1","8","福弾ける出張ビストロ ライラエル 3品目","0","91002","0","9000258","0","10213","0","5","0","5213066","0","4","1","16","10","ライラエル 3品目"
"0","1","8","福弾ける出張ビストロ ライラエル 4品目","0","91002","0","9000259","0","10213","0","5","0","5213068","0","4","1","16","10","ライラエル 4品目"
"0","1","8","福弾ける出張ビストロ ライラエル 5品目","0","91002","0","9000260","0","10213","0","5","0","5213070","0","4","1","16","10","ライラエル 5品目"
"0","1","8","福弾ける出張ビストロ ライラエル 6品目","0","91002","0","9000261","0","10213","0","5","0","5213072","0","4","1","16","10","ライラエル 6品目"
"0","1","8","福弾ける出張ビストロ ライラエル 7品目","0","91002","0","9000262","0","10213","0","5","0","5213074","0","4","1","16","10","ライラエル 7品目"
"0","1","8","福弾ける出張ビストロ ネフィ＝ネラ 1品目","0","91002","0","9000263","0","10213","0","5","0","5213076","0","4","1","16","10","ネフィ＝ネラ 1品目"
"0","1","8","福弾ける出張ビストロ ネフィ＝ネラ 2品目","0","91002","0","9000264","0","10213","0","5","0","5213078","0","4","1","16","10","ネフィ＝ネラ 2品目"
"0","1","8","福弾ける出張ビストロ ネフィ＝ネラ 3品目","0","91002","0","9000265","0","10213","0","5","0","5213080","0","4","1","16","10","ネフィ＝ネラ 3品目"
"0","1","8","福弾ける出張ビストロ ネフィ＝ネラ 4品目","0","91002","0","9000266","0","10213","0","5","0","5213082","0","4","1","16","10","ネフィ＝ネラ 4品目"
"0","1","8","福弾ける出張ビストロ ネフィ＝ネラ 5品目","0","91002","0","9000267","0","10213","0","5","0","5213084","0","4","1","16","10","ネフィ＝ネラ 5品目"
"0","1","8","福弾ける出張ビストロ ネフィ＝ネラ 6品目","0","91002","0","9000268","0","10213","0","5","0","5213086","0","4","1","16","10","ネフィ＝ネラ 6品目"
"0","1","8","福弾ける出張ビストロ ネフィ＝ネラ 7品目","0","91002","0","9000269","0","10213","0","5","0","5213088","0","4","1","16","10","ネフィ＝ネラ 7品目"
"0","1","8","福弾ける出張ビストロ ヴァイオレット 1品目","0","91002","0","9000270","0","10213","0","5","0","5213090","0","4","1","16","10","ヴァイオレット 1品目"
"0","1","8","福弾ける出張ビストロ ヴァイオレット 2品目","0","91002","0","9000271","0","10213","0","5","0","5213092","0","4","1","16","10","ヴァイオレット 2品目"
"0","1","8","福弾ける出張ビストロ ヴァイオレット 3品目","0","91002","0","9000272","0","10213","0","5","0","5213094","0","4","1","16","10","ヴァイオレット 3品目"
"0","1","8","福弾ける出張ビストロ ヴァイオレット 4品目","0","91002","0","9000273","0","10213","0","5","0","5213096","0","4","1","16","10","ヴァイオレット 4品目"
"0","1","8","福弾ける出張ビストロ ヴァイオレット 5品目","0","91002","0","9000274","0","10213","0","5","0","5213098","0","4","1","16","10","ヴァイオレット 5品目"
"0","1","8","福弾ける出張ビストロ ヴァイオレット 6品目","0","91002","0","9000275","0","10213","0","5","0","5213100","0","4","1","16","10","ヴァイオレット 6品目"
"0","1","8","福弾ける出張ビストロ ヴァイオレット 7品目","0","91002","0","9000276","0","10213","0","5","0","5213102","0","4","1","16","10","ヴァイオレット 7品目"
"0","0","8","福弾ける出張ビストロ エンディング","0","91002","0","0","0","10213","0","5","0","5213104","0","4","0","0","10","エンディング"
"0","0","8","爆熱！ピーチクラッシュ・トーナメント　ワカナ＆シオリのHIP＆SPLASH オープニング","1","91002","1","0","0","10214","0","1","0","5214000","0","0","0","0","20","ピーチクラッシュ開幕！"
"0","0","8","爆熱！ピーチクラッシュ・トーナメント　ワカナ＆シオリのHIP＆SPLASH 第1話","1","91002","2","0","0","10214","0","1","0","5214001","0","0","0","0","20","私だって、やれるんです！"
"0","0","8","爆熱！ピーチクラッシュ・トーナメント　ワカナ＆シオリのHIP＆SPLASH 第2話","1","91002","3","0","0","10214","0","1","0","5214002","0","0","0","0","20","死線を越えて"
"0","0","8","爆熱！ピーチクラッシュ・トーナメント　ワカナ＆シオリのHIP＆SPLASH 第3話","1","91002","4","0","0","10214","0","1","0","5214003","0","0","0","0","20","祭典の陰で蠢く陰謀"
"0","0","8","爆熱！ピーチクラッシュ・トーナメント　ワカナ＆シオリのHIP＆SPLASH 第4話","1","91002","5","0","0","10214","0","1","0","5214004","0","0","0","0","20","お姉ちゃんが見てる！"
"0","0","8","爆熱！ピーチクラッシュ・トーナメント　ワカナ＆シオリのHIP＆SPLASH 第5話","1","91002","6","0","0","10214","0","1","0","5214005","0","0","0","0","20","魅せます！　妹の意地"
"0","0","8","爆熱！ピーチクラッシュ・トーナメント　ワカナ＆シオリのHIP＆SPLASH 第6話","1","91002","7","0","0","10214","0","1","0","5214006","0","0","0","0","20","爆熱！　ワカナとシオリ"
"0","0","8","爆熱！ピーチクラッシュ・トーナメント　ワカナ＆シオリのHIP＆SPLASH エンディング","1","91002","8","0","0","10214","0","1","0","5214007","0","0","0","0","20","誓いのヒップバンプ"
"0","0","8","爆熱！ピーチクラッシュ・トーナメント　ワカナ＆シオリのHIP＆SPLASH ","0","91002","0","0","0","10214","0","2","0","5214051","0","0","0","0","50","イベントPV"
"0","0","0","爆熱！ピーチクラッシュ・トーナメント　ワカナ＆シオリのHIP＆SPLASH ","0","0","0","0","0","10214","0","3","0","5214052","0","0","0","0","0","予告"
"0","0","0","爆熱！ピーチクラッシュ・トーナメント　ワカナ＆シオリのHIP＆SPLASH ","0","0","0","0","0","10214","0","4","0","5214053","0","0","0","0","0","イントロムービー"
"0","0","8","VILLAINESS　\n回避せよ！キョウカのへんふし破滅エンド オープニング","1","91002","1","0","0","10215","0","1","0","5215000","0","0","0","0","20","悪役令嬢とバニー使い魔"
"0","0","8","VILLAINESS　\n回避せよ！キョウカのへんふし破滅エンド 第1話","1","91002","2","0","0","10215","0","1","0","5215001","0","0","0","0","20","鎖の長さは絶望までの距離"
"0","0","8","VILLAINESS　\n回避せよ！キョウカのへんふし破滅エンド 第2話","1","91002","3","0","0","10215","0","1","0","5215002","0","0","0","0","20","キョウカママを攻略せよ"
"0","0","8","VILLAINESS　\n回避せよ！キョウカのへんふし破滅エンド 第3話","1","91002","4","0","0","10215","0","1","0","5215003","0","0","0","0","20","出血大サービスパーティー"
"0","0","8","VILLAINESS　\n回避せよ！キョウカのへんふし破滅エンド 第4話","1","91002","5","0","0","10215","0","1","0","5215004","0","0","0","0","20","『深い庭』へ"
"0","0","8","VILLAINESS　\n回避せよ！キョウカのへんふし破滅エンド 第5話","1","91002","6","0","0","10215","0","1","0","5215005","0","0","0","0","20","グレイスのためらい"
"0","0","8","VILLAINESS　\n回避せよ！キョウカのへんふし破滅エンド 第6話","1","91002","7","0","0","10215","0","1","0","5215006","0","0","0","0","20","へんふしで溢れる街"
"0","0","8","VILLAINESS　\n回避せよ！キョウカのへんふし破滅エンド エンディング","1","91002","8","0","0","10215","0","1","0","5215007","0","0","0","0","20","へんふし破滅エンド回避！"
"0","0","0","VILLAINESS　\n回避せよ！キョウカのへんふし破滅エンド ","0","0","0","0","0","10215","0","3","0","5215051","0","0","0","0","0","予告"
"0","0","0","VILLAINESS　\n回避せよ！キョウカのへんふし破滅エンド ","0","0","0","0","0","10215","0","4","0","5215052","0","0","0","0","0","イントロムービー"
"0","0","8","プリンセス＆パンツァー！　\nキミとつながる作戦です！ オープニング","1","91002","1","0","0","10216","0","1","0","5216000","0","0","0","0","20","アストルム、始めます！"
"0","0","8","プリンセス＆パンツァー！　\nキミとつながる作戦です！ 第1話","1","91002","2","0","0","10216","0","1","0","5216001","0","0","0","0","20","ファンタジーの世界です！"
"0","0","8","プリンセス＆パンツァー！　\nキミとつながる作戦です！ 第1話R","1","91002","3","0","0","10216","0","1","0","5216002","0","0","0","0","20","わたしたちの世界です！"
"0","0","8","プリンセス＆パンツァー！　\nキミとつながる作戦です！ 第2話","1","91002","4","0","0","10216","0","1","0","5216003","0","0","0","0","20","予想外の強敵です！"
"0","0","8","プリンセス＆パンツァー！　\nキミとつながる作戦です！ 第3話","1","91002","5","0","0","10216","0","1","0","5216004","0","0","0","0","20","この世界での特訓です！"
"0","0","8","プリンセス＆パンツァー！　\nキミとつながる作戦です！ 第4話","1","91002","6","0","0","10216","0","1","0","5216005","0","0","0","0","20","ランドソル、守ります！"
"0","0","8","プリンセス＆パンツァー！　\nキミとつながる作戦です！ 第5話","1","91002","7","0","0","10216","0","1","0","5216006","0","0","0","0","20","合同隊長、がんばります！"
"0","0","8","プリンセス＆パンツァー！　\nキミとつながる作戦です！ 第6話","1","91002","8","0","0","10216","0","1","0","5216007","0","0","0","0","20","また、つながる約束です！"
"0","0","8","プリンセス＆パンツァー！　\nキミとつながる作戦です！ エンディング","1","91002","9","0","0","10216","0","1","0","5216008","0","0","0","0","20","わたしたち、友達です！"
"0","0","0","プリンセス＆パンツァー！　\nキミとつながる作戦です！ ","0","0","0","0","0","10216","0","3","0","5216051","0","0","0","0","0","予告"
"0","0","0","プリンセス＆パンツァー！　\nキミとつながる作戦です！ ","0","0","0","0","0","10216","0","4","0","5216052","0","0","0","0","0","イントロムービー"
"0","0","8","戦車、作ります！　オープニング","0","91002","0","0","0","10216","0","5","0","5216061","0","4","0","0","30","戦車、作ります！"
"0","1","8","戦車、作ります！　第1話","0","91002","0","0","0","10216","0","5","0","5216062","0","4","0","0","30","無限軌道"
"0","1","8","戦車、作ります！　第2話","0","91002","0","0","0","10216","0","5","0","5216063","0","4","0","0","30","エンブレム"
"0","0","8","戦車、作ります！　エンディング","0","91002","0","2849","0","10216","0","5","0","5216064","0","4","1","7","30","グルメパンツァーです！"
"0","0","0","戦車、作ります！　おまけ","0","0","0","0","0","10216","0","5","0","5216065","0","4","0","0","0","おまけ写真"
"0","1","1","プリンセス＆パンツァー！　\nキミとつながる作戦です！ ミホ（ガルパン）加入ストーリー","0","139201","0","0","0","10216","0","7","0","5216501","0","0","0","0","1","加入します！"
"0","0","8","Re:birth maiden　\n‐再誕の乙女たち‐ オープニング","1","91002","1","0","0","10217","0","1","0","5217000","0","0","0","0","20","罪と夏の記憶"
"0","0","8","Re:birth maiden　\n‐再誕の乙女たち‐ 第1話","1","91002","2","0","0","10217","0","1","0","5217001","0","0","0","0","20","蝕まれた告白"
"0","0","8","Re:birth maiden　\n‐再誕の乙女たち‐ 第2話","1","91002","3","0","0","10217","0","1","0","5217002","0","0","0","0","20","泥を呑む正義"
"0","0","8","Re:birth maiden　\n‐再誕の乙女たち‐ 第3話","1","91002","4","0","0","10217","0","1","0","5217003","0","0","0","0","20","怨嗟の残響"
"0","0","8","Re:birth maiden　\n‐再誕の乙女たち‐ 第4話","1","91002","5","0","0","10217","0","1","0","5217004","0","0","0","0","20","罪に沈む乙女"
"0","0","8","Re:birth maiden　\n‐再誕の乙女たち‐ 第5話","1","91002","6","0","0","10217","0","1","0","5217005","0","0","0","0","20","つながり、応えたもの"
"0","0","8","Re:birth maiden　\n‐再誕の乙女たち‐ 第6話","1","91002","7","0","0","10217","0","1","0","5217006","0","0","0","0","20","再誕"
"0","0","8","Re:birth maiden　\n‐再誕の乙女たち‐ エンディング","1","91002","8","0","0","10217","0","1","0","5217007","0","0","0","0","20","名前なんて　残らずとも"
"0","0","0","Re:birth maiden　\n‐再誕の乙女たち‐ ","0","0","0","0","0","10217","0","3","0","5217051","0","0","0","0","0","予告"
"0","0","0","Re:birth maiden　\n‐再誕の乙女たち‐ ","0","0","0","0","0","10217","0","4","0","5217052","0","0","0","0","0","イントロムービー"
"0","0","8","アンタッチャブル♡アイランド　\n夏の乙女は恋の爆弾 オープニング","1","91002","1","0","0","10218","0","1","0","5218000","0","0","0","0","20","史上最悪の夏、始まる"
"0","0","8","アンタッチャブル♡アイランド　\n夏の乙女は恋の爆弾 第1話","1","91002","2","0","0","10218","0","1","0","5218001","0","0","0","0","20","危険値♡エスカレーション"
"0","0","8","アンタッチャブル♡アイランド　\n夏の乙女は恋の爆弾 第2話","1","91002","3","0","0","10218","0","1","0","5218002","0","0","0","0","20","思い出のパイナップル"
"0","0","8","アンタッチャブル♡アイランド　\n夏の乙女は恋の爆弾 第3話","1","91002","4","0","0","10218","0","1","0","5218003","0","0","0","0","20","爆発しても構わない"
"0","0","8","アンタッチャブル♡アイランド　\n夏の乙女は恋の爆弾 第4話","1","91002","5","0","0","10218","0","1","0","5218004","0","0","0","0","20","ノーワーク、ノーライフ"
"0","0","8","アンタッチャブル♡アイランド　\n夏の乙女は恋の爆弾 第5話","1","91002","6","0","0","10218","0","1","0","5218005","0","0","0","0","20","空想よりも恋はリアル"
"0","0","8","アンタッチャブル♡アイランド　\n夏の乙女は恋の爆弾 第6話","1","91002","7","0","0","10218","0","1","0","5218006","0","0","0","0","20","キスまでのテンカウント"
"0","0","8","アンタッチャブル♡アイランド　\n夏の乙女は恋の爆弾 エンディング","1","91002","8","0","0","10218","0","1","0","5218007","0","0","0","0","20","史上最高の夏、到来"
"0","0","0","アンタッチャブル♡アイランド　\n夏の乙女は恋の爆弾 ","0","0","0","0","0","10218","0","3","0","5218051","0","0","0","0","0","予告"
"0","0","0","アンタッチャブル♡アイランド　\n夏の乙女は恋の爆弾 ","0","0","0","0","0","10218","0","4","0","5218052","0","0","0","0","0","イントロムービー"
"0","0","8","ラヴって♡バズさまー！　\n#フブキ #ヴァンピィ #カワいさ拡散中！ オープニング","1","91002","1","0","0","10219","0","1","0","5219000","0","0","0","0","20","フブキVSヴァンピィ！"
"0","0","8","ラヴって♡バズさまー！　\n#フブキ #ヴァンピィ #カワいさ拡散中！ 第1話","1","91002","2","0","0","10219","0","1","0","5219001","0","0","0","0","20","負けられない戦い"
"0","0","8","ラヴって♡バズさまー！　\n#フブキ #ヴァンピィ #カワいさ拡散中！ 第2話","1","91002","3","0","0","10219","0","1","0","5219002","0","0","0","0","20","コラボ配信の真実"
"0","0","8","ラヴって♡バズさまー！　\n#フブキ #ヴァンピィ #カワいさ拡散中！ 第3話","1","91002","4","0","0","10219","0","1","0","5219003","0","0","0","0","20","フブキのヒミツ兵器♡"
"0","0","8","ラヴって♡バズさまー！　\n#フブキ #ヴァンピィ #カワいさ拡散中！ 第4話","1","91002","5","0","0","10219","0","1","0","5219004","0","0","0","0","20","帰ってきたアイツ！？"
"0","0","8","ラヴって♡バズさまー！　\n#フブキ #ヴァンピィ #カワいさ拡散中！ 第5話","1","91002","6","0","0","10219","0","1","0","5219005","0","0","0","0","20","さいきょーの吸血姫"
"0","0","8","ラヴって♡バズさまー！　\n#フブキ #ヴァンピィ #カワいさ拡散中！ 第6話","1","91002","7","0","0","10219","0","1","0","5219006","0","0","0","0","20","ラヴ♡バズ♪フィナーレ！"
"0","0","8","ラヴって♡バズさまー！　\n#フブキ #ヴァンピィ #カワいさ拡散中！ エンディング","1","91002","8","0","0","10219","0","1","0","5219007","0","0","0","0","20","#ふたりは仲良し♡"
"0","0","0","ラヴって♡バズさまー！　\n#フブキ #ヴァンピィ #カワいさ拡散中！ ","0","0","0","0","0","10219","0","3","0","5219051","0","0","0","0","0","予告"
"0","0","0","ラヴって♡バズさまー！　\n#フブキ #ヴァンピィ #カワいさ拡散中！ ","0","0","0","0","0","10219","0","4","0","5219052","0","0","0","0","0","イントロムービー"