ea7b108a9b0ab89835e298e53585766affa2063c017fce7fbd79e8b5f4794233,b6835692af4dab56fac983280cc51d56c51a61b8cd2fb7d8da8878cb0436dc23,46e60d8f6f36a3cf36a6f7a402cade8fa623b4391f22afec77750033ed7b16af,5d03f08440d45840e8330fe22fe44b4f6bf773b331bc2e2f28a9418a3107d033,e18d4d1b07dba74c1ebd7641f32e4e2d43c10da60a413ed7b32d40732532183b,730423cda8ff27f7fe657d705845cf7894d017c419319822225b79ad7069c7c3
"1","10101001","15","1001","1","58002001"
"2","10101002","15","1002","1","58002002"
"3","10101003","15","1003","1","58002003"
"4","10201001","15","1001","1","56011001"
"5","10201002","15","1002","1","56011002"
"6","10201003","15","1003","1","56011003"
"7","91002","8","0","50","56011003"
"8","10201004","15","1001","1","56011004"
"9","10201005","15","1002","1","56011005"
"10","10201006","15","1003","1","56011006"
"11","91002","8","0","50","56011006"
"12","10201007","15","1001","1","56011007"
"13","10201008","15","1002","1","56011008"
"14","10201009","15","1003","1","56011009"
"15","91002","8","0","50","56011009"
"16","10201010","15","1001","1","56011010"
"17","10201011","15","1002","1","56011011"
"18","10201012","15","1003","1","56011012"
"19","91002","8","0","50","56011012"
"20","10201013","15","1001","1","56011013"
"21","10201014","15","1002","1","56011014"
"22","10201015","15","1003","1","56011015"
"23","91002","8","0","50","56011015"
"24","10201016","15","1001","1","56011016"
"25","10201017","15","1002","1","56011017"
"26","10201018","15","1003","1","56011018"
"27","91002","8","0","50","56011018"
"28","10201019","15","1001","1","56011019"
"29","10201020","15","1002","1","56011020"
"30","10201021","15","1003","1","56011021"
"31","91002","8","0","50","56011021"
"32","10201022","15","1001","1","56011022"
"33","10201023","15","1002","1","56011023"
"34","10201024","15","1003","1","56011024"
"35","91002","8","0","50","56011024"
"36","10201025","15","1001","1","56011025"
"37","10201026","15","1002","1","56011026"
"38","10201027","15","1003","1","56011027"
"39","91002","8","0","50","56011027"
"40","10201028","15","1001","1","56011028"
"41","10201029","15","1002","1","56011029"
"42","10201030","15","1003","1","56011030"
"43","91002","8","0","50","56011030"
"44","10201031","15","1001","1","56011031"
"45","10201032","15","1002","1","56011032"
"46","10201033","15","1003","1","56011033"
"47","91002","8","0","50","56011033"
"48","10201034","15","1001","1","56011034"
"49","10201035","15","1002","1","56011035"
"50","10201036","15","1003","1","56011036"
"51","91002","8","0","50","56011036"
"52","10201037","15","1001","1","56011037"
"53","10201038","15","1002","1","56011038"
"54","10201039","15","1003","1","56011039"
"55","91002","8","0","50","56011039"
"56","10201040","15","1001","1","56011040"
"57","10201041","15","1002","1","56011041"
"58","10201042","15","1003","1","56011042"
"59","91002","8","0","50","56011042"
"60","10201043","15","1001","1","56011043"
"61","10201044","15","1002","1","56011044"
"62","10201045","15","1003","1","56011045"
"63","91002","8","0","50","56011045"
"64","10201046","15","1001","1","56011046"
"65","10201047","15","1002","1","56011047"
"66","10201048","15","1003","1","56011048"
"67","91002","8","0","50","56011048"
"68","10201049","15","1001","1","56011049"
"69","10201050","15","1002","1","56011050"
"70","10201051","15","1003","1","56011051"
"71","91002","8","0","50","56011051"
"72","10201052","15","1001","1","56011052"
"73","10201053","15","1002","1","56011053"
"74","10201054","15","1003","1","56011054"
"75","91002","8","0","50","56011054"
"76","10201055","15","1001","1","56011055"
"77","10201056","15","1002","1","56011056"
"78","10201057","15","1003","1","56011057"
"79","91002","8","0","50","56011057"
"80","10201058","15","1001","1","56011058"
"81","10201059","15","1002","1","56011059"
"82","10201060","15","1003","1","56011060"
"83","91002","8","0","50","56011060"
"84","10201061","15","1001","1","56011061"
"85","10201062","15","1002","1","56011062"
"86","10201063","15","1003","1","56011063"
"87","91002","8","0","50","56011063"
"88","10201064","15","1001","1","56011064"
"89","10201065","15","1002","1","56011065"
"90","10201066","15","1003","1","56011066"
"91","91002","8","0","50","56011066"
"92","10201067","15","1001","1","56011067"
"93","10201068","15","1002","1","56011068"
"94","10201069","15","1003","1","56011069"
"95","91002","8","0","50","56011069"
"96","10201070","15","1001","1","56011070"
"97","10201071","15","1002","1","56011071"
"98","10201072","15","1003","1","56011072"
"99","91002","8","0","50","56011072"
"100","10201073","15","1001","1","56011073"
"101","10201074","15","1002","1","56011074"
"102","10201075","15","1003","1","56011075"
"103","91002","8","0","50","56011075"
"104","10201076","15","1001","1","56011076"
"105","10201077","15","1002","1","56011077"
"106","10201078","15","1003","1","56011078"
"107","91002","8","0","50","56011078"
"108","10201079","15","1001","1","56011079"
"109","10201080","15","1002","1","56011080"
"110","10201081","15","1003","1","56011081"
"111","91002","8","0","50","56011081"
"112","10201082","15","1001","1","56011082"
"113","10201083","15","1002","1","56011083"
"114","10201084","15","1003","1","56011084"
"115","91002","8","0","50","56011084"
"116","10201085","15","1001","1","56011085"
"117","10201086","15","1002","1","56011086"
"118","10201087","15","1003","1","56011087"
"119","91002","8","0","50","56011087"
"120","10201088","15","1001","1","56011088"
"121","10201089","15","1002","1","56011089"
"122","10201090","15","1003","1","56011090"
"123","91002","8","0","50","56011090"
"124","10201091","15","1001","1","56011091"
"125","10201092","15","1002","1","56011092"
"126","10201093","15","1003","1","56011093"
"127","91002","8","0","50","56011093"
"128","10201094","15","1001","1","56011094"
"129","10201095","15","1002","1","56011095"
"130","10201096","15","1003","1","56011096"
"131","91002","8","0","50","56011096"
"132","10201097","15","1001","1","56011097"
"133","10201098","15","1002","1","56011098"
"134","10201099","15","1003","1","56011099"
"135","91002","8","0","50","56011099"
"136","10201100","15","1001","1","56011100"
"137","10201101","15","1002","1","56011101"
"138","10201102","15","1003","1","56011102"
"139","91002","8","0","50","56011102"
"140","10201103","15","1001","1","56011103"
"141","10201104","15","1002","1","56011104"
"142","10201105","15","1003","1","56011105"
"143","91002","8","0","50","56011105"
"144","10201106","15","1001","1","56011106"
"145","10201107","15","1002","1","56011107"
"146","10201108","15","1003","1","56011108"
"147","91002","8","0","50","56011108"
"148","10201109","15","1001","1","56011109"
"149","10201110","15","1002","1","56011110"
"150","10201111","15","1003","1","56011111"
"151","91002","8","0","50","56011111"
"152","10201112","15","1001","1","56011112"
"153","10201113","15","1002","1","56011113"
"154","10201114","15","1003","1","56011114"
"155","91002","8","0","50","56011114"
"156","10201115","15","1001","1","56011115"
"157","10201116","15","1002","1","56011116"
"158","10201117","15","1003","1","56011117"
"159","91002","8","0","50","56011117"
"160","10201118","15","1001","1","56011118"
"161","10201119","15","1002","1","56011119"
"162","10201120","15","1003","1","56011120"
"163","91002","8","0","50","56011120"
"164","10201121","15","1001","1","56011121"
"165","10201122","15","1002","1","56011122"
"166","10201123","15","1003","1","56011123"
"167","91002","8","0","50","56011123"
"168","10201124","15","1001","1","56011124"
"169","10201125","15","1002","1","56011125"
"170","10201126","15","1003","1","56011126"
"171","91002","8","0","50","56011126"
"172","10201127","15","1001","1","56011127"
"173","10201128","15","1002","1","56011128"
"174","10201129","15","1003","1","56011129"
"175","91002","8","0","50","56011129"
"176","10201130","15","1001","1","56011130"
"177","10201131","15","1002","1","56011131"
"178","10201132","15","1003","1","56011132"
"179","91002","8","0","50","56011132"
"180","10201133","15","1001","1","56011133"
"181","10201134","15","1002","1","56011134"
"182","10201135","15","1003","1","56011135"
"183","91002","8","0","50","56011135"
"184","10201136","15","1001","1","56011136"
"185","10201137","15","1002","1","56011137"
"186","10201138","15","1003","1","56011138"
"187","91002","8","0","50","56011138"
"188","10201139","15","1001","1","56011139"
"189","10201140","15","1002","1","56011140"
"190","10201141","15","1003","1","56011141"
"191","91002","8","0","50","56011141"
"192","10201142","15","1001","1","56011142"
"193","10201143","15","1002","1","56011143"
"194","10201144","15","1003","1","56011144"
"195","91002","8","0","50","56011144"
"196","10201145","15","1001","1","56011145"
"197","10201146","15","1002","1","56011146"
"198","10201147","15","1003","1","56011147"
"199","91002","8","0","50","56011147"
"200","10201148","15","1001","1","56011148"
"201","10201149","15","1002","1","56011149"
"202","10201150","15","1003","1","56011150"
"203","91002","8","0","50","56011150"
"204","10201151","15","1001","1","56011151"
"205","10201152","15","1002","1","56011152"
"206","10201153","15","1003","1","56011153"
"207","91002","8","0","50","56011153"
"208","10201154","15","1001","1","56011154"
"209","10201155","15","1002","1","56011155"
"210","10201156","15","1003","1","56011156"
"211","91002","8","0","50","56011156"
"212","10201157","15","1001","1","56011157"
"213","10201158","15","1002","1","56011158"
"214","10201159","15","1003","1","56011159"
"215","91002","8","0","50","56011159"
"216","10201160","15","1001","1","56011160"
"217","10201161","15","1002","1","56011161"
"218","10201162","15","1003","1","56011162"
"219","91002","8","0","50","56011162"
"220","10201163","15","1001","1","56011163"
"221","10201164","15","1002","1","56011164"
"222","10201165","15","1003","1","56011165"
"223","91002","8","0","50","56011165"
"224","10201166","15","1001","1","56011166"
"225","10201167","15","1002","1","56011167"
"226","10201168","15","1003","1","56011168"
"227","91002","8","0","50","56011168"
"228","10201169","15","1001","1","56011169"
"229","10201170","15","1002","1","56011170"
"230","10201171","15","1003","1","56011171"
"231","91002","8","0","50","56011171"
"232","10201172","15","1001","1","56011172"
"233","10201173","15","1002","1","56011173"
"234","10201174","15","1003","1","56011174"
"235","91002","8","0","50","56011174"
"236","10201175","15","1001","1","56011175"
"237","10201176","15","1002","1","56011176"
"238","10201177","15","1003","1","56011177"
"239","91002","8","0","50","56011177"
"240","10201178","15","1001","1","56011178"
"241","10201179","15","1002","1","56011179"
"242","10201180","15","1003","1","56011180"
"243","91002","8","0","50","56011180"
"244","10201181","15","1001","1","56011181"
"245","10201182","15","1002","1","56011182"
"246","10201183","15","1003","1","56011183"
"247","91002","8","0","50","56011183"
"248","10201184","15","1001","1","56011184"
"249","10201185","15","1002","1","56011185"
"250","10201186","15","1003","1","56011186"
"251","91002","8","0","50","56011186"
"252","10201187","15","1001","1","56011187"
"253","10201188","15","1002","1","56011188"
"254","10201189","15","1003","1","56011189"
"255","91002","8","0","50","56011189"
"256","10201190","15","1001","1","56011190"
"257","10201191","15","1002","1","56011191"
"258","10201192","15","1003","1","56011192"
"259","91002","8","0","50","56011192"
"260","10201193","15","1001","1","56011193"
"261","10201194","15","1002","1","56011194"
"262","10201195","15","1003","1","56011195"
"263","91002","8","0","50","56011195"
"264","10201196","15","1001","1","56011196"
"265","10201197","15","1002","1","56011197"
"266","10201198","15","1003","1","56011198"
"267","91002","8","0","50","56011198"
"268","10201199","15","1001","1","56011199"
"269","10201200","15","1002","1","56011200"
"270","10201201","15","1003","1","56011201"
"271","91002","8","0","50","56011201"
"272","10201202","15","1001","1","56011202"
"273","10201203","15","1002","1","56011203"
"274","10201204","15","1003","1","56011204"
"275","91002","8","0","50","56011204"
"276","10201205","15","1001","1","56011205"
"277","10201206","15","1002","1","56011206"
"278","10201207","15","1003","1","56011207"
"279","91002","8","0","50","56011207"
"280","10201208","15","1001","1","56011208"
"281","10201209","15","1002","1","56011209"
"282","10201210","15","1003","1","56011210"
"283","91002","8","0","50","56011210"
"284","10201211","15","1001","1","56011211"
"285","10201212","15","1002","1","56011212"
"286","10201213","15","1003","1","56011213"
"287","91002","8","0","50","56011213"
"288","10201214","15","1001","1","56011214"
"289","10201215","15","1002","1","56011215"
"290","10201216","15","1003","1","56011216"
"291","91002","8","0","50","56011216"
"292","10201217","15","1001","1","56011217"
"293","10201218","15","1002","1","56011218"
"294","10201219","15","1003","1","56011219"
"295","91002","8","0","50","56011219"
"296","10201220","15","1001","1","56011220"
"297","10201221","15","1002","1","56011221"
"298","10201222","15","1003","1","56011222"
"299","91002","8","0","50","56011222"
"300","10201223","15","1001","1","56011223"
"301","10201224","15","1002","1","56011224"
"302","10201225","15","1003","1","56011225"
"303","91002","8","0","50","56011225"
"304","10201226","15","1001","1","56011226"
"305","10201227","15","1002","1","56011227"
"306","10201228","15","1003","1","56011228"
"307","91002","8","0","50","56011228"
"308","10201229","15","1001","1","56011229"
"309","10201230","15","1002","1","56011230"
"310","10201231","15","1003","1","56011231"
"311","91002","8","0","50","56011231"
"312","10201232","15","1001","1","56011232"
"313","10201233","15","1002","1","56011233"
"314","10201234","15","1003","1","56011234"
"315","91002","8","0","50","56011234"
"316","10202001","15","1003","1","56012001"
"317","10202002","15","1003","1","56012002"
"318","10202003","15","1003","1","56012003"
"319","10202004","15","1003","1","56012004"
"320","10202005","15","1003","1","56012005"
"321","10202006","15","1003","1","56012006"
"322","10202007","15","1003","1","56012007"
"323","10202008","15","1003","1","56012008"
"324","10202009","15","1003","1","56012009"
"325","10202010","15","1003","1","56012010"
"326","10202011","15","1003","1","56012011"
"327","10202012","15","1003","1","56012012"
"328","10202013","15","1003","1","56012013"
"329","10202014","15","1003","1","56012014"
"330","10202015","15","1003","1","56012015"
"447","10501001","15","1001","1","54002001"
"448","91002","8","0","50","54002001"
"449","10501002","15","1002","1","54002002"
"450","91002","8","0","50","54002002"
"451","10501003","15","1003","1","54002003"
"452","91002","8","0","50","54002003"
"453","10502001","15","1001","1","54004001"
"454","91002","8","0","50","54004001"
"455","10502002","15","1002","1","54004002"
"456","91002","8","0","50","54004002"
"457","10502003","15","1003","1","54004003"
"458","91002","8","0","50","54004003"
"459","10601001","15","1001","1","55006001"
"460","91002","8","0","10","55006001"
"461","10601002","15","1002","1","55006002"
"462","91002","8","0","30","55006002"
"463","10601003","15","1003","1","55006003"
"464","91002","8","0","50","55006003"
"465","10201235","15","1001","1","56011235"
"466","10201236","15","1002","1","56011236"
"467","10201237","15","1003","1","56011237"
"468","91002","8","0","50","56011237"
"469","10201238","15","1001","1","56011238"
"470","10201239","15","1002","1","56011239"
"471","10201240","15","1003","1","56011240"
"472","91002","8","0","50","56011240"
"473","10201241","15","1001","1","56011241"
"474","10201242","15","1002","1","56011242"
"475","10201243","15","1003","1","56011243"
"476","91002","8","0","50","56011243"
"477","10201244","15","1001","1","56011244"
"478","10201245","15","1002","1","56011245"
"479","10201246","15","1003","1","56011246"
"480","91002","8","0","50","56011246"
"481","10201247","15","1001","1","56011247"
"482","10201248","15","1002","1","56011248"
"483","10201249","15","1003","1","56011249"
"484","91002","8","0","50","56011249"
"485","10201250","15","1001","1","56011250"
"486","10201251","15","1002","1","56011251"
"487","10201252","15","1003","1","56011252"
"488","91002","8","0","50","56011252"
"489","10201253","15","1001","1","56011253"
"490","10201254","15","1002","1","56011254"
"491","10201255","15","1003","1","56011255"
"492","91002","8","0","50","56011255"
"493","10201256","15","1001","1","56011256"
"494","10201257","15","1002","1","56011257"
"495","10201258","15","1003","1","56011258"
"496","91002","8","0","50","56011258"
"497","10201259","15","1001","1","56011259"
"498","10201260","15","1002","1","56011260"
"499","10201261","15","1003","1","56011261"
"500","91002","8","0","50","56011261"
"501","10201262","15","1001","1","56011262"
"502","10201263","15","1002","1","56011263"
"503","10201264","15","1003","1","56011264"
"504","91002","8","0","50","56011264"
"505","10201265","15","1001","1","56011265"
"506","10201266","15","1002","1","56011266"
"507","10201267","15","1003","1","56011267"
"508","91002","8","0","50","56011267"
"509","10201268","15","1001","1","56011268"
"510","10201269","15","1002","1","56011269"
"511","10201270","15","1003","1","56011270"
"512","91002","8","0","50","56011270"
"513","10201271","15","1003","1","56011271"
"514","91002","8","0","100","56011271"
"515","10201272","15","1003","1","56011272"
"516","91002","8","0","100","56011272"
"517","10201273","15","1003","1","56011273"
"518","91002","8","0","100","56011273"
"519","10201274","15","1001","1","56011274"
"520","10201275","15","1002","1","56011275"
"521","10201276","15","1003","1","56011276"
"522","91002","8","0","50","56011276"
"523","10201277","15","1001","1","56011277"
"524","10201278","15","1002","1","56011278"
"525","10201279","15","1003","1","56011279"
"526","91002","8","0","50","56011279"
"527","10201280","15","1001","1","56011280"
"528","10201281","15","1002","1","56011281"
"529","10201282","15","1003","1","56011282"
"530","91002","8","0","50","56011282"
"531","10201283","15","1001","1","56011283"
"532","10201284","15","1002","1","56011284"
"533","10201285","15","1003","1","56011285"
"534","91002","8","0","50","56011285"
"535","10201286","15","1003","1","56011286"
"536","91002","8","0","100","56011286"
"537","11101001","15","1001","1","56014001"
"538","91002","8","0","10","56014001"
"539","11101002","15","1002","1","56014002"
"540","91002","8","0","20","56014002"
"541","11101003","15","1003","1","56014003"
"542","91002","8","0","50","56014003"
"543","11201001","15","1001","1","56015001"
"544","91002","8","0","50","56015001"
"545","11201002","15","1002","1","56015002"
"546","91002","8","0","50","56015002"
"547","11201003","15","1003","1","56015003"
"548","91002","8","0","50","56015003"
"549","10201287","15","1001","1","56011287"
"550","10201288","15","1002","1","56011288"
"551","10201289","15","1003","1","56011289"
"552","91002","8","0","50","56011289"
"553","10201290","15","1001","1","56011290"
"554","10201291","15","1002","1","56011291"
"555","10201292","15","1003","1","56011292"
"556","91002","8","0","50","56011292"
"557","10201293","15","1003","1","56011293"
"558","91002","8","0","100","56011293"
"559","10201294","15","1001","1","56011294"
"560","10201295","15","1002","1","56011295"
"561","10201296","15","1003","1","56011296"
"562","91002","8","0","50","56011296"
"563","10201297","15","1001","1","56011297"
"564","10201298","15","1002","1","56011298"
"565","10201299","15","1003","1","56011299"
"566","91002","8","0","50","56011299"
"567","10201300","15","1001","1","56011300"
"568","10201301","15","1002","1","56011301"
"569","10201302","15","1003","1","56011302"
"570","91002","8","0","50","56011302"
"571","10201303","15","1003","1","56011303"
"572","91002","8","0","100","56011303"
"573","10201304","15","1001","1","56011304"
"574","10201305","15","1002","1","56011305"
"575","10201306","15","1003","1","56011306"
"576","91002","8","0","50","56011306"
"577","10301015","15","1003","1","58008015"
"578","91002","8","0","50","58008015"
"579","10201307","15","1001","1","56011307"
"580","10201308","15","1002","1","56011308"
"581","10201309","15","1003","1","56011309"
"582","91002","8","0","50","56011309"
"583","10201310","15","1001","1","56011310"
"584","10201311","15","1002","1","56011311"
"585","10201312","15","1003","1","56011312"
"586","91002","8","0","50","56011312"
"587","10201313","15","1003","1","56011313"
"588","91002","8","0","100","56011313"
"589","10201314","15","1001","1","56011314"
"590","10201315","15","1002","1","56011315"
"591","10201316","15","1003","1","56011316"
"592","91002","8","0","50","56011316"
"593","10201317","15","1001","1","56011317"
"594","10201318","15","1002","1","56011318"
"595","10201319","15","1003","1","56011319"
"596","91002","8","0","50","56011319"
"597","10201320","15","1001","1","56011320"
"598","10201321","15","1002","1","56011321"
"599","10201322","15","1003","1","56011322"
"600","91002","8","0","50","56011322"
"601","10201323","15","1003","1","56011323"
"602","91002","8","0","100","56011323"
"603","10201324","15","1001","1","56011324"
"604","10201325","15","1002","1","56011325"
"605","10201326","15","1003","1","56011326"
"606","91002","8","0","50","56011326"
"607","10201327","15","1001","1","56011327"
"608","10201328","15","1002","1","56011328"
"609","10201329","15","1003","1","56011329"
"610","91002","8","0","50","56011329"
"611","10201330","15","1001","1","56011330"
"612","10201331","15","1002","1","56011331"
"613","10201332","15","1003","1","56011332"
"614","91002","8","0","50","56011332"
"615","10201333","15","1003","1","56011333"
"616","91002","8","0","100","56011333"
"617","10201334","15","1003","1","56011334"
"618","91002","8","0","100","56011334"
"619","10201335","15","1003","1","56011335"
"620","91002","8","0","100","56011335"
"621","10202100","15","1003","1","56012100"
"622","10201336","15","1001","1","56011336"
"623","10201337","15","1002","1","56011337"
"624","10201338","15","1003","1","56011338"
"625","91002","8","0","50","56011338"
"626","10201339","15","1001","1","56011339"
"627","10201340","15","1002","1","56011340"
"628","10201341","15","1003","1","56011341"
"629","91002","8","0","50","56011341"
"630","10202016","15","1003","1","56012016"
"631","10201342","15","1003","1","56011342"
"632","91002","8","0","100","56011342"
"633","10201343","15","1001","1","56011343"
"634","10201344","15","1002","1","56011344"
"635","10201345","15","1003","1","56011345"
"636","91002","8","0","50","56011345"
"637","10201346","15","1001","1","56011346"
"638","10201347","15","1002","1","56011347"
"639","10201348","15","1003","1","56011348"
"640","91002","8","0","50","56011348"
"641","10201349","15","1003","1","56011349"
"642","91002","8","0","100","56011349"
"643","10603001","15","1001","1","55008001"
"644","91002","8","0","50","55008001"
"645","10603002","15","1001","1","55008002"
"646","91002","8","0","50","55008002"
"647","10603003","15","1002","1","55008003"
"648","91002","8","0","50","55008003"
"649","10603004","15","1002","1","55008004"
"650","91002","8","0","50","55008004"
"651","10603005","15","1003","1","55008005"
"652","91002","8","0","50","55008005"
"653","10603006","15","1003","1","55008006"
"654","91002","8","0","50","55008006"
"655","10201350","15","1001","1","56011350"
"656","10201351","15","1002","1","56011351"
"657","10201352","15","1003","1","56011352"
"658","91002","8","0","50","56011352"
"659","10201353","15","1001","1","56011353"
"660","10201354","15","1002","1","56011354"
"661","10201355","15","1003","1","56011355"
"662","91002","8","0","50","56011355"
"663","10201356","15","1001","1","56011356"
"664","10201357","15","1002","1","56011357"
"665","10201358","15","1003","1","56011358"
"666","91002","8","0","50","56011358"
"667","10201359","15","1003","1","56011359"
"668","91002","8","0","100","56011359"
"669","10201360","15","1001","1","56011360"
"670","10201361","15","1002","1","56011361"
"671","10201362","15","1003","1","56011362"
"672","91002","8","0","50","56011362"
"673","10201363","15","1001","1","56011363"
"674","10201364","15","1002","1","56011364"
"675","10201365","15","1003","1","56011365"
"676","91002","8","0","50","56011365"
"677","10202017","15","1003","1","56012017"
"678","10201366","15","1001","1","56011366"
"679","10201367","15","1002","1","56011367"
"680","10201368","15","1003","1","56011368"
"681","91002","8","0","50","56011368"
"682","10201369","15","1001","1","56011369"
"683","10201370","15","1002","1","56011370"
"684","10201371","15","1003","1","56011371"
"685","91002","8","0","50","56011371"
"686","10201372","15","1003","1","56011372"
"687","91002","8","0","100","56011372"
"688","10201373","15","1001","1","56011373"
"689","10201374","15","1002","1","56011374"
"690","10201375","15","1003","1","56011375"
"691","91002","8","0","50","56011375"
"692","10201376","15","1001","1","56011376"
"693","10201377","15","1002","1","56011377"
"694","10201378","15","1003","1","56011378"
"695","91002","8","0","50","56011378"
"696","10201379","15","1001","1","56011379"
"697","10201380","15","1002","1","56011380"
"698","10201381","15","1003","1","56011381"
"699","91002","8","0","50","56011381"
"700","10201382","15","1001","1","56011382"
"701","10201383","15","1002","1","56011383"
"702","10201384","15","1003","1","56011384"
"703","91002","8","0","50","56011384"
"704","10201385","15","1003","1","56011385"
"705","91002","8","0","100","56011385"
"706","10201386","15","1001","1","56011386"
"707","10201387","15","1002","1","56011387"
"708","10201388","15","1003","1","56011388"
"709","91002","8","0","50","56011388"
"710","10201389","15","1001","1","56011389"
"711","10201390","15","1002","1","56011390"
"712","10201391","15","1003","1","56011391"
"713","91002","8","0","50","56011391"
"714","10201392","15","1001","1","56011392"
"715","10201393","15","1002","1","56011393"
"716","10201394","15","1003","1","56011394"
"717","91002","8","0","50","56011394"
"718","10201395","15","1003","1","56011395"
"719","91002","8","0","100","56011395"
"720","10201396","15","1003","1","56011396"
"721","91002","8","0","100","56011396"
"722","10201397","15","1001","1","56011397"
"723","10201398","15","1002","1","56011398"
"724","10201399","15","1003","1","56011399"
"725","91002","8","0","50","56011399"
"726","10201400","15","1001","1","56011400"
"727","10201401","15","1002","1","56011401"
"728","10201402","15","1003","1","56011402"
"729","91002","8","0","50","56011402"
"730","10201403","15","1001","1","56011403"
"731","10201404","15","1002","1","56011404"
"732","10201405","15","1003","1","56011405"
"733","91002","8","0","50","56011405"
"734","10201406","15","1003","1","56011406"
"735","91002","8","0","100","56011406"
"736","10201407","15","1001","1","56011407"
"737","10201408","15","1002","1","56011408"
"738","10201409","15","1003","1","56011409"
"739","91002","8","0","50","56011409"
"740","10201410","15","1001","1","56011410"
"741","10201411","15","1002","1","56011411"
"742","10201412","15","1003","1","56011412"
"743","91002","8","0","50","56011412"
"744","10201413","15","1003","1","56011413"
"745","91002","8","0","100","56011413"
"746","10201414","15","1001","1","56011414"
"747","10201415","15","1002","1","56011415"
"748","10201416","15","1003","1","56011416"
"749","91002","8","0","50","56011416"
"750","10201417","15","1001","1","56011417"
"751","10201418","15","1002","1","56011418"
"752","10201419","15","1003","1","56011419"
"753","91002","8","0","50","56011419"
"754","10201420","15","1001","1","56011420"
"755","10201421","15","1002","1","56011421"
"756","10201422","15","1003","1","56011422"
"757","91002","8","0","50","56011422"
"758","10201423","15","1003","1","56011423"
"759","91002","8","0","100","56011423"
"760","10201424","15","1001","1","56011424"
"761","10201425","15","1002","1","56011425"
"762","10201426","15","1003","1","56011426"
"763","91002","8","0","50","56011426"
"764","10201427","15","1001","1","56011427"
"765","10201428","15","1002","1","56011428"
"766","10201429","15","1003","1","56011429"
"767","91002","8","0","50","56011429"
"768","10201430","15","1001","1","56011430"
"769","10201431","15","1002","1","56011431"
"770","10201432","15","1003","1","56011432"
"771","91002","8","0","50","56011432"
"772","10201433","15","1001","1","56011433"
"773","10201434","15","1002","1","56011434"
"774","10201435","15","1003","1","56011435"
"775","91002","8","0","50","56011435"
"776","10201436","15","1003","1","56011436"
"777","91002","8","0","100","56011436"
"778","10201437","15","1001","1","56011437"
"779","10201438","15","1002","1","56011438"
"780","10201439","15","1003","1","56011439"
"781","91002","8","0","50","56011439"
"782","10201440","15","1001","1","56011440"
"783","10201441","15","1002","1","56011441"
"784","10201442","15","1003","1","56011442"
"785","91002","8","0","50","56011442"
"786","10201443","15","1001","1","56011443"
"787","10201444","15","1002","1","56011444"
"788","10201445","15","1003","1","56011445"
"789","91002","8","0","50","56011445"
"790","10201446","15","1003","1","56011446"
"791","91002","8","0","100","56011446"
"792","10201447","15","1001","1","56011447"
"793","10201448","15","1002","1","56011448"
"794","10201449","15","1003","1","56011449"
"795","91002","8","0","50","56011449"
"796","10201450","15","1001","1","56011450"
"797","10201451","15","1002","1","56011451"
"798","10201452","15","1003","1","56011452"
"799","91002","8","0","50","56011452"
"800","10201453","15","1001","1","56011453"
"801","10201454","15","1002","1","56011454"
"802","10201455","15","1003","1","56011455"
"803","91002","8","0","50","56011455"
"804","10201456","15","1001","1","56011456"
"805","10201457","15","1002","1","56011457"
"806","10201458","15","1003","1","56011458"
"807","91002","8","0","50","56011458"
"808","10201459","15","1001","1","56011459"
"809","10201460","15","1002","1","56011460"
"810","10201461","15","1003","1","56011461"
"811","91002","8","0","50","56011461"
"812","10201462","15","1003","1","56011462"
"813","91002","8","0","100","56011462"
"814","10201463","15","1003","1","56011463"
"815","91002","8","0","100","56011463"
"816","10201464","15","1003","1","56011464"
"817","91002","8","0","100","56011464"
"818","10201465","15","1001","1","56011465"
"819","10201466","15","1002","1","56011466"
"820","10201467","15","1003","1","56011467"
"821","91002","8","0","50","56011467"
"822","10201468","15","1001","1","56011468"
"823","10201469","15","1002","1","56011469"
"824","10201470","15","1003","1","56011470"
"825","91002","8","0","50","56011470"
"826","10201471","15","1003","1","56011471"
"827","91002","8","0","100","56011471"
"828","10201472","15","1001","1","56011472"
"829","10201473","15","1002","1","56011473"
"830","10201474","15","1003","1","56011474"
"831","91002","8","0","50","56011474"
"832","10201475","15","1001","1","56011475"
"833","10201476","15","1002","1","56011476"
"834","10201477","15","1003","1","56011477"
"835","91002","8","0","50","56011477"
"836","10201484","15","1003","1","56011484"
"837","91002","8","0","100","56011484"
"838","10201485","15","1001","1","56011485"
"839","10201486","15","1002","1","56011486"
"840","10201487","15","1003","1","56011487"
"841","91002","8","0","50","56011487"
"842","10201488","15","1001","1","56011488"
"843","10201489","15","1002","1","56011489"
"844","10201490","15","1003","1","56011490"
"845","91002","8","0","50","56011490"
"846","10201491","15","1001","1","56011491"
"847","10201492","15","1002","1","56011492"
"848","10201493","15","1003","1","56011493"
"849","91002","8","0","50","56011493"
"850","10201494","15","1003","1","56011494"
"851","91002","8","0","100","56011494"
"852","10201495","15","1001","1","56011495"
"853","10201496","15","1002","1","56011496"
"854","10201497","15","1003","1","56011497"
"855","91002","8","0","50","56011497"
"856","10201498","15","1001","1","56011498"
"857","10201499","15","1002","1","56011499"
"858","10201500","15","1003","1","56011500"
"859","91002","8","0","50","56011500"
"860","10201501","15","1001","1","56011501"
"861","10201502","15","1002","1","56011502"
"862","10201503","15","1003","1","56011503"
"863","91002","8","0","50","56011503"
"864","10201504","15","1003","1","56011504"
"865","91002","8","0","100","56011504"
"867","10201505","15","1001","1","56011505"
"868","10201506","15","1002","1","56011506"
"869","10201507","15","1003","1","56011507"
"870","91002","8","0","50","56011507"
"871","10201508","15","1001","1","56011508"
"872","10201509","15","1002","1","56011509"
"873","10201510","15","1003","1","56011510"
"874","91002","8","0","50","56011510"
"875","10201511","15","1001","1","56011511"
"876","10201512","15","1002","1","56011512"
"877","10201513","15","1003","1","56011513"
"878","91002","8","0","50","56011513"
"879","10201514","15","1003","1","56011514"
"880","91002","8","0","100","56011514"
"881","10201515","15","1001","1","56011515"
"882","10201516","15","1002","1","56011516"
"883","10201517","15","1003","1","56011517"
"884","91002","8","0","50","56011517"
"885","10201518","15","1001","1","56011518"
"886","10201519","15","1002","1","56011519"
"887","10201520","15","1003","1","56011520"
"888","91002","8","0","50","56011520"
"889","10201521","15","1001","1","56011521"
"890","10201522","15","1002","1","56011522"
"891","10201523","15","1003","1","56011523"
"892","91002","8","0","50","56011523"
"893","10201524","15","1003","1","56011524"
"894","91002","8","0","100","56011524"
"895","10201525","15","1001","1","56011525"
"896","10201526","15","1002","1","56011526"
"897","10201527","15","1003","1","56011527"
"898","91002","8","0","50","56011527"
"899","10201528","15","1001","1","56011528"
"900","10201529","15","1002","1","56011529"
"901","10201530","15","1003","1","56011530"
"902","91002","8","0","50","56011530"
"903","10201531","15","1001","1","56011531"
"904","10201532","15","1002","1","56011532"
"905","10201533","15","1003","1","56011533"
"906","91002","8","0","50","56011533"
"907","10201534","15","1001","1","56011534"
"908","10201535","15","1002","1","56011535"
"909","10201536","15","1003","1","56011536"
"910","91002","8","0","50","56011536"
"911","10201537","15","1003","1","56011537"
"912","91002","8","0","100","56011537"
"913","10201538","15","1001","1","56011538"
"914","10201539","15","1002","1","56011539"
"915","10201540","15","1003","1","56011540"
"916","91002","8","0","50","56011540"
"917","10201541","15","1001","1","56011541"
"918","10201542","15","1002","1","56011542"
"919","10201543","15","1003","1","56011543"
"920","91002","8","0","50","56011543"
"921","10201544","15","1001","1","56011544"
"922","10201545","15","1002","1","56011545"
"923","10201546","15","1003","1","56011546"
"924","91002","8","0","50","56011546"
"925","10201547","15","1001","1","56011547"
"926","10201548","15","1002","1","56011548"
"927","10201549","15","1003","1","56011549"
"928","91002","8","0","50","56011549"
"929","10201550","15","1003","1","56011550"
"930","91002","8","0","100","56011550"
"931","10201551","15","1003","1","56011551"
"932","91002","8","0","100","56011551"
"933","10201552","15","1001","1","56011552"
"934","10201553","15","1002","1","56011553"
"935","10201554","15","1003","1","56011554"
"936","91002","8","0","50","56011554"
"937","10201555","15","1001","1","56011555"
"938","10201556","15","1002","1","56011556"
"939","10201557","15","1003","1","56011557"
"940","91002","8","0","50","56011557"
"941","10201558","15","1001","1","56011558"
"942","10201559","15","1002","1","56011559"
"943","10201560","15","1003","1","56011560"
"944","91002","8","0","50","56011560"
"945","11302001","15","1001","1","51402001"
"946","91002","8","0","50","51402001"
"947","11302002","15","1002","1","51402002"
"948","91002","8","0","50","51402002"
"949","11302003","15","1003","1","51402003"
"950","91002","8","0","50","51402003"
"951","10201561","15","1003","1","56011561"
"952","91002","8","0","100","56011561"
"953","10201562","15","1001","1","56011562"
"954","10201563","15","1002","1","56011563"
"955","10201564","15","1003","1","56011564"
"956","91002","8","0","50","56011564"
"957","10201565","15","1001","1","56011565"
"958","10201566","15","1002","1","56011566"
"959","10201567","15","1003","1","56011567"
"960","91002","8","0","50","56011567"
"961","10201568","15","1001","1","56011568"
"962","10201569","15","1002","1","56011569"
"963","10201570","15","1003","1","56011570"
"964","91002","8","0","50","56011570"
"965","10201571","15","1001","1","56011571"
"966","10201572","15","1002","1","56011572"
"967","10201573","15","1003","1","56011573"
"968","91002","8","0","50","56011573"
"969","10201574","15","1003","1","56011574"
"970","91002","8","0","100","56011574"
"971","10201575","15","1001","1","56011575"
"972","10201576","15","1002","1","56011576"
"973","10201577","15","1003","1","56011577"
"974","91002","8","0","50","56011577"
"975","10201578","15","1001","1","56011578"
"976","10201579","15","1002","1","56011579"
"977","10201580","15","1003","1","56011580"
"978","91002","8","0","50","56011580"
"979","10201581","15","1001","1","56011581"
"980","10201582","15","1002","1","56011582"
"981","10201583","15","1003","1","56011583"
"982","91002","8","0","50","56011583"
"983","10201584","15","1001","1","56011584"
"984","10201585","15","1002","1","56011585"
"985","10201586","15","1003","1","56011586"
"986","91002","8","0","50","56011586"
"987","10201587","15","1001","1","56011587"
"988","10201588","15","1002","1","56011588"
"989","10201589","15","1003","1","56011589"
"990","91002","8","0","50","56011589"
"991","10201590","15","1001","1","56011590"
"992","10201591","15","1002","1","56011591"
"993","10201592","15","1003","1","56011592"
"994","91002","8","0","50","56011592"
"995","10201593","15","1001","1","56011593"
"996","10201594","15","1002","1","56011594"
"997","10201595","15","1003","1","56011595"
"998","91002","8","0","50","56011595"
"999","10201596","15","1003","1","56011596"
"1000","91002","8","0","100","56011596"
"1001","10201597","15","1003","1","56011597"
"1002","91002","8","0","100","56011597"
"1003","10201598","15","1003","1","56011598"
"1004","91002","8","0","100","56011598"
"1005","10201599","15","1001","1","56011599"
"1006","10201600","15","1002","1","56011600"
"1007","10201601","15","1003","1","56011601"
"1008","91002","8","0","50","56011601"
"1009","10201602","15","1001","1","56011602"
"1010","10201603","15","1002","1","56011603"
"1011","10201604","15","1003","1","56011604"
"1012","91002","8","0","50","56011604"
"1013","10201605","15","1003","1","56011605"
"1014","91002","8","0","100","56011605"
"1015","10201606","15","1001","1","56011606"
"1016","10201607","15","1002","1","56011607"
"1017","10201608","15","1003","1","56011608"
"1018","91002","8","0","50","56011608"
"1019","10201609","15","1001","1","56011609"
"1020","10201610","15","1002","1","56011610"
"1021","10201611","15","1003","1","56011611"
"1022","91002","8","0","50","56011611"
"1023","10201612","15","1001","1","56011612"
"1024","10201613","15","1002","1","56011613"
"1025","10201614","15","1003","1","56011614"
"1026","91002","8","0","50","56011614"
"1027","10201615","15","1003","1","56011615"
"1028","91002","8","0","100","56011615"
"1029","10201616","15","1001","1","56011616"
"1030","10201617","15","1002","1","56011617"
"1031","10201618","15","1003","1","56011618"
"1032","91002","8","0","50","56011618"
"1033","10201619","15","1001","1","56011619"
"1034","10201620","15","1002","1","56011620"
"1035","10201621","15","1003","1","56011621"
"1036","91002","8","0","50","56011621"
"1037","10201622","15","1001","1","56011622"
"1038","10201623","15","1002","1","56011623"
"1039","10201624","15","1003","1","56011624"
"1040","91002","8","0","50","56011624"
"1041","10201625","15","1003","1","56011625"
"1042","91002","8","0","100","56011625"
"1043","10201626","15","1001","1","56011626"
"1044","10201627","15","1002","1","56011627"
"1045","10201628","15","1003","1","56011628"
"1046","91002","8","0","50","56011628"
"1047","10201629","15","1001","1","56011629"
"1048","10201630","15","1002","1","56011630"
"1049","10201631","15","1003","1","56011631"
"1050","91002","8","0","50","56011631"
"1051","10201632","15","1001","1","56011632"
"1052","10201633","15","1002","1","56011633"
"1053","10201634","15","1003","1","56011634"
"1054","91002","8","0","50","56011634"
"1055","10201635","15","1003","1","56011635"
"1056","91002","8","0","100","56011635"
"1057","10201636","15","1001","1","56011636"
"1058","10201637","15","1002","1","56011637"
"1059","10201638","15","1003","1","56011638"
"1060","91002","8","0","50","56011638"
"1061","10201639","15","1001","1","56011639"
"1062","10201640","15","1002","1","56011640"
"1063","10201641","15","1003","1","56011641"
"1064","91002","8","0","50","56011641"
"1065","10201642","15","1001","1","56011642"
"1066","10201643","15","1002","1","56011643"
"1067","10201644","15","1003","1","56011644"
"1068","91002","8","0","50","56011644"
"1069","10201645","15","1003","1","56011645"
"1070","91002","8","0","100","56011645"
"1071","10201646","15","1001","1","56011646"
"1072","10201647","15","1002","1","56011647"
"1073","10201648","15","1003","1","56011648"
"1074","91002","8","0","50","56011648"
"1075","10201649","15","1001","1","56011649"
"1076","10201650","15","1002","1","56011650"
"1077","10201651","15","1003","1","56011651"
"1078","91002","8","0","50","56011651"
"1079","10201652","15","1001","1","56011652"
"1080","10201653","15","1002","1","56011653"
"1081","10201654","15","1003","1","56011654"
"1082","91002","8","0","50","56011654"
"1083","10201655","15","1003","1","56011655"
"1084","91002","8","0","100","56011655"
"1085","10201656","15","1003","1","56011656"
"1086","91002","8","0","100","56011656"
"1087","10201657","15","1001","1","56011657"
"1088","10201658","15","1002","1","56011658"
"1089","10201659","15","1003","1","56011659"
"1090","91002","8","0","50","56011659"
"1091","10201660","15","1001","1","56011660"
"1092","10201661","15","1002","1","56011661"
"1093","10201662","15","1003","1","56011662"
"1094","91002","8","0","50","56011662"
"1095","10201663","15","1001","1","56011663"
"1096","10201664","15","1002","1","56011664"
"1097","10201665","15","1003","1","56011665"
"1098","91002","8","0","50","56011665"
"1099","10201666","15","1001","1","56011666"
"1100","10201667","15","1002","1","56011667"
"1101","10201668","15","1003","1","56011668"
"1102","91002","8","0","50","56011668"
"1103","10201669","15","1003","1","56011669"
"1104","91002","8","0","100","56011669"
"1105","10201670","15","1001","1","56011670"
"1106","10201671","15","1002","1","56011671"
"1107","10201672","15","1003","1","56011672"
"1108","91002","8","0","50","56011672"
"1109","10201673","15","1001","1","56011673"
"1110","10201674","15","1002","1","56011674"
"1111","10201675","15","1003","1","56011675"
"1112","91002","8","0","50","56011675"
"1113","10201676","15","1003","1","56011676"
"1114","91002","8","0","100","56011676"
"1115","10201677","15","1001","1","56011677"
"1116","10201678","15","1002","1","56011678"
"1117","10201679","15","1003","1","56011679"
"1118","91002","8","0","50","56011679"
"1119","10201680","15","1001","1","56011680"
"1120","10201681","15","1002","1","56011681"
"1121","10201682","15","1003","1","56011682"
"1122","91002","8","0","50","56011682"
"1123","10201683","15","1001","1","56011683"
"1124","10201684","15","1002","1","56011684"
"1125","10201685","15","1003","1","56011685"
"1126","91002","8","0","50","56011685"
"1127","10201686","15","1001","1","56011686"
"1128","10201687","15","1002","1","56011687"
"1129","10201688","15","1003","1","56011688"
"1130","91002","8","0","50","56011688"
"1131","10201689","15","1003","1","56011689"
"1132","91002","8","0","100","56011689"
"1133","10201690","15","1001","1","56011690"
"1134","10201691","15","1002","1","56011691"
"1135","10201692","15","1003","1","56011692"
"1136","91002","8","0","50","56011692"
"1137","10201693","15","1001","1","56011693"
"1138","10201694","15","1002","1","56011694"
"1139","10201695","15","1003","1","56011695"
"1140","91002","8","0","50","56011695"
"1141","10201696","15","1001","1","56011696"
"1142","10201697","15","1002","1","56011697"
"1143","10201698","15","1003","1","56011698"
"1144","91002","8","0","50","56011698"
"1145","10201699","15","1001","1","56011699"
"1146","10201700","15","1002","1","56011700"
"1147","10201701","15","1003","1","56011701"
"1148","91002","8","0","50","56011701"
"1149","11401001","15","1002","1","51501001"
"1150","91002","8","0","50","51501001"
"1151","11401002","15","1003","1","51502001"
"1152","91002","8","0","100","51502001"
"1153","10201702","15","1003","1","56011702"
"1154","91002","8","0","100","56011702"
"1155","10201703","15","1001","1","56011703"
"1156","10201704","15","1002","1","56011704"
"1157","10201705","15","1003","1","56011705"
"1158","91002","8","0","50","56011705"
"1159","10201706","15","1001","1","56011706"
"1160","10201707","15","1002","1","56011707"
"1161","10201708","15","1003","1","56011708"
"1162","91002","8","0","50","56011708"
"1163","10201709","15","1001","1","56011709"
"1164","10201710","15","1002","1","56011710"
"1165","10201711","15","1003","1","56011711"
"1166","91002","8","0","50","56011711"
"1167","10201712","15","1003","1","56011712"
"1168","91002","8","0","100","56011712"
"1169","10201713","15","1001","1","56011713"
"1170","10201714","15","1002","1","56011714"
"1171","10201715","15","1003","1","56011715"
"1172","91002","8","0","50","56011715"
"1173","10201716","15","1001","1","56011716"
"1174","10201717","15","1002","1","56011717"
"1175","10201718","15","1003","1","56011718"
"1176","91002","8","0","50","56011718"
"1177","10201719","15","1001","1","56011719"
"1178","10201720","15","1002","1","56011720"
"1179","10201721","15","1003","1","56011721"
"1180","91002","8","0","50","56011721"
"1182","10201722","15","1003","1","56011722"
"1183","91002","8","0","100","56011722"
"1184","10201723","15","1001","1","56011723"
"1185","10201724","15","1002","1","56011724"
"1186","10201725","15","1003","1","56011725"
"1187","91002","8","0","50","56011725"
"1188","10201726","15","1001","1","56011726"
"1189","10201727","15","1002","1","56011727"
"1190","10201728","15","1003","1","56011728"
"1191","91002","8","0","50","56011728"
"1192","10201729","15","1001","1","56011729"
"1193","10201730","15","1002","1","56011730"
"1194","10201731","15","1003","1","56011731"
"1195","91002","8","0","50","56011731"
"1196","10201732","15","1003","1","56011732"
"1197","91002","8","0","100","56011732"
"1198","10201733","15","1001","1","56011733"
"1199","10201734","15","1002","1","56011734"
"1200","10201735","15","1003","1","56011735"
"1201","91002","8","0","50","56011735"
"1202","10201736","15","1001","1","56011736"
"1203","10201737","15","1002","1","56011737"
"1204","10201738","15","1003","1","56011738"
"1205","91002","8","0","50","56011738"
"1206","10201739","15","1001","1","56011739"
"1207","10201740","15","1002","1","56011740"
"1208","10201741","15","1003","1","56011741"
"1209","91002","8","0","50","56011741"
"1210","10201742","15","1001","1","56011742"
"1211","10201743","15","1002","1","56011743"
"1212","10201744","15","1003","1","56011744"
"1213","91002","8","0","50","56011744"
"1214","10201745","15","1003","1","56011745"
"1215","91002","8","0","100","56011745"
"1216","10201746","15","1001","1","56011746"
"1217","10201747","15","1002","1","56011747"
"1218","10201748","15","1003","1","56011748"
"1219","91002","8","0","50","56011748"
"1220","10201749","15","1001","1","56011749"
"1221","10201750","15","1002","1","56011750"
"1222","10201751","15","1003","1","56011751"
"1223","91002","8","0","50","56011751"
"1224","10201752","15","1003","1","56011752"
"1225","91002","8","0","100","56011752"
"1226","10201753","15","1001","1","56011753"
"1227","10201754","15","1002","1","56011754"
"1228","10201755","15","1003","1","56011755"
"1229","91002","8","0","50","56011755"
"1230","10201756","15","1001","1","56011756"
"1231","10201757","15","1002","1","56011757"
"1232","10201758","15","1003","1","56011758"
"1233","91002","8","0","50","56011758"
"1234","10201759","15","1001","1","56011759"
"1235","10201760","15","1002","1","56011760"
"1236","10201761","15","1003","1","56011761"
"1237","91002","8","0","50","56011761"
"1238","10201762","15","1001","1","56011762"
"1239","10201763","15","1002","1","56011763"
"1240","10201764","15","1003","1","56011764"
"1241","91002","8","0","50","56011764"
"1242","10201765","15","1003","1","56011765"
"1243","91002","8","0","100","56011765"
"1244","10201766","15","1001","1","56011766"
"1245","10201767","15","1002","1","56011767"
"1246","10201768","15","1003","1","56011768"
"1247","91002","8","0","50","56011768"
"1248","10201769","15","1001","1","56011769"
"1249","10201770","15","1002","1","56011770"
"1250","10201771","15","1003","1","56011771"
"1251","91002","8","0","50","56011771"
"1252","10201772","15","1001","1","56011772"
"1253","10201773","15","1002","1","56011773"
"1254","10201774","15","1003","1","56011774"
"1255","91002","8","0","50","56011774"
"1256","10201775","15","1003","1","56011775"
"1257","91002","8","0","100","56011775"
"1258","10201776","15","1001","1","56011776"
"1259","10201777","15","1002","1","56011777"
"1260","10201778","15","1003","1","56011778"
"1261","91002","8","0","50","56011778"
"1262","10201779","15","1001","1","56011779"
"1263","10201780","15","1002","1","56011780"
"1264","10201781","15","1003","1","56011781"
"1265","91002","8","0","50","56011781"
"1266","10201782","15","1001","1","56011782"
"1267","10201783","15","1002","1","56011783"
"1268","10201784","15","1003","1","56011784"
"1269","91002","8","0","50","56011784"
"1270","10201785","15","1003","1","56011785"
"1271","91002","8","0","100","56011785"
"1272","11601001","15","1001","1","51601001"
"1273","11601002","15","1002","1","51601002"
"1274","11601003","15","1003","1","51601003"
"1275","10201786","15","1001","1","56011786"
"1276","10201787","15","1002","1","56011787"
"1277","10201788","15","1003","1","56011788"
"1278","91002","8","0","50","56011788"
"1279","10201789","15","1001","1","56011789"
"1280","10201790","15","1002","1","56011790"
"1281","10201791","15","1003","1","56011791"
"1282","91002","8","0","50","56011791"
"1283","10201792","15","1003","1","56011792"
"1284","91002","8","0","100","56011792"
"1285","10201793","15","1001","1","56011793"
"1286","10201794","15","1002","1","56011794"
"1287","10201795","15","1003","1","56011795"
"1288","91002","8","0","50","56011795"
"1289","10201796","15","1001","1","56011796"
"1290","10201797","15","1002","1","56011797"
"1291","10201798","15","1003","1","56011798"
"1292","91002","8","0","50","56011798"
"1293","10201799","15","1003","1","56011799"
"1294","91002","8","0","100","56011799"
"1295","10201800","15","1001","1","56011800"
"1296","10201801","15","1002","1","56011801"
"1297","10201802","15","1003","1","56011802"
"1298","91002","8","0","50","56011802"
"1299","10201803","15","1001","1","56011803"
"1300","10201804","15","1002","1","56011804"
"1301","10201805","15","1003","1","56011805"
"1302","91002","8","0","50","56011805"
"1303","10201806","15","1003","1","56011806"
"1304","91002","8","0","100","56011806"
"1305","10201807","15","1001","1","56011807"
"1306","10201808","15","1002","1","56011808"
"1307","10201809","15","1003","1","56011809"
"1308","91002","8","0","50","56011809"
"1309","10201810","15","1001","1","56011810"
"1310","10201811","15","1002","1","56011811"
"1311","10201812","15","1003","1","56011812"
"1312","91002","8","0","50","56011812"
"1313","10201813","15","1001","1","56011813"
"1314","10201814","15","1002","1","56011814"
"1315","10201815","15","1003","1","56011815"
"1316","91002","8","0","50","56011815"
"1317","10201816","15","1001","1","56011816"
"1318","10201817","15","1002","1","56011817"
"1319","10201818","15","1003","1","56011818"
"1320","91002","8","0","50","56011818"
"1321","10201819","15","1003","1","56011819"
"1322","91002","8","0","100","56011819"
"1323","10201820","15","1001","1","56011820"
"1324","10201821","15","1002","1","56011821"
"1325","10201822","15","1003","1","56011822"
"1326","91002","8","0","50","56011822"
"1327","10201823","15","1001","1","56011823"
"1328","10201824","15","1002","1","56011824"
"1329","10201825","15","1003","1","56011825"
"1330","91002","8","0","50","56011825"
"1331","10201826","15","1001","1","56011826"
"1332","10201827","15","1002","1","56011827"
"1333","10201828","15","1003","1","56011828"
"1334","91002","8","0","50","56011828"
"1335","10201829","15","1001","1","56011829"
"1336","10201830","15","1002","1","56011830"
"1337","10201831","15","1003","1","56011831"
"1338","91002","8","0","50","56011831"
"1339","11701001","15","1001","1","51701001"
"1340","10201832","15","1001","1","56011832"
"1341","10201833","15","1002","1","56011833"
"1342","10201834","15","1003","1","56011834"
"1343","91002","8","0","50","56011834"
"1344","10201835","15","1001","1","56011835"
"1345","10201836","15","1002","1","56011836"
"1346","10201837","15","1003","1","56011837"
"1347","91002","8","0","50","56011837"
"1348","10201838","15","1003","1","56011838"
"1349","91002","8","0","100","56011838"
"1350","10201839","15","1003","1","56011839"
"1351","91002","8","0","100","56011839"
"1352","10201840","15","1003","1","56011840"
"1353","91002","8","0","100","56011840"
"1354","10201841","15","1001","1","56011841"
"1355","10201842","15","1002","1","56011842"
"1356","10201843","15","1003","1","56011843"
"1357","91002","8","0","50","56011843"
"1358","10201844","15","1001","1","56011844"
"1359","10201845","15","1002","1","56011845"
"1360","10201846","15","1003","1","56011846"
"1361","91002","8","0","50","56011846"
"1362","10201847","15","1001","1","56011847"
"1363","10201848","15","1002","1","56011848"
"1364","10201849","15","1003","1","56011849"
"1365","91002","8","0","50","56011849"
"1366","10201850","15","1001","1","56011850"
"1367","10201851","15","1002","1","56011851"
"1368","10201852","15","1003","1","56011852"
"1369","91002","8","0","50","56011852"
"1370","10201853","15","1001","1","56011853"
"1371","10201854","15","1002","1","56011854"
"1372","10201855","15","1003","1","56011855"
"1373","91002","8","0","50","56011855"
"1374","10201856","15","1001","1","56011856"
"1375","10201857","15","1002","1","56011857"
"1376","10201858","15","1003","1","56011858"
"1377","91002","8","0","50","56011858"
"1378","10201859","15","1001","1","56011859"
"1379","10201860","15","1002","1","56011860"
"1380","10201861","15","1003","1","56011861"
"1381","91002","8","0","50","56011861"
"1382","10201862","15","1003","1","56011862"
"1383","91002","8","0","100","56011862"
"1384","10201863","15","1001","1","56011863"
"1385","10201864","15","1002","1","56011864"
"1386","10201865","15","1003","1","56011865"
"1387","91002","8","0","50","56011865"
"1388","10201866","15","1001","1","56011866"
"1389","10201867","15","1002","1","56011867"
"1390","10201868","15","1003","1","56011868"
"1391","91002","8","0","50","56011868"
"1392","10201869","15","1001","1","56011869"
"1393","10201870","15","1002","1","56011870"
"1394","10201871","15","1003","1","56011871"
"1395","91002","8","0","50","56011871"
"1396","10201872","15","1001","1","56011872"
"1397","10201873","15","1002","1","56011873"
"1398","10201874","15","1003","1","56011874"
"1399","91002","8","0","50","56011874"
"1400","11801001","15","1003","1","51801001"
"1401","10201875","15","1001","1","56011875"
"1402","10201876","15","1002","1","56011876"
"1403","10201877","15","1003","1","56011877"
"1404","91002","8","0","50","56011877"
"1405","10201878","15","1001","1","56011878"
"1406","10201879","15","1002","1","56011879"
"1407","10201880","15","1003","1","56011880"
"1408","91002","8","0","50","56011880"
"1409","10201881","15","1001","1","56011881"
"1410","10201882","15","1002","1","56011882"
"1411","10201883","15","1003","1","56011883"
"1412","91002","8","0","50","56011883"
"1413","10201884","15","1001","1","56011884"
"1414","10201885","15","1002","1","56011885"
"1415","10201886","15","1003","1","56011886"
"1416","91002","8","0","50","56011886"
"1417","10201887","15","1001","1","56011887"
"1418","10201888","15","1002","1","56011888"
"1419","10201889","15","1003","1","56011889"
"1420","91002","8","0","50","56011889"
"1421","10201890","15","1001","1","56011890"
"1422","10201891","15","1002","1","56011891"
"1423","10201892","15","1003","1","56011892"
"1424","91002","8","0","50","56011892"
"1425","10201893","15","1001","1","56011893"
"1426","10201894","15","1002","1","56011894"
"1427","10201895","15","1003","1","56011895"
"1428","91002","8","0","50","56011895"
"1429","10201896","15","1001","1","56011896"
"1430","10201897","15","1002","1","56011897"
"1431","10201898","15","1003","1","56011898"
"1432","91002","8","0","50","56011898"
"1433","10201899","15","1003","1","56011899"
"1434","91002","8","0","100","56011899"
"1435","10201900","15","1003","1","56011900"
"1436","91002","8","0","100","56011900"
"1437","10201901","15","1003","1","56011901"
"1438","91002","8","0","100","56011901"
"1439","10201902","15","1001","1","56011902"
"1440","10201903","15","1002","1","56011903"
"1441","10201904","15","1003","1","56011904"
"1442","91002","8","0","50","56011904"
"1443","10201905","15","1001","1","56011905"
"1444","10201906","15","1002","1","56011906"
"1445","10201907","15","1003","1","56011907"
"1446","91002","8","0","50","56011907"
"1447","10201908","15","1001","1","56011908"
"1448","10201909","15","1002","1","56011909"
"1449","10201910","15","1003","1","56011910"
"1450","91002","8","0","50","56011910"
"1451","10201911","15","1001","1","56011911"
"1452","10201912","15","1002","1","56011912"
"1453","10201913","15","1003","1","56011913"
"1454","91002","8","0","50","56011913"
"1455","10201914","15","1001","1","56011914"
"1456","10201915","15","1002","1","56011915"
"1457","10201916","15","1003","1","56011916"
"1458","91002","8","0","50","56011916"
"1459","10202019","15","1003","1","56012019"
"1460","10201917","15","1001","1","56011917"
"1461","10201918","15","1002","1","56011918"
"1462","10201919","15","1003","1","56011919"
"1463","91002","8","0","50","56011919"
"1464","10201920","15","1001","1","56011920"
"1465","10201921","15","1002","1","56011921"
"1466","10201922","15","1003","1","56011922"
"1467","91002","8","0","50","56011922"
"1468","10201923","15","1001","1","56011923"
"1469","10201924","15","1002","1","56011924"
"1470","10201925","15","1003","1","56011925"
"1471","91002","8","0","50","56011925"
"1472","10201926","15","1001","1","56011926"
"1473","10201927","15","1002","1","56011927"
"1474","10201928","15","1003","1","56011928"
"1475","91002","8","0","50","56011928"
"1476","10201929","15","1001","1","56011929"
"1477","10201930","15","1002","1","56011930"
"1478","10201931","15","1003","1","56011931"
"1479","91002","8","0","50","56011931"
"1480","10201932","15","1001","1","56011932"
"1481","10201933","15","1002","1","56011933"
"1482","10201934","15","1003","1","56011934"
"1483","91002","8","0","50","56011934"
"1484","10201935","15","1001","1","56011935"
"1485","10201936","15","1002","1","56011936"
"1486","10201937","15","1003","1","56011937"
"1487","91002","8","0","50","56011937"
"1488","10201938","15","1001","1","56011938"
"1489","10201939","15","1002","1","56011939"
"1490","10201940","15","1003","1","56011940"
"1491","91002","8","0","50","56011940"
"1492","10201941","15","1001","1","56011941"
"1493","10201942","15","1002","1","56011942"
"1494","10201943","15","1003","1","56011943"
"1495","91002","8","0","50","56011943"
"1496","10201944","15","1001","1","56011944"
"1497","10201945","15","1002","1","56011945"
"1498","10201946","15","1003","1","56011946"
"1499","91002","8","0","50","56011946"
"1500","10201947","15","1001","1","56011947"
"1501","10201948","15","1002","1","56011948"
"1502","10201949","15","1003","1","56011949"
"1503","91002","8","0","50","56011949"
"1504","10201950","15","1001","1","56011950"
"1505","10201951","15","1002","1","56011951"
"1506","10201952","15","1003","1","56011952"
"1507","91002","8","0","50","56011952"
"1508","10201953","15","1001","1","56011953"
"1509","10201954","15","1002","1","56011954"
"1510","10201955","15","1003","1","56011955"
"1511","91002","8","0","50","56011955"
"1512","10201956","15","1003","1","56011956"
"1513","91002","8","0","100","56011956"
"1514","10201957","15","1001","1","56011957"
"1515","10201958","15","1002","1","56011958"
"1516","10201959","15","1003","1","56011959"
"1517","91002","8","0","50","56011959"
"1518","10201960","15","1001","1","56011960"
"1519","10201961","15","1002","1","56011961"
"1520","10201962","15","1003","1","56011962"
"1521","91002","8","0","50","56011962"
"1522","10201963","15","1001","1","56011963"
"1523","10201964","15","1002","1","56011964"
"1524","10201965","15","1003","1","56011965"
"1525","91002","8","0","50","56011965"
"1526","10201966","15","1001","1","56011966"
"1527","10201967","15","1002","1","56011967"
"1528","10201968","15","1003","1","56011968"
"1529","91002","8","0","50","56011968"
"1530","10201969","15","1001","1","56011969"
"1531","10201970","15","1002","1","56011970"
"1532","10201971","15","1003","1","56011971"
"1533","91002","8","0","50","56011971"
"1534","10201972","15","1001","1","56011972"
"1535","10201973","15","1002","1","56011973"
"1536","10201974","15","1003","1","56011974"
"1537","91002","8","0","50","56011974"
"1538","10202022","15","1003","1","56012022"
"1539","10201975","15","1001","1","56011975"
"1540","10201976","15","1002","1","56011976"
"1541","10201977","15","1003","1","56011977"
"1542","91002","8","0","50","56011977"
"1543","10201978","15","1001","1","56011978"
"1544","10201979","15","1002","1","56011979"
"1545","10201980","15","1003","1","56011980"
"1546","91002","8","0","50","56011980"
"1547","10201981","15","1001","1","56011981"
"1548","10201982","15","1002","1","56011982"
"1549","10201983","15","1003","1","56011983"
"1550","91002","8","0","50","56011983"
"1551","10201984","15","1001","1","56011984"
"1552","10201985","15","1002","1","56011985"
"1553","10201986","15","1003","1","56011986"
"1554","91002","8","0","50","56011986"
"1555","10201987","15","1001","1","56011987"
"1556","10201988","15","1002","1","56011988"
"1557","10201989","15","1003","1","56011989"
"1558","91002","8","0","50","56011989"
"1559","10201990","15","1001","1","56011990"
"1560","10201991","15","1002","1","56011991"
"1561","10201992","15","1003","1","56011992"
"1562","91002","8","0","50","56011992"
"1563","10201993","15","1001","1","56011993"
"1564","10201994","15","1002","1","56011994"
"1565","10201995","15","1003","1","56011995"
"1566","91002","8","0","50","56011995"
"1567","10201996","15","1001","1","56011996"
"1568","10201997","15","1002","1","56011997"
"1569","10201998","15","1003","1","56011998"
"1570","91002","8","0","50","56011998"
"1571","110201999","15","1001","1","56111999"
"1572","110202000","15","1002","1","56112000"
"1573","110202001","15","1003","1","56112001"
"1574","91002","8","0","50","56112001"
"1575","110202002","15","1001","1","56112002"
"1576","110202003","15","1002","1","56112003"
"1577","110202004","15","1003","1","56112004"
"1578","91002","8","0","50","56112004"
"1579","110202005","15","1001","1","56112005"
"1580","110202006","15","1002","1","56112006"
"1581","110202007","15","1003","1","56112007"
"1582","91002","8","0","50","56112007"
"1583","110202008","15","1001","1","56112008"
"1584","110202009","15","1002","1","56112009"
"1585","110202010","15","1003","1","56112010"
"1586","91002","8","0","50","56112010"
"1587","110202011","15","1001","1","56112011"
"1588","110202012","15","1002","1","56112012"
"1589","110202013","15","1003","1","56112013"
"1590","91002","8","0","50","56112013"
"1591","110202014","15","1001","1","56112014"
"1592","110202015","15","1002","1","56112015"
"1593","110202016","15","1003","1","56112016"
"1594","91002","8","0","50","56112016"
"1595","110202017","15","1001","1","56112017"
"1596","110202018","15","1002","1","56112018"
"1597","110202019","15","1003","1","56112019"
"1598","91002","8","0","50","56112019"
"1599","110202020","15","1001","1","56112020"
"1600","110202021","15","1002","1","56112021"
"1601","110202022","15","1003","1","56112022"
"1602","91002","8","0","50","56112022"
"1603","110202023","15","1001","1","56112023"
"1604","110202024","15","1002","1","56112024"
"1605","110202025","15","1003","1","56112025"
"1606","91002","8","0","50","56112025"
"1607","110202026","15","1001","1","56112026"
"1608","110202027","15","1002","1","56112027"
"1609","110202028","15","1003","1","56112028"
"1610","91002","8","0","50","56112028"
"1611","110202029","15","1001","1","56112029"
"1612","110202030","15","1002","1","56112030"
"1613","110202031","15","1003","1","56112031"
"1614","91002","8","0","50","56112031"
"1615","110202032","15","1001","1","56112032"
"1616","110202033","15","1002","1","56112033"
"1617","110202034","15","1003","1","56112034"
"1618","91002","8","0","50","56112034"
"1619","110202035","15","1001","1","56112035"
"1620","110202036","15","1002","1","56112036"
"1621","110202037","15","1003","1","56112037"
"1622","91002","8","0","50","56112037"
"1623","110202038","15","1001","1","56112038"
"1624","110202039","15","1002","1","56112039"
"1625","110202040","15","1003","1","56112040"
"1626","91002","8","0","50","56112040"
"1627","110202041","15","1001","1","56112041"
"1628","110202042","15","1002","1","56112042"
"1629","110202043","15","1003","1","56112043"
"1630","91002","8","0","50","56112043"
"1631","110202044","15","1001","1","56112044"
"1632","110202045","15","1002","1","56112045"
"1633","110202046","15","1003","1","56112046"
"1634","91002","8","0","50","56112046"
"1635","110202047","15","1001","1","56112047"
"1636","110202048","15","1002","1","56112048"
"1637","110202049","15","1003","1","56112049"
"1638","91002","8","0","50","56112049"
"1639","110202050","15","1001","1","56112050"
"1640","110202051","15","1002","1","56112051"
"1641","110202052","15","1003","1","56112052"
"1642","91002","8","0","50","56112052"
"1643","110202053","15","1001","1","56112053"
"1644","110202054","15","1002","1","56112054"
"1645","110202055","15","1003","1","56112055"
"1646","91002","8","0","50","56112055"
"1647","11901001","15","1003","1","51901001"
"1648","110202056","15","1003","1","56112056"
"1649","91002","8","0","100","56112056"
"1650","110202057","15","1001","1","56112057"
"1651","110202058","15","1002","1","56112058"
"1652","110202059","15","1003","1","56112059"
"1653","91002","8","0","50","56112059"
"1654","110202060","15","1001","1","56112060"
"1655","110202061","15","1002","1","56112061"
"1656","110202062","15","1003","1","56112062"
"1657","91002","8","0","50","56112062"
"1658","110202063","15","1001","1","56112063"
"1659","110202064","15","1002","1","56112064"
"1660","110202065","15","1003","1","56112065"
"1661","91002","8","0","50","56112065"
"1662","110202066","15","1001","1","56112066"
"1663","110202067","15","1002","1","56112067"
"1664","110202068","15","1003","1","56112068"
"1665","91002","8","0","50","56112068"
"1666","110202069","15","1001","1","56112069"
"1667","110202070","15","1002","1","56112070"
"1668","110202071","15","1003","1","56112071"
"1669","91002","8","0","50","56112071"
"1670","110202072","15","1001","1","56112072"
"1671","110202073","15","1002","1","56112073"
"1672","110202074","15","1003","1","56112074"
"1673","91002","8","0","50","56112074"
"1674","110202075","15","1001","1","56112075"
"1675","110202076","15","1002","1","56112076"
"1676","110202077","15","1003","1","56112077"
"1677","91002","8","0","50","56112077"
"1678","110202078","15","1001","1","56112078"
"1679","110202079","15","1002","1","56112079"
"1680","110202080","15","1003","1","56112080"
"1681","91002","8","0","50","56112080"
"1682","110202081","15","1001","1","56112081"
"1683","110202082","15","1002","1","56112082"
"1684","110202083","15","1003","1","56112083"
"1685","91002","8","0","50","56112083"
"1686","110202084","15","1001","1","56112084"
"1687","110202085","15","1002","1","56112085"
"1688","110202086","15","1003","1","56112086"
"1689","91002","8","0","50","56112086"
"1690","110202087","15","1001","1","56112087"
"1691","110202088","15","1002","1","56112088"
"1692","110202089","15","1003","1","56112089"
"1693","91002","8","0","50","56112089"
"1694","110202090","15","1001","1","56112090"
"1695","110202091","15","1002","1","56112091"
"1696","110202092","15","1003","1","56112092"
"1697","91002","8","0","50","56112092"
"1698","110202093","15","1001","1","56112093"
"1699","110202094","15","1002","1","56112094"
"1700","110202095","15","1003","1","56112095"
"1701","91002","8","0","50","56112095"
"1702","110202096","15","1001","1","56112096"
"1703","110202097","15","1002","1","56112097"
"1704","110202098","15","1003","1","56112098"
"1705","91002","8","0","50","56112098"
"1706","110202099","15","1001","1","56112099"
"1707","110202100","15","1002","1","56112100"
"1708","110202101","15","1003","1","56112101"
"1709","91002","8","0","50","56112101"