e95367bd395309f6de15ea2260271dac65994637d9ba783591c821ed54c281db,8d6f713ae4dc7caa372e917bb72b218659185793a94917b8aaedbc1fc8de6e72,864da61fd96b279a1872cac75ffd7fcbdd86b2440a6bedd4eb1070afbaba7726,ebb2794497b05c1daacc60e95dadb74455d3b9179b4f878b1a43587eb445462b,bfe00d3445bd3dd72d47d7ff77339f8083e7b74795e5ff7d1c829d10627c7717,9db2697949d0775fc1f0a2c1e6c55b0bbeb4046b559f62938d3f134ac867ef19,3a2ecdcc700ccd09e9f10756da97bf4cf654e6bc92eedd52f04b3ac1d1a05aef,5b37714ab660b6badc6c0423d55d555ce4701847205a322e868666d4ab40720e,efd87de192a987896f3055a2aa2bccb6706aa38bc07f9d55d9e7bb8b4bfcf7bf,7c63e6594d9c73c04599237420823e1c6f7c96849707394691ef883374c4582e,b9f1e8bd125422ebb040ab48b008a26d5edc61d56a71a1189586e65308267916,dc4e3c150452568bbca78cb012b39ff4d2b1c4db7758dae0d7d4a642cadd82f2,3292aee7f2c48fcd7672f7f75265469954d75d609786e79388e014ec7a5b3129,b74fce9fe0d6c79403cabefb3aed8c1c01ad4a948af9a5fce9354a27bf7bc657
"10001","101","1","0","9012","2018/03/31 15:00:00","601","61001001","0","6008","0","2018/04/24 14:59:59","ジズに1回挑戦しよう（NORMAL、HARD共通） ","61001001"
"10001","102","10","0","9004","2018/03/31 15:00:00","601","61001002","0","6004","0","2018/04/24 14:59:59","イベントクエストを10回クリアしよう","61001002"
"10002","101","1","0","9012","2018/04/30 12:00:00","601","61002001","0","6008","0","2018/05/25 14:59:59","アルマに1回挑戦しよう（NORMAL、HARD共通） ","61002001"
"10002","102","10","0","9004","2018/04/30 12:00:00","601","61002002","0","6004","0","2018/05/25 14:59:59","イベントクエストを10回クリアしよう","61002002"
"10003","101","1","0","9012","2018/05/31 12:00:00","601","61003001","0","6008","0","2018/06/25 14:59:59","ガルグに1回挑戦しよう（NORMAL、HARD共通） ","61003001"
"10003","102","10","0","9004","2018/05/31 12:00:00","601","61003002","0","6004","0","2018/06/25 14:59:59","イベントクエストを10回クリアしよう","61003002"
"10004","101","1","0","9012","2018/06/30 12:00:00","601","61004001","0","6008","0","2018/07/25 14:59:59","テンタパスに1回挑戦しよう（全難易度共通） ","61004001"
"10004","102","10","0","9004","2018/06/30 12:00:00","601","61004002","0","6004","0","2018/07/25 14:59:59","イベントクエストを10回クリアしよう","61004002"
"10005","101","1","0","9012","2018/07/31 12:00:00","601","61005001","0","6008","0","2018/08/24 14:59:59","島クジラに1回挑戦しよう（全難易度共通） ","61005001"
"10005","102","10","0","9004","2018/07/31 12:00:00","601","61005002","0","6004","0","2018/08/24 14:59:59","イベントクエストを10回クリアしよう","61005002"
"10006","101","1","0","9012","2018/08/31 12:00:00","601","61006001","0","6008","0","2018/09/25 14:59:59","リビングメイルに1回挑戦しよう（全難易度共通） ","61006001"
"10006","102","10","0","9004","2018/08/31 12:00:00","601","61006002","0","6004","0","2018/09/25 14:59:59","イベントクエストを10回クリアしよう","61006002"
"10007","101","1","0","9012","2018/09/30 12:00:00","601","61007001","0","6008","0","2018/10/22 14:59:59","ジャック・オー・プリンに1回挑戦しよう（全難易度共通） ","61007001"
"10007","102","10","0","9004","2018/09/30 12:00:00","601","61007002","0","6004","0","2018/10/22 14:59:59","イベントクエストを10回クリアしよう","61007002"
"10008","101","1","0","9012","2018/10/31 12:00:00","601","61008001","0","6008","0","2018/11/18 14:59:59","オラムに1回挑戦しよう（全難易度共通） ","61008001"
"10008","102","10","0","9004","2018/10/31 12:00:00","601","61008002","0","6004","0","2018/11/18 14:59:59","イベントクエストを10回クリアしよう","61008002"
"10009","101","1","0","9012","2018/11/30 12:00:00","601","61009001","0","6008","0","2018/12/18 14:59:59","フォギーに1回挑戦しよう（全難易度共通） ","61009001"
"10009","102","10","0","9004","2018/11/30 12:00:00","601","61009002","0","6004","0","2018/12/18 14:59:59","イベントクエストを10回クリアしよう","61009002"
"10010","101","1","0","9012","2018/12/31 12:00:00","601","61010001","0","6008","0","2019/01/18 14:59:59","邪餅神ガミィに1回挑戦しよう（全難易度共通） ","61010001"
"10010","102","10","0","9004","2018/12/31 12:00:00","601","61010002","0","6004","0","2019/01/18 14:59:59","イベントクエストを10回クリアしよう","61010002"
"10011","101","1","0","9012","2019/01/31 12:00:00","601","61011001","0","6008","0","2019/02/18 14:59:59","アグリーラブリーに1回挑戦しよう（全難易度共通） ","61011001"
"10011","102","10","0","9004","2019/01/31 12:00:00","601","61011002","0","6004","0","2019/02/18 14:59:59","イベントクエストを10回クリアしよう","61011002"
"10011","103","1","0","9011","2019/01/31 12:00:00","601","61011003","0","6008","0","2019/02/18 14:59:59","アグリーラブリーを1回撃破しよう（全難易度共通） ","61011003"
"10012","101","1","0","9012","2019/02/28 12:00:00","601","61012001","0","6008","0","2019/03/18 14:59:59","嘆きの女神に1回挑戦しよう（全難易度共通） ","61012001"
"10012","102","10","0","9004","2019/02/28 12:00:00","601","61012002","0","6004","0","2019/03/18 14:59:59","イベントクエストを10回クリアしよう","61012002"
"10013","101","1","0","9012","2019/03/31 12:00:00","601","61013001","0","6008","0","2019/04/14 14:59:59","コア・ギガースに1回挑戦しよう（全難易度共通） ","61013001"
"10013","102","10","0","9004","2019/03/31 12:00:00","601","61013002","0","6004","0","2019/04/14 14:59:59","イベントクエストを10回クリアしよう","61013002"
"10014","101","1","0","9012","2019/04/15 12:00:00","601","61014001","0","6008","0","2019/04/24 14:59:59","ジズに1回挑戦しよう（全難易度共通） ","61014001"
"10014","102","10","0","9004","2019/04/15 12:00:00","601","61014002","0","6004","0","2019/04/24 14:59:59","イベントクエストを10回クリアしよう","61014002"
"10015","101","1","0","9012","2019/04/30 12:00:00","601","61015001","0","6008","0","2019/05/16 14:59:59","アクダイカンに1回挑戦しよう（全難易度共通） ","61015001"
"10015","102","10","0","9004","2019/04/30 12:00:00","601","61015002","0","6004","0","2019/05/16 14:59:59","イベントクエストを10回クリアしよう","61015002"
"10016","101","1","0","9012","2019/05/15 12:00:00","601","61016001","0","6008","0","2019/05/24 14:59:59","アルマに1回挑戦しよう（全難易度共通） ","61016001"
"10016","102","10","0","9004","2019/05/15 12:00:00","601","61016002","0","6004","0","2019/05/24 14:59:59","イベントクエストを10回クリアしよう","61016002"
"10017","101","1","0","9012","2019/05/31 12:00:00","601","61017001","0","6008","0","2019/06/18 14:59:59","ペテルギウスに1回挑戦しよう（全難易度共通） ","61017001"
"10017","102","10","0","9004","2019/05/31 12:00:00","601","61017002","0","6004","0","2019/06/18 14:59:59","イベントクエストを10回クリアしよう","61017002"
"10018","101","1","0","9012","2019/06/15 12:00:00","601","61018001","0","6008","0","2019/06/24 14:59:59","ガルグに1回挑戦しよう（全難易度共通） ","61018001"
"10018","102","10","0","9004","2019/06/15 12:00:00","601","61018002","0","6004","0","2019/06/24 14:59:59","イベントクエストを10回クリアしよう","61018002"
"10019","101","1","0","9012","2019/06/30 12:00:00","601","61019001","0","6008","0","2019/07/18 14:59:59","雨神様に1回挑戦しよう（全難易度共通） ","61019001"
"10019","102","10","0","9004","2019/06/30 12:00:00","601","61019002","0","6004","0","2019/07/18 14:59:59","イベントクエストを10回クリアしよう","61019002"
"10020","101","1","0","9012","2019/07/15 12:00:00","601","61020001","0","6008","0","2019/07/24 14:59:59","テンタパスに1回挑戦しよう（全難易度共通） ","61020001"
"10020","102","10","0","9004","2019/07/15 12:00:00","601","61020002","0","6004","0","2019/07/24 14:59:59","イベントクエストを10回クリアしよう","61020002"
"10021","101","1","0","9012","2019/07/31 12:00:00","601","61021001","0","6008","0","2019/08/17 14:59:59","マジムンに1回挑戦しよう（全難易度共通） ","61021001"
"10021","102","10","0","9004","2019/07/31 12:00:00","601","61021002","0","6004","0","2019/08/17 14:59:59","イベントクエストを10回クリアしよう","61021002"
"10022","101","1","0","9012","2019/08/15 12:00:00","601","61022001","0","6008","0","2019/08/24 14:59:59","島クジラに1回挑戦しよう（全難易度共通） ","61022001"
"10022","102","10","0","9004","2019/08/15 12:00:00","601","61022002","0","6004","0","2019/08/24 14:59:59","イベントクエストを10回クリアしよう","61022002"
"10023","101","1","0","9012","2019/08/31 12:00:00","601","61023001","0","6008","0","2019/09/18 14:59:59","オオドクマンドラゴラに1回挑戦しよう（全難易度共通） ","61023001"
"10023","102","10","0","9004","2019/08/31 12:00:00","601","61023002","0","6004","0","2019/09/18 14:59:59","イベントクエストを10回クリアしよう","61023002"
"10024","101","1","0","9012","2019/09/16 12:00:00","601","61024001","0","6008","0","2019/09/25 14:59:59","リビングメイルに1回挑戦しよう（全難易度共通） ","61024001"
"10024","102","10","0","9004","2019/09/16 12:00:00","601","61024002","0","6004","0","2019/09/25 14:59:59","イベントクエストを10回クリアしよう","61024002"
"10025","101","1","0","9012","2019/09/30 12:00:00","601","61025001","0","6008","0","2019/10/18 14:59:59","ファントムバロンに1回挑戦しよう（全難易度共通） ","61025001"
"10025","102","10","0","9004","2019/09/30 12:00:00","601","61025002","0","6004","0","2019/10/18 14:59:59","イベントクエストを10回クリアしよう","61025002"
"10026","101","1","0","9012","2019/10/16 12:00:00","601","61026001","0","6008","0","2019/10/25 14:59:59","ジャック・オー・プリンに1回挑戦しよう（全難易度共通） ","61026001"
"10026","102","10","0","9004","2019/10/16 12:00:00","601","61026002","0","6004","0","2019/10/25 14:59:59","イベントクエストを10回クリアしよう","61026002"
"10027","101","1","0","9012","2019/10/31 12:00:00","601","61027001","0","6008","0","2019/11/18 14:59:59","ドラゴンもどきに1回挑戦しよう（全難易度共通） ","61027001"
"10027","102","10","0","9004","2019/10/31 12:00:00","601","61027002","0","6004","0","2019/11/18 14:59:59","イベントクエストを10回クリアしよう","61027002"
"10028","101","1","0","9012","2019/11/15 12:00:00","601","61028001","0","6008","0","2019/11/24 14:59:59","オラムに1回挑戦しよう（全難易度共通） ","61028001"
"10028","102","10","0","9004","2019/11/15 12:00:00","601","61028002","0","6004","0","2019/11/24 14:59:59","イベントクエストを10回クリアしよう","61028002"
"10029","101","1","0","9012","2019/11/30 12:00:00","601","61029001","0","6008","0","2019/12/18 14:59:59","トナカイ・ヴェンデッタに1回挑戦しよう（全難易度共通） ","61029001"
"10029","102","10","0","9004","2019/11/30 12:00:00","601","61029002","0","6004","0","2019/12/18 14:59:59","イベントクエストを10回クリアしよう","61029002"
"10030","101","1","0","9012","2019/12/16 12:00:00","601","61030001","0","6008","0","2019/12/25 14:59:59","フォギーに1回挑戦しよう（全難易度共通） ","61030001"
"10030","102","10","0","9004","2019/12/16 12:00:00","601","61030002","0","6004","0","2019/12/25 14:59:59","イベントクエストを10回クリアしよう","61030002"
"10031","101","1","0","9012","2019/12/31 12:00:00","601","61031001","0","6008","0","2020/01/18 14:59:59","山神様に1回挑戦しよう（全難易度共通） ","61031001"
"10031","102","10","0","9004","2019/12/31 12:00:00","601","61031002","0","6004","0","2020/01/18 14:59:59","イベントクエストを10回クリアしよう","61031002"
"10032","101","1","0","9012","2020/01/17 12:00:00","601","61032001","0","6008","0","2020/01/26 14:59:59","邪餅神ガミィに1回挑戦しよう（全難易度共通） ","61032001"
"10032","102","10","0","9004","2020/01/17 12:00:00","601","61032002","0","6004","0","2020/01/26 14:59:59","イベントクエストを10回クリアしよう","61032002"
"10033","101","1","0","9012","2020/01/31 12:00:00","601","61033001","0","6008","0","2020/02/17 14:59:59","アンチビーストに1回挑戦しよう（全難易度共通） ","61033001"
"10033","102","10","0","9004","2020/01/31 12:00:00","601","61033002","0","6004","0","2020/02/17 14:59:59","イベントクエストを10回クリアしよう","61033002"
"10034","10034101","1","0","9012","2020/02/15 12:00:00","601","61034001","0","6008","0","2020/02/24 14:59:59","アグリーラブリーに1回挑戦しよう（全難易度共通） ","61034001"
"10034","10034102","10","0","9004","2020/02/15 12:00:00","601","61034002","0","6004","0","2020/02/24 14:59:59","イベントクエストを10回クリアしよう","61034002"
"10035","10035101","1","0","9012","2020/02/29 12:00:00","601","61035001","0","6008","0","2020/03/25 14:59:59","ボスに1回挑戦しよう（前後編の全難易度共通）","61035001"
"10035","10035102","10","0","9004","2020/02/29 12:00:00","601","61035002","0","6004","0","2020/03/25 14:59:59","イベントクエストを10回クリアしよう（前後編共通）","61035002"
"10037","10037101","1","0","9012","2020/03/17 12:00:00","601","61037001","0","6008","0","2020/03/26 14:59:59","嘆きの女神に1回挑戦しよう（全難易度共通） ","61037001"
"10037","10037102","10","0","9004","2020/03/17 12:00:00","601","61037002","0","6004","0","2020/03/26 14:59:59","イベントクエストを10回クリアしよう","61037002"
"10038","10038101","1","0","9012","2020/03/31 12:00:00","601","61038001","0","6008","0","2020/04/18 14:59:59","なかよしＸに1回挑戦しよう（全難易度共通） ","61038001"
"10038","10038102","10","0","9004","2020/03/31 12:00:00","601","61038002","0","6004","0","2020/04/18 14:59:59","イベントクエストを10回クリアしよう","61038002"
"10039","10039101","1","0","9012","2020/04/17 12:00:00","601","61039001","0","6008","0","2020/04/26 14:59:59","コア・ギガースに1回挑戦しよう（全難易度共通） ","61039001"
"10039","10039102","10","0","9004","2020/04/17 12:00:00","601","61039002","0","6004","0","2020/04/26 14:59:59","イベントクエストを10回クリアしよう","61039002"
"10040","101","1","0","9012","2020/04/30 12:00:00","601","61040001","0","6008","0","2020/05/18 14:59:59","忍びの頭領ハンゾウに1回挑戦しよう（全難易度共通） ","61040001"
"10040","102","10","0","9004","2020/04/30 12:00:00","601","61040002","0","6004","0","2020/05/18 14:59:59","イベントクエストを10回クリアしよう","61040002"
"10041","10041101","1","0","9012","2020/05/18 12:00:00","601","61041001","0","6008","0","2020/05/27 14:59:59","アクダイカンに1回挑戦しよう（全難易度共通） ","61041001"
"10041","10041102","10","0","9004","2020/05/18 12:00:00","601","61041002","0","6004","0","2020/05/27 14:59:59","イベントクエストを10回クリアしよう","61041002"
"10042","10042101","1","0","9012","2020/05/31 12:00:00","601","61042001","0","6008","0","2020/06/18 14:59:59","黒の王ジャバウォックに1回挑戦しよう（全難易度共通） ","61042001"
"10042","10042102","10","0","9004","2020/05/31 12:00:00","601","61042002","0","6004","0","2020/06/18 14:59:59","イベントクエストを10回クリアしよう","61042002"
"10043","10043101","1","0","9012","2020/06/16 12:00:00","601","61043001","0","6008","0","2020/06/25 14:59:59","雨神様に1回挑戦しよう（全難易度共通） ","61043001"
"10043","10043102","10","0","9004","2020/06/16 12:00:00","601","61043002","0","6004","0","2020/06/25 14:59:59","イベントクエストを10回クリアしよう","61043002"
"10044","10044101","1","0","9012","2020/06/30 12:00:00","601","61044001","0","6008","0","2020/07/18 14:59:59","覚醒・浮気星に1回挑戦しよう（全難易度共通） ","61044001"
"10044","10044102","10","0","9004","2020/06/30 12:00:00","601","61044002","0","6004","0","2020/07/18 14:59:59","イベントクエストを10回クリアしよう","61044002"
"10045","10045101","1","0","9012","2020/07/16 12:00:00","601","61045001","0","6008","0","2020/07/25 14:59:59","マジムンに1回挑戦しよう（全難易度共通） ","61045001"
"10045","10045102","10","0","9004","2020/07/16 12:00:00","601","61045002","0","6004","0","2020/07/25 14:59:59","イベントクエストを10回クリアしよう","61045002"
"10046","10046101","1","0","9012","2020/07/31 12:00:00","601","61046001","0","6008","0","2020/08/18 14:59:59","渚の暴君・鮫吉に1回挑戦しよう（全難易度共通） ","61046001"
"10046","10046102","10","0","9004","2020/07/31 12:00:00","601","61046002","0","6004","0","2020/08/18 14:59:59","イベントクエストを10回クリアしよう","61046002"
"10047","101","1","0","9012","2020/08/16 12:00:00","601","61047001","0","6008","0","2020/08/25 14:59:59","オオドクマンドラゴラに1回挑戦しよう（全難易度共通）","61047001"
"10047","102","10","0","9004","2020/08/16 12:00:00","601","61047002","0","6004","0","2020/08/25 14:59:59","イベントクエストを10回クリアしよう","61047002"
"10048","10048101","1","0","9012","2020/08/31 12:00:00","601","61048001","0","6008","0","2020/09/19 14:59:59","暴走のイノセントボウに1回挑戦しよう（全難易度共通） ","61048001"
"10048","10048102","10","0","9004","2020/08/31 12:00:00","601","61048002","0","6004","0","2020/09/19 14:59:59","イベントクエストを10回クリアしよう","61048002"
"10049","10049101","1","0","9012","2020/09/17 12:00:00","601","61049001","0","6008","0","2020/09/26 14:59:59","ファントムバロンに1回挑戦しよう（全難易度共通） ","61049001"
"10049","10049102","10","0","9004","2020/09/17 12:00:00","601","61049002","0","6004","0","2020/09/26 14:59:59","イベントクエストを10回クリアしよう","61049002"
"10050","10050101","1","0","9012","2020/09/30 12:00:00","601","61050001","0","6008","0","2020/10/18 14:59:59","叫怖のゴーストファーザーに1回挑戦しよう（全難易度共通） ","61050001"
"10050","10050102","10","0","9004","2020/09/30 12:00:00","601","61050002","0","6004","0","2020/10/18 14:59:59","イベントクエストを10回クリアしよう","61050002"
"10051","10051101","1","0","9012","2020/10/16 12:00:00","601","61051001","0","6008","0","2020/10/25 14:59:59","ドラゴンもどきに1回挑戦しよう（全難易度共通） ","61051001"
"10051","10051102","10","0","9004","2020/10/16 12:00:00","601","61051002","0","6004","0","2020/10/25 14:59:59","イベントクエストを10回クリアしよう","61051002"
"10052","10052101","1","0","9012","2020/10/31 12:00:00","601","61052001","0","6008","0","2020/11/18 14:59:59","アンチビースト de Mに1回挑戦しよう（全難易度共通） ","61052001"
"10052","10052102","10","0","9004","2020/10/31 12:00:00","601","61052002","0","6004","0","2020/11/18 14:59:59","イベントクエストを10回クリアしよう","61052002"
"10053","10053101","1","0","9012","2020/11/10 12:00:00","601","61053001","0","6008","0","2020/11/24 14:59:59","ペテルギウスに1回挑戦しよう（全難易度共通） ","61053001"
"10053","10053102","10","0","9004","2020/11/10 12:00:00","601","61053002","0","6004","0","2020/11/24 14:59:59","イベントクエストを10回クリアしよう","61053002"
"10054","10054101","1","0","9012","2020/11/30 12:00:00","601","61054001","0","6008","0","2020/12/18 14:59:59","ドミネイテッドスノーマンに1回挑戦しよう（全難易度共通） ","61054001"
"10054","10054102","10","0","9004","2020/11/30 12:00:00","601","61054002","0","6004","0","2020/12/18 14:59:59","イベントクエストを10回クリアしよう","61054002"
"10055","10055101","1","0","9012","2020/12/16 12:00:00","601","61055001","0","6008","0","2020/12/25 14:59:59","トナカイ・ヴェンデッタに1回挑戦しよう（全難易度共通） ","61055001"
"10055","10055102","10","0","9004","2020/12/16 12:00:00","601","61055002","0","6004","0","2020/12/25 14:59:59","イベントクエストを10回クリアしよう","61055002"
"10056","10056101","1","0","9012","2020/12/31 12:00:00","601","61056001","0","6008","0","2021/01/18 14:59:59","グレートトゥンヌスに1回挑戦しよう（全難易度共通） ","61056001"
"10056","10056102","10","0","9004","2020/12/31 12:00:00","601","61056002","0","6004","0","2021/01/18 14:59:59","イベントクエストを10回クリアしよう","61056002"
"10057","10057101","1","0","9012","2021/01/15 12:00:00","601","61057001","0","6008","0","2021/01/24 14:59:59","山神様に1回挑戦しよう（全難易度共通） ","61057001"
"10057","10057102","10","0","9004","2021/01/15 12:00:00","601","61057002","0","6004","0","2021/01/24 14:59:59","イベントクエストを10回クリアしよう","61057002"
"10058","10058101","1","0","9012","2021/01/31 12:00:00","601","61058001","0","6008","0","2021/02/24 14:59:59","ボスに1回挑戦しよう（前後編の全難易度共通）","61058001"
"10058","10058102","10","0","9004","2021/01/31 12:00:00","601","61058002","0","6004","0","2021/02/24 14:59:59","イベントクエストを10回クリアしよう（前後編共通）","61058002"
"10060","10060101","1","0","9012","2021/02/16 12:00:00","601","61060001","0","6008","0","2021/02/25 14:59:59","アンチビーストに1回挑戦しよう（全難易度共通） ","61060001"
"10060","10060102","10","0","9004","2021/02/16 12:00:00","601","61060002","0","6004","0","2021/02/25 14:59:59","イベントクエストを10回クリアしよう","61060002"
"10061","10061101","1","0","9012","2021/02/28 12:00:00","601","61061001","0","6008","0","2021/03/18 14:59:59","魔物の姫に1回挑戦しよう（全難易度共通） ","61061001"
"10061","10061102","10","0","9004","2021/02/28 12:00:00","601","61061002","0","6004","0","2021/03/18 14:59:59","イベントクエストを10回クリアしよう","61061002"
"10062","10062101","1","0","9012","2021/03/08 12:00:00","601","61062001","0","6008","0","2021/03/26 14:59:59","ボスに1回挑戦しよう（前後編の全難易度共通）","61062001"
"10062","10062102","10","0","9004","2021/03/08 12:00:00","601","61062002","0","6004","0","2021/03/26 14:59:59","イベントクエストを10回クリアしよう（前後編共通）","61062002"
"10064","10064101","1","0","9012","2021/03/31 12:00:00","601","61064001","0","6008","0","2021/04/18 14:59:59","名もなき芸術に1回挑戦しよう（全難易度共通）","61064001"
"10064","10064102","10","0","9004","2021/03/31 12:00:00","601","61064002","0","6004","0","2021/04/18 14:59:59","イベントクエストを10回クリアしよう","61064002"
"10065","10065101","1","0","9012","2021/04/18 12:00:00","601","61065001","0","6008","0","2021/04/27 14:59:59","なかよしＸに1回挑戦しよう（全難易度共通） ","61065001"
"10065","10065102","10","0","9004","2021/04/18 12:00:00","601","61065002","0","6004","0","2021/04/27 14:59:59","イベントクエストを10回クリアしよう","61065002"
"10066","10066101","1","0","9012","2021/04/30 12:00:00","601","61066001","0","6008","0","2021/05/18 14:59:59","バースト・タイムラーベに1回挑戦しよう（全難易度共通） ","61066001"
"10066","10066102","10","0","9004","2021/04/30 12:00:00","601","61066002","0","6004","0","2021/05/18 14:59:59","イベントクエストを10回クリアしよう","61066002"
"10067","10067101","1","0","9012","2021/05/18 12:00:00","601","61067001","0","6008","0","2021/05/27 14:59:59","忍びの頭領ハンゾウに1回挑戦しよう（全難易度共通） ","61067001"
"10067","10067102","10","0","9004","2021/05/18 12:00:00","601","61067002","0","6004","0","2021/05/27 14:59:59","イベントクエストを10回クリアしよう","61067002"
"10068","10068101","1","0","9012","2021/05/31 12:00:00","601","61068001","0","6008","0","2021/06/18 14:59:59","究極玩具王 メガトイキングに1回挑戦しよう（全難易度共通） ","61068001"
"10068","10068102","10","0","9004","2021/05/31 12:00:00","601","61068002","0","6004","0","2021/06/18 14:59:59","イベントクエストを10回クリアしよう","61068002"
"10069","10069101","1","0","9012","2021/06/18 12:00:00","601","61069001","0","6008","0","2021/06/27 14:59:59","黒の王ジャバウォックに1回挑戦しよう（全難易度共通） ","61069001"
"10069","10069102","10","0","9004","2021/06/18 12:00:00","601","61069002","0","6004","0","2021/06/27 14:59:59","イベントクエストを10回クリアしよう","61069002"
"10070","10070101","1","0","9012","2021/06/30 12:00:00","601","61070001","0","6008","0","2021/07/18 14:59:59","宿題に1回挑戦しよう（全難易度共通） ","61070001"
"10070","10070102","10","0","9004","2021/06/30 12:00:00","601","61070002","0","6004","0","2021/07/18 14:59:59","イベントクエストを10回クリアしよう","61070002"
"10071","10071101","1","0","9012","2021/07/18 12:00:00","601","61071001","0","6008","0","2021/07/27 14:59:59","覚醒・浮気星に1回挑戦しよう（全難易度共通） ","61071001"
"10071","10071102","10","0","9004","2021/07/18 12:00:00","601","61071002","0","6004","0","2021/07/27 14:59:59","イベントクエストを10回クリアしよう","61071002"
"10072","10072101","1","0","9012","2021/07/31 12:00:00","601","61072001","0","6008","0","2021/08/18 14:59:59","クイーンウタクラゲに1回挑戦しよう（全難易度共通） ","61072001"
"10072","10072102","10","0","9004","2021/07/31 12:00:00","601","61072002","0","6004","0","2021/08/18 14:59:59","イベントクエストを10回クリアしよう","61072002"
"10073","10073101","1","0","9012","2021/08/18 12:00:00","601","61073001","0","6008","0","2021/08/27 14:59:59","渚の暴君・鮫吉に1回挑戦しよう（全難易度共通） ","61073001"
"10073","10073102","10","0","9004","2021/08/18 12:00:00","601","61073002","0","6004","0","2021/08/27 14:59:59","イベントクエストを10回クリアしよう","61073002"
"10074","10074101","1","0","9012","2021/08/31 12:00:00","601","61074001","0","6008","0","2021/09/18 14:59:59","ドクターギグルに1回挑戦しよう（全難易度共通） ","61074001"
"10074","10074102","10","0","9004","2021/08/31 12:00:00","601","61074002","0","6004","0","2021/09/18 14:59:59","イベントクエストを10回クリアしよう","61074002"
"10075","10075101","1","0","9012","2021/09/17 12:00:00","601","61075001","0","6008","0","2021/09/26 14:59:59","暴走のイノセントボウに1回挑戦しよう（全難易度共通） ","61075001"
"10075","10075102","10","0","9004","2021/09/17 12:00:00","601","61075002","0","6004","0","2021/09/26 14:59:59","イベントクエストを10回クリアしよう","61075002"
"10076","10076101","1","0","9012","2021/09/30 12:00:00","601","61076001","0","6008","0","2021/10/18 14:59:59","哀暴のわたあめちゃんに1回挑戦しよう（全難易度共通） ","61076001"
"10076","10076102","10","0","9004","2021/09/30 12:00:00","601","61076002","0","6004","0","2021/10/18 14:59:59","イベントクエストを10回クリアしよう","61076002"
"10077","10077101","1","0","9012","2021/10/18 12:00:00","601","61077001","0","6008","0","2021/10/27 14:59:59","叫怖のゴーストファーザーに1回挑戦しよう（全難易度共通） ","61077001"
"10077","10077102","10","0","9004","2021/10/18 12:00:00","601","61077002","0","6004","0","2021/10/27 14:59:59","イベントクエストを10回クリアしよう","61077002"
"10078","10078101","1","0","9012","2021/10/31 12:00:00","601","61078001","0","6008","0","2021/11/18 14:59:59","アンチビースト・トリニティに1回挑戦しよう（全難易度共通） ","61078001"
"10078","10078102","10","0","9004","2021/10/31 12:00:00","601","61078002","0","6004","0","2021/11/18 14:59:59","イベントクエストを10回クリアしよう","61078002"
"10079","10079101","1","0","9012","2021/11/18 12:00:00","601","61079001","0","6008","0","2021/11/27 14:59:59","アンチビースト de Mに1回挑戦しよう（全難易度共通） ","61079001"
"10079","10079102","10","0","9004","2021/11/18 12:00:00","601","61079002","0","6004","0","2021/11/27 14:59:59","イベントクエストを10回クリアしよう","61079002"
"10080","10080101","1","0","9012","2021/11/30 12:00:00","601","61080001","0","6008","0","2021/12/18 14:59:59","ひとりぼっちの聖夜の妖精に1回挑戦しよう（全難易度共通） ","61080001"
"10080","10080102","10","0","9004","2021/11/30 12:00:00","601","61080002","0","6004","0","2021/12/18 14:59:59","イベントクエストを10回クリアしよう","61080002"
"10081","10081101","1","0","9012","2021/12/17 12:00:00","601","61081001","0","6008","0","2021/12/26 14:59:59","ドミネイテッドスノーマンに1回挑戦しよう（全難易度共通） ","61081001"
"10081","10081102","10","0","9004","2021/12/17 12:00:00","601","61081002","0","6004","0","2021/12/26 14:59:59","イベントクエストを10回クリアしよう","61081002"
"10082","10082101","1","0","9012","2021/12/31 12:00:00","601","61082001","0","6008","0","2022/01/18 14:59:59","邪牛神モーモンに1回挑戦しよう（全難易度共通） ","61082001"
"10082","10082102","10","0","9004","2021/12/31 12:00:00","601","61082002","0","6004","0","2022/01/18 14:59:59","イベントクエストを10回クリアしよう","61082002"
"10083","10083101","1","0","9012","2022/01/18 12:00:00","601","61083001","0","6008","0","2022/01/27 14:59:59","グレートトゥンヌスに1回挑戦しよう（全難易度共通） ","61083001"
"10083","10083102","10","0","9004","2022/01/18 12:00:00","601","61083002","0","6004","0","2022/01/27 14:59:59","イベントクエストを10回クリアしよう","61083002"
"10084","10084101","1","0","9012","2022/01/31 12:00:00","601","61084001","0","6008","0","2022/02/24 14:59:59","【前編】ボスに1回挑戦しよう（前後編の全難易度共通）","61084001"
"10084","10084102","10","0","9004","2022/01/31 12:00:00","601","61084002","0","6004","0","2022/02/24 14:59:59","【前編】イベントクエストを10回クリアしよう（前後編共通）","61084002"
"10084","10085101","1","0","9012","2022/02/07 12:00:00","601","61085001","0","6008","0","2022/02/24 14:59:59","【後編】ボスに1回挑戦しよう（前後編の全難易度共通）","61085001"
"10084","10085102","10","0","9004","2022/02/07 12:00:00","601","61085002","0","6004","0","2022/02/24 14:59:59","【後編】イベントクエストを10回クリアしよう（前後編共通）","61085002"
"10086","10086101","1","0","9012","2022/02/10 12:00:00","601","61086001","0","6008","0","2022/02/26 14:59:59","ボスに1回挑戦しよう（前後編の全難易度共通）","61086001"
"10086","10086102","10","0","9004","2022/02/10 12:00:00","601","61086002","0","6004","0","2022/02/26 14:59:59","イベントクエストを10回クリアしよう（前後編共通）","61086002"
"10088","10088101","1","0","9012","2022/02/28 12:00:00","601","61088001","0","6008","0","2022/03/18 14:59:59","讐鼠・怒髪天のチュウジに1回挑戦しよう（全難易度共通） ","61088001"
"10088","10088102","10","0","9004","2022/02/28 12:00:00","601","61088002","0","6004","0","2022/03/18 14:59:59","イベントクエストを10回クリアしよう","61088002"
"10089","10089101","1","0","9012","2022/03/16 12:00:00","601","61089001","0","6008","0","2022/03/25 14:59:59","魔物の姫に1回挑戦しよう（全難易度共通） ","61089001"
"10089","10089102","10","0","9004","2022/03/16 12:00:00","601","61089002","0","6004","0","2022/03/25 14:59:59","イベントクエストを10回クリアしよう","61089002"
"10090","10090101","1","0","9012","2022/03/31 12:00:00","601","61090001","0","6008","0","2022/04/18 14:59:59","大慾暴君・カジノ王に1回挑戦しよう（全難易度共通） ","61090001"
"10090","10090102","10","0","9004","2022/03/31 12:00:00","601","61090002","0","6004","0","2022/04/18 14:59:59","イベントクエストを10回クリアしよう","61090002"
"10091","10091101","1","0","9012","2022/04/18 12:00:00","601","61091001","0","6008","0","2022/04/27 14:59:59","名もなき芸術に1回挑戦しよう（全難易度共通）","61091001"
"10091","10091102","10","0","9004","2022/04/18 12:00:00","601","61091002","0","6004","0","2022/04/27 14:59:59","イベントクエストを10回クリアしよう","61091002"
"10092","10092101","1","0","9012","2022/04/30 12:00:00","601","61092001","0","6008","0","2022/05/18 14:59:59","解放されし財宝の守護者に1回挑戦しよう（全難易度共通） ","61092001"
"10092","10092102","10","0","9004","2022/04/30 12:00:00","601","61092002","0","6004","0","2022/05/18 14:59:59","イベントクエストを10回クリアしよう","61092002"
"10093","10093101","1","0","9012","2022/05/16 12:00:00","601","61093001","0","6008","0","2022/05/25 14:59:59","バースト・タイムラーベに1回挑戦しよう（全難易度共通） ","61093001"
"10093","10093102","10","0","9004","2022/05/16 12:00:00","601","61093002","0","6004","0","2022/05/25 14:59:59","イベントクエストを10回クリアしよう","61093002"
"10094","10094101","1","0","9012","2022/05/31 12:00:00","601","61094001","0","6008","0","2022/06/18 14:59:59","アストライアタケモドキに1回挑戦しよう（全難易度共通） ","61094001"
"10094","10094102","10","0","9004","2022/05/31 12:00:00","601","61094002","0","6004","0","2022/06/18 14:59:59","イベントクエストを10回クリアしよう","61094002"
"10095","10095101","1","0","9012","2022/06/16 12:00:00","601","61095001","0","6008","0","2022/06/25 14:59:59","究極玩具王 メガトイキングに1回挑戦しよう（全難易度共通） ","61095001"
"10095","10095102","10","0","9004","2022/06/16 12:00:00","601","61095002","0","6004","0","2022/06/25 14:59:59","イベントクエストを10回クリアしよう","61095002"
"10096","10096101","1","0","9012","2022/06/30 12:00:00","601","61096001","0","6008","0","2022/07/18 14:59:59","海将タツノココマンダーに1回挑戦しよう（全難易度共通） ","61096001"
"10096","10096102","10","0","9004","2022/06/30 12:00:00","601","61096002","0","6004","0","2022/07/18 14:59:59","イベントクエストを10回クリアしよう","61096002"
"10097","10097101","1","0","9012","2022/07/18 12:00:00","601","61097001","0","6008","0","2022/07/27 14:59:59","宿題に1回挑戦しよう（全難易度共通） ","61097001"
"10097","10097102","10","0","9004","2022/07/18 12:00:00","601","61097002","0","6004","0","2022/07/27 14:59:59","イベントクエストを10回クリアしよう","61097002"
"10098","10098101","1","0","9012","2022/07/31 12:00:00","601","61098001","0","6008","0","2022/08/18 14:59:59","ムーンレイゲートに1回挑戦しよう（全難易度共通） ","61098001"
"10098","10098102","10","0","9004","2022/07/31 12:00:00","601","61098002","0","6004","0","2022/08/18 14:59:59","イベントクエストを10回クリアしよう","61098002"
"10099","10099101","1","0","9012","2022/08/18 12:00:00","601","61099001","0","6008","0","2022/08/27 14:59:59","クイーンウタクラゲに1回挑戦しよう（全難易度共通） ","61099001"
"10099","10099102","10","0","9004","2022/08/18 12:00:00","601","61099002","0","6004","0","2022/08/27 14:59:59","イベントクエストを10回クリアしよう","61099002"
"10100","10100101","1","0","9012","2022/08/31 12:00:00","601","61100001","0","6008","0","2022/09/18 14:59:59","哀執のバロメッツに1回挑戦しよう（全難易度共通） ","61100001"
"10100","10100102","10","0","9004","2022/08/31 12:00:00","601","61100002","0","6004","0","2022/09/18 14:59:59","イベントクエストを10回クリアしよう","61100002"
"10101","10101101","1","0","9012","2022/09/17 12:00:00","601","61101001","0","6008","0","2022/09/26 14:59:59","ドクターギグルに1回挑戦しよう（全難易度共通） ","61101001"
"10101","10101102","10","0","9004","2022/09/17 12:00:00","601","61101002","0","6004","0","2022/09/26 14:59:59","イベントクエストを10回クリアしよう","61101002"
"10102","10102101","1","0","9012","2022/09/30 12:00:00","601","61102001","0","6008","0","2022/10/18 14:59:59","狂乱の配信者・カガミに1回挑戦しよう（全難易度共通） ","61102001"
"10102","10102102","10","0","9004","2022/09/30 12:00:00","601","61102002","0","6004","0","2022/10/18 14:59:59","イベントクエストを10回クリアしよう","61102002"
"10103","10103101","1","0","9012","2022/10/17 12:00:00","601","61103001","0","6008","0","2022/10/26 14:59:59","哀暴のわたあめちゃんに1回挑戦しよう（全難易度共通） ","61103001"
"10103","10103102","10","0","9004","2022/10/17 12:00:00","601","61103002","0","6004","0","2022/10/26 14:59:59","イベントクエストを10回クリアしよう","61103002"
"10104","10104101","1","0","9012","2022/10/31 12:00:00","601","61104001","0","6008","0","2022/11/18 14:59:59","オブシダンゴーレムに1回挑戦しよう（全難易度共通） ","61104001"
"10104","10104102","10","0","9004","2022/10/31 12:00:00","601","61104002","0","6004","0","2022/11/18 14:59:59","イベントクエストを10回クリアしよう","61104002"
"10105","10105101","1","0","9012","2022/11/17 12:00:00","601","61105001","0","6008","0","2022/11/26 14:59:59","アンチビースト・トリニティに1回挑戦しよう（全難易度共通） ","61105001"
"10105","10105102","10","0","9004","2022/11/17 12:00:00","601","61105002","0","6004","0","2022/11/26 14:59:59","イベントクエストを10回クリアしよう","61105002"
"10106","10106101","1","0","9012","2022/11/30 12:00:00","601","61106001","0","6008","0","2022/12/18 14:59:59","アンハッピートレントに1回挑戦しよう（全難易度共通） ","61106001"
"10106","10106102","10","0","9004","2022/11/30 12:00:00","601","61106002","0","6004","0","2022/12/18 14:59:59","イベントクエストを10回クリアしよう","61106002"
"10107","10107101","1","0","9012","2022/12/16 12:00:00","601","61107001","0","6008","0","2022/12/25 14:59:59","ひとりぼっちの聖夜の妖精に1回挑戦しよう（全難易度共通） ","61107001"
"10107","10107102","10","0","9004","2022/12/16 12:00:00","601","61107002","0","6004","0","2022/12/25 14:59:59","イベントクエストを10回クリアしよう","61107002"
"10108","10108101","1","0","9012","2022/12/31 12:00:00","601","61108001","0","6008","0","2023/01/18 14:59:59","穢れし湯ノ神・陽卵に1回挑戦しよう（全難易度共通） ","61108001"
"10108","10108102","10","0","9004","2022/12/31 12:00:00","601","61108002","0","6004","0","2023/01/18 14:59:59","イベントクエストを10回クリアしよう","61108002"
"10109","10109101","1","0","9012","2023/01/16 12:00:00","601","61109001","0","6008","0","2023/01/25 14:59:59","邪牛神モーモンに1回挑戦しよう（全難易度共通） ","61109001"
"10109","10109102","10","0","9004","2023/01/16 12:00:00","601","61109002","0","6004","0","2023/01/25 14:59:59","イベントクエストを10回クリアしよう","61109002"
"10110","10110101","1","0","9012","2023/01/31 12:00:00","601","61110001","0","6008","0","2023/02/27 14:59:59","【前編】ボスに1回挑戦しよう（前後編の全難易度共通）","61110001"
"10110","10110102","10","0","9021","2023/01/31 12:00:00","601","61110002","0","6004","0","2023/02/27 14:59:59","【前編】イベントクエストを10回クリアしよう（前後編共通）","61110002"
"10110","10111101","1","0","9012","2023/02/07 12:00:00","601","61111001","0","6008","0","2023/02/27 14:59:59","【後編】ボスに1回挑戦しよう（前後編の全難易度共通）","61111001"
"10110","10111102","10","0","9004","2023/02/07 12:00:00","601","61111002","0","6004","0","2023/02/27 14:59:59","【後編】イベントクエストを10回クリアしよう（前後編共通）","61111002"
"10112","10112101","1","0","9012","2023/02/09 12:00:00","601","61112001","0","6008","0","2023/02/26 14:59:59","【前編】ボスに1回挑戦しよう（前後編の全難易度共通）","61112001"
"10112","10112102","10","0","9004","2023/02/09 12:00:00","601","61112002","0","6004","0","2023/02/26 14:59:59","【前編】イベントクエストを10回クリアしよう（前後編共通）","61112002"
"10112","10113101","1","0","9012","2023/02/14 12:00:00","601","61113001","0","6008","0","2023/02/26 14:59:59","【後編】ボスに1回挑戦しよう（前後編の全難易度共通）","61113001"
"10112","10113102","10","0","9021","2023/02/14 12:00:00","601","61113002","0","6004","0","2023/02/26 14:59:59","【後編】イベントクエストを10回クリアしよう（前後編共通）","61113002"
"10114","10114101","1","0","9012","2023/02/28 12:00:00","601","61114001","0","6008","0","2023/03/18 14:59:59","願福寄災の招き猫に1回挑戦しよう（全難易度共通） ","61114001"
"10114","10114102","10","0","9004","2023/02/28 12:00:00","601","61114002","0","6004","0","2023/03/18 14:59:59","イベントクエストを10回クリアしよう","61114002"
"10115","10115101","1","0","9012","2023/03/16 12:00:00","601","61115001","0","6008","0","2023/03/25 14:59:59","讐鼠・怒髪天のチュウジに1回挑戦しよう（全難易度共通） ","61115001"
"10115","10115102","10","0","9004","2023/03/16 12:00:00","601","61115002","0","6004","0","2023/03/25 14:59:59","イベントクエストを10回クリアしよう","61115002"
"10116","10116101","1","0","9012","2023/03/31 12:00:00","601","61116001","0","6008","0","2023/04/18 14:59:59","ダイオウショウジョウに1回挑戦しよう（全難易度共通） ","61116001"
"10116","10116102","10","0","9004","2023/03/31 12:00:00","601","61116002","0","6004","0","2023/04/18 14:59:59","イベントクエストを10回クリアしよう","61116002"
"10117","10117101","1","0","9012","2023/04/17 12:00:00","601","61117001","0","6008","0","2023/04/26 14:59:59","大慾暴君・カジノ王に1回挑戦しよう（全難易度共通） ","61117001"
"10117","10117102","10","0","9004","2023/04/17 12:00:00","601","61117002","0","6004","0","2023/04/26 14:59:59","イベントクエストを10回クリアしよう","61117002"
"10118","10118101","1","0","9012","2023/04/30 12:00:00","601","61118001","0","6008","0","2023/05/18 14:59:59","叡智の錬金術師・モーヴに1回挑戦しよう（全難易度共通） ","61118001"
"10118","10118102","10","0","9004","2023/04/30 12:00:00","601","61118002","0","6004","0","2023/05/18 14:59:59","イベントクエストを10回クリアしよう","61118002"
"10119","10119101","1","0","9012","2023/05/16 12:00:00","601","61119001","0","6008","0","2023/05/25 14:59:59","解放されし財宝の守護者に1回挑戦しよう（全難易度共通） ","61119001"
"10119","10119102","10","0","9004","2023/05/16 12:00:00","601","61119002","0","6004","0","2023/05/25 14:59:59","イベントクエストを10回クリアしよう","61119002"
"10120","10120101","1","0","9012","2023/05/31 12:00:00","601","61120001","0","6008","0","2023/06/18 14:59:59","変貌せし従者・ブラドに1回挑戦しよう（全難易度共通） ","61120001"
"10120","10120102","10","0","9004","2023/05/31 12:00:00","601","61120002","0","6004","0","2023/06/18 14:59:59","イベントクエストを10回クリアしよう","61120002"
"10121","10121101","1","0","9012","2023/06/16 12:00:00","601","61121001","0","6008","0","2023/06/25 14:59:59","アストライアタケモドキに1回挑戦しよう（全難易度共通） ","61121001"
"10121","10121102","10","0","9004","2023/06/16 12:00:00","601","61121002","0","6004","0","2023/06/25 14:59:59","イベントクエストを10回クリアしよう","61121002"
"10122","10122101","1","0","9012","2023/06/30 12:00:00","601","61122001","0","6008","0","2023/07/18 14:59:59","復活の白き島クジラに1回挑戦しよう（全難易度共通） ","61122001"
"10122","10122102","10","0","9004","2023/06/30 12:00:00","601","61122002","0","6004","0","2023/07/18 14:59:59","イベントクエストを10回クリアしよう","61122002"
"10123","10123101","1","0","9012","2023/07/18 12:00:00","601","61123001","0","6008","0","2023/07/27 14:59:59","海将タツノココマンダーに1回挑戦しよう（全難易度共通） ","61123001"
"10123","10123102","10","0","9004","2023/07/18 12:00:00","601","61123002","0","6004","0","2023/07/27 14:59:59","イベントクエストを10回クリアしよう","61123002"
"10124","10124101","1","0","9012","2023/07/31 12:00:00","601","61124001","0","6008","0","2023/08/18 14:59:59","グラッジレイスに1回挑戦しよう（全難易度共通） ","61124001"
"10124","10124102","10","0","9004","2023/07/31 12:00:00","601","61124002","0","6004","0","2023/08/18 14:59:59","イベントクエストを10回クリアしよう","61124002"
"10125","10125101","1","0","9012","2023/08/17 12:00:00","601","61125001","0","6008","0","2023/08/26 14:59:59","ムーンレイゲートに1回挑戦しよう（全難易度共通） ","61125001"
"10125","10125102","10","0","9004","2023/08/17 12:00:00","601","61125002","0","6004","0","2023/08/26 14:59:59","イベントクエストを10回クリアしよう","61125002"
"10126","10126101","1","0","9012","2023/08/31 12:00:00","601","61126001","0","6008","0","2023/09/18 14:59:59","放たれし暴魔・アルゲースに1回挑戦しよう（全難易度共通） ","61126001"
"10126","10126102","10","0","9004","2023/08/31 12:00:00","601","61126002","0","6004","0","2023/09/18 14:59:59","イベントクエストを10回クリアしよう","61126002"
"10127","10127101","1","0","9012","2023/09/18 12:00:00","601","61127001","0","6008","0","2023/09/27 14:59:59","哀執のバロメッツに1回挑戦しよう（全難易度共通） ","61127001"
"10127","10127102","10","0","9004","2023/09/18 12:00:00","601","61127002","0","6004","0","2023/09/27 14:59:59","イベントクエストを10回クリアしよう","61127002"
"10128","10128101","1","0","9012","2023/09/30 12:00:00","601","61128001","0","6008","0","2023/10/18 14:59:59","カリドに1回挑戦しよう（全難易度共通） ","61128001"
"10128","10128102","10","0","9004","2023/09/30 12:00:00","601","61128002","0","6004","0","2023/10/18 14:59:59","イベントクエストを10回クリアしよう","61128002"
"10129","10129101","1","0","9012","2023/10/16 12:00:00","601","61129001","0","6008","0","2023/10/25 14:59:59","狂乱の配信者・カガミに1回挑戦しよう（全難易度共通） ","61129001"
"10129","10129102","10","0","9004","2023/10/16 12:00:00","601","61129002","0","6004","0","2023/10/25 14:59:59","イベントクエストを10回クリアしよう","61129002"
"10130","10130101","1","0","9012","2023/10/31 12:00:00","601","61130001","0","6008","0","2023/11/18 14:59:59","ミソラに1回挑戦しよう（全難易度共通） ","61130001"
"10130","10130102","10","0","9004","2023/10/31 12:00:00","601","61130002","0","6004","0","2023/11/18 14:59:59","イベントクエストを10回クリアしよう","61130002"
"10131","10131101","1","0","9012","2023/11/16 12:00:00","601","61131001","0","6008","0","2023/11/25 14:59:59","オブシダンゴーレムに1回挑戦しよう（全難易度共通） ","61131001"
"10131","10131102","10","0","9004","2023/11/16 12:00:00","601","61131002","0","6004","0","2023/11/25 14:59:59","イベントクエストを10回クリアしよう","61131002"
"10132","10132101","1","0","9012","2023/11/30 12:00:00","601","61132001","0","6008","0","2023/12/18 14:59:59","バジリスク・アロスに1回挑戦しよう（EX・EX＋を除く）","61132001"
"10132","10132102","10","0","9004","2023/11/30 12:00:00","601","61132002","0","6004","0","2023/12/18 14:59:59","イベントクエストを10回クリアしよう","61132002"
"10133","10133101","1","0","9012","2023/12/18 12:00:00","601","61133001","0","6008","0","2023/12/27 14:59:59","アンハッピートレントに1回挑戦しよう（全難易度共通） ","61133001"
"10133","10133102","10","0","9004","2023/12/18 12:00:00","601","61133002","0","6004","0","2023/12/27 14:59:59","イベントクエストを10回クリアしよう","61133002"
"10134","10134101","1","0","9012","2023/12/31 12:00:00","601","61134001","0","6008","0","2024/01/18 14:59:59","メテオ・イン・ドリームに1回挑戦しよう（全難易度共通） ","61134001"
"10134","10134102","10","0","9004","2023/12/31 12:00:00","601","61134002","0","6004","0","2024/01/18 14:59:59","イベントクエストを10回クリアしよう","61134002"
"10135","10135101","1","0","9012","2024/01/16 12:00:00","601","61135001","0","6008","0","2024/01/25 14:59:59","穢れし湯ノ神・陽卵に1回挑戦しよう（全難易度共通） ","61135001"
"10135","10135102","10","0","9004","2024/01/16 12:00:00","601","61135002","0","6004","0","2024/01/25 14:59:59","イベントクエストを10回クリアしよう","61135002"
"10136","10136101","1","0","9012","2024/01/31 12:00:00","601","61136001","0","6008","0","2024/02/28 14:59:59","【前編】ボスに1回挑戦しよう（前後編の全難易度共通）","61136001"
"10136","10136102","10","0","9021","2024/01/31 12:00:00","601","61136002","0","6004","0","2024/02/28 14:59:59","【前編】イベントクエストを10回クリアしよう（前後編共通）","61136002"
"10136","10137101","1","0","9012","2024/02/07 12:00:00","601","61137001","0","6008","0","2024/02/28 14:59:59","【後編】ボスに1回挑戦しよう（前後編の全難易度共通）","61137001"
"10136","10137102","10","0","9004","2024/02/07 12:00:00","601","61137002","0","6004","0","2024/02/28 14:59:59","【後編】イベントクエストを10回クリアしよう（前後編共通）","61137002"
"10138","10138101","1","0","9012","2024/02/09 12:00:00","601","61138001","0","6008","0","2024/02/26 14:59:59","【前編】ボスに1回挑戦しよう（前後編の全難易度共通）","61138001"
"10138","10138102","10","0","9021","2024/02/09 12:00:00","601","61138002","0","6004","0","2024/02/26 14:59:59","【前編】イベントクエストを10回クリアしよう（前後編共通）","61138002"
"10138","10139101","1","0","9012","2024/02/14 12:00:00","601","61139001","0","6008","0","2024/02/26 14:59:59","【後編】ボスに1回挑戦しよう（前後編の全難易度共通）","61139001"
"10138","10139102","10","0","9004","2024/02/14 12:00:00","601","61139002","0","6004","0","2024/02/26 14:59:59","【後編】イベントクエストを10回クリアしよう（前後編共通）","61139002"
"10140","10140101","1","0","9012","2024/02/29 12:00:00","601","61140001","0","6008","0","2024/03/18 14:59:59","奈落の聖女トミヱに1回挑戦しよう（EX・EX＋を除く）","61140001"
"10140","10140102","10","0","9004","2024/02/29 12:00:00","601","61140002","0","6004","0","2024/03/18 14:59:59","イベントクエストを10回クリアしよう","61140002"
"10141","10141101","1","0","9012","2024/03/18 12:00:00","601","61141001","0","6008","0","2024/03/27 14:59:59","願福寄災の招き猫に1回挑戦しよう（全難易度共通） ","61141001"
"10141","10141102","10","0","9004","2024/03/18 12:00:00","601","61141002","0","6004","0","2024/03/27 14:59:59","イベントクエストを10回クリアしよう","61141002"
"10142","10142101","1","0","9012","2024/03/31 12:00:00","601","61142001","0","6008","0","2024/04/18 14:59:59","剛雷獣・ライガホーンに1回挑戦しよう（EX・EX＋を除く）","61142001"
"10142","10142102","10","0","9004","2024/03/31 12:00:00","601","61142002","0","6004","0","2024/04/18 14:59:59","イベントクエストを10回クリアしよう","61142002"
"10143","10143101","1","0","9012","2024/04/16 12:00:00","601","61143001","0","6008","0","2024/04/25 14:59:59","ダイオウショウジョウに1回挑戦しよう（全難易度共通） ","61143001"
"10143","10143102","10","0","9004","2024/04/16 12:00:00","601","61143002","0","6004","0","2024/04/25 14:59:59","イベントクエストを10回クリアしよう","61143002"
"10144","10144101","1","0","9012","2024/04/30 12:00:00","601","61144001","0","6008","0","2024/05/18 14:59:59","魔物植物・モベルベに1回挑戦しよう（EX・EX＋を除く）","61144001"
"10144","10144102","10","0","9004","2024/04/30 12:00:00","601","61144002","0","6004","0","2024/05/18 14:59:59","イベントクエストを10回クリアしよう","61144002"
"10145","10145101","1","0","9012","2024/05/16 12:00:00","601","61145001","0","6008","0","2024/05/25 14:59:59","叡智の錬金術師・モーヴに1回挑戦しよう（全難易度共通） ","61145001"
"10145","10145102","10","0","9004","2024/05/16 12:00:00","601","61145002","0","6004","0","2024/05/25 14:59:59","イベントクエストを10回クリアしよう","61145002"
"10146","10146101","1","0","9012","2024/05/31 12:00:00","601","61146001","0","6008","0","2024/06/18 14:59:59","捲土重来・ジーノに1回挑戦しよう（EX・EX＋を除く）","61146001"
"10146","10146102","10","0","9004","2024/05/31 12:00:00","601","61146002","0","6004","0","2024/06/18 14:59:59","イベントクエストを10回クリアしよう","61146002"
"10147","10147101","1","0","9012","2024/06/17 12:00:00","601","61147001","0","6008","0","2024/06/26 14:59:59","変貌せし従者・ブラドに1回挑戦しよう（全難易度共通） ","61147001"
"10147","10147102","10","0","9004","2024/06/17 12:00:00","601","61147002","0","6004","0","2024/06/26 14:59:59","イベントクエストを10回クリアしよう","61147002"
"10148","10148101","1","0","9012","2024/06/30 12:00:00","601","61148001","0","6008","0","2024/07/18 14:59:59","真夏のバーサークスライムに1回挑戦しよう（EX・EX＋を除く）","61148001"
"10148","10148102","10","0","9004","2024/06/30 12:00:00","601","61148002","0","6004","0","2024/07/18 14:59:59","イベントクエストを10回クリアしよう","61148002"
"10149","10149101","1","0","9012","2024/07/16 12:00:00","601","61149001","0","6008","0","2024/07/25 14:59:59","復活の白き島クジラに1回挑戦しよう（全難易度共通） ","61149001"
"10149","10149102","10","0","9004","2024/07/16 12:00:00","601","61149002","0","6004","0","2024/07/25 14:59:59","イベントクエストを10回クリアしよう","61149002"
"10150","10150101","1","0","9012","2024/07/31 12:00:00","601","61150001","0","6008","0","2024/08/18 14:59:59","カオス・ジェネレーターに1回挑戦しよう（EX・EX＋を除く）","61150001"
"10150","10150102","10","0","9004","2024/07/31 12:00:00","601","61150002","0","6004","0","2024/08/18 14:59:59","イベントクエストを10回クリアしよう","61150002"
"10151","10151101","1","0","9012","2024/08/17 12:00:00","601","61151001","0","6008","0","2024/08/26 14:59:59","グラッジレイスに1回挑戦しよう（全難易度共通） ","61151001"
"10151","10151102","10","0","9004","2024/08/17 12:00:00","601","61151002","0","6004","0","2024/08/26 14:59:59","イベントクエストを10回クリアしよう","61151002"
"10152","10152101","1","0","9012","2024/08/31 12:00:00","601","61152001","0","6008","0","2024/09/25 20:59:59","記憶喰い・シロクジラに1回挑戦しよう（EX・EX＋を除く）","61152001"
"10152","10152102","10","0","9004","2024/08/31 12:00:00","601","61152002","0","6004","0","2024/09/25 20:59:59","イベントクエストを10回クリアしよう","61152002"
"10153","10153101","1","0","9012","2024/09/15 15:00:00","601","61153001","0","6008","0","2024/09/25 20:59:59","ペテルギウスに1回挑戦しよう（EXを除く） ","61153001"
"10153","10153102","10","0","9004","2024/09/15 15:00:00","601","61153002","0","6004","0","2024/09/25 20:59:59","イベントクエストを10回クリアしよう","61153002"
"10154","10154101","1","0","9012","2024/09/30 12:00:00","601","61154001","0","6008","0","2024/10/18 14:59:59","ヴェノム・ヒュドラに1回挑戦しよう（EX・EX＋を除く）","61154001"
"10154","10154102","10","0","9004","2024/09/30 12:00:00","601","61154002","0","6004","0","2024/10/18 14:59:59","イベントクエストを10回クリアしよう","61154002"
"10155","10155101","1","0","9012","2024/10/16 12:00:00","601","61155001","0","6008","0","2024/10/25 14:59:59","放たれし暴魔・アルゲースに1回挑戦しよう（EXを除く） ","61155001"
"10155","10155102","10","0","9004","2024/10/16 12:00:00","601","61155002","0","6004","0","2024/10/25 14:59:59","イベントクエストを10回クリアしよう","61155002"
"10156","10156101","1","0","9012","2024/10/31 12:00:00","601","61156001","0","6008","0","2024/11/18 14:59:59","ハイパー・ダッシュジョーに1回挑戦しよう（EX・EX＋を除く）","61156001"
"10156","10156102","10","0","9004","2024/10/31 12:00:00","601","61156002","0","6004","0","2024/11/18 14:59:59","イベントクエストを10回クリアしよう","61156002"
"10157","10157101","1","0","9012","2024/11/16 12:00:00","601","61157001","0","6008","0","2024/11/25 14:59:59","カリドに1回挑戦しよう（EXを除く） ","61157001"
"10157","10157102","10","0","9004","2024/11/16 12:00:00","601","61157002","0","6004","0","2024/11/25 14:59:59","イベントクエストを10回クリアしよう","61157002"
"10158","10158101","1","0","9012","2024/11/30 12:00:00","601","61158001","0","6008","0","2024/12/18 14:59:59","ゴーストキッド・ベロリーに1回挑戦しよう（EX・EX＋を除く）","61158001"
"10158","10158102","10","0","9004","2024/11/30 12:00:00","601","61158002","0","6004","0","2024/12/18 14:59:59","イベントクエストを10回クリアしよう","61158002"
"10159","10159101","1","0","9012","2024/12/16 12:00:00","601","61159001","0","6008","0","2024/12/25 14:59:59","ミソラに1回挑戦しよう（EXを除く） ","61159001"
"10159","10159102","10","0","9004","2024/12/16 12:00:00","601","61159002","0","6004","0","2024/12/25 14:59:59","イベントクエストを10回クリアしよう","61159002"
"10160","10160101","1","0","9012","2024/12/31 12:00:00","601","61160001","0","6008","0","2025/01/18 14:59:59","呪縛の大蛇・メドゥシアナに1回挑戦しよう（EX・EX＋を除く）","61160001"
"10160","10160102","10","0","9004","2024/12/31 12:00:00","601","61160002","0","6004","0","2025/01/18 14:59:59","イベントクエストを10回クリアしよう","61160002"
"10161","10161101","1","0","9012","2025/01/16 12:00:00","601","61161001","0","6008","0","2025/01/25 14:59:59","バジリスク・アロスに1回挑戦しよう（EXを除く） ","61161001"
"10161","10161102","10","0","9004","2025/01/16 12:00:00","601","61161002","0","6004","0","2025/01/25 14:59:59","イベントクエストを10回クリアしよう","61161002"
"10163","10163101","1","0","9012","2025/02/16 12:00:00","601","61163001","0","6008","0","2025/02/25 14:59:59","メテオ・イン・ドリームに1回挑戦しよう（EXを除く） ","61163001"
"10163","10163102","10","0","9004","2025/02/16 12:00:00","601","61163002","0","6004","0","2025/02/25 14:59:59","イベントクエストを10回クリアしよう","61163002"
"10164","10164101","1","0","9012","2025/03/10 12:00:00","601","61164001","0","6008","0","2025/03/26 14:59:59","【前編】ボスに1回挑戦しよう（前後編のEXを除く）","61164001"
"10164","10164102","10","0","9021","2025/03/10 12:00:00","601","61164002","0","6004","0","2025/03/26 14:59:59","【前編】イベントクエストを10回クリアしよう（前後編共通）","61164002"
"10164","10165101","1","0","9012","2025/03/15 12:00:00","601","61165001","0","6008","0","2025/03/26 14:59:59","【後編】ボスに1回挑戦しよう（前後編のEXを除く）","61165001"
"10164","10165102","10","0","9004","2025/03/15 12:00:00","601","61165002","0","6004","0","2025/03/26 14:59:59","【後編】イベントクエストを10回クリアしよう（前後編共通）","61165002"
"10166","10166101","1","0","9012","2025/04/16 12:00:00","601","61166001","0","6008","0","2025/04/25 14:59:59","奈落の聖女トミヱに1回挑戦しよう（EXを除く）","61166001"
"10166","10166102","10","0","9004","2025/04/16 12:00:00","601","61166002","0","6004","0","2025/04/25 14:59:59","イベントクエストを10回クリアしよう","61166002"
"10167","10167101","1","0","9012","2025/05/16 12:00:00","601","61167001","0","6008","0","2025/05/25 14:59:59","剛雷獣・ライガホーンに1回挑戦しよう（EXを除く）","61167001"
"10167","10167102","10","0","9004","2025/05/16 12:00:00","601","61167002","0","6004","0","2025/05/25 14:59:59","イベントクエストを10回クリアしよう","61167002"
"10168","10168101","1","0","9012","2025/06/17 12:00:00","601","61168001","0","6008","0","2025/06/26 14:59:59","魔物植物・モベルベに1回挑戦しよう（EXを除く）","61168001"
"10168","10168102","10","0","9004","2025/06/17 12:00:00","601","61168002","0","6004","0","2025/06/26 14:59:59","イベントクエストを10回クリアしよう","61168002"
"10169","10169101","1","0","9012","2025/07/16 12:00:00","601","61169001","0","6008","0","2025/07/25 14:59:59","捲土重来・ジーノに1回挑戦しよう（EXを除く）","61169001"
"10169","10169102","10","0","9004","2025/07/16 12:00:00","601","61169002","0","6004","0","2025/07/25 14:59:59","イベントクエストを10回クリアしよう","61169002"
"10170","10170101","1","0","9012","2025/08/16 12:00:00","601","61170001","0","6008","0","2025/08/25 14:59:59","真夏のバーサークスライムに1回挑戦しよう（EXを除く）","61170001"
"10170","10170102","10","0","9004","2025/08/16 12:00:00","601","61170002","0","6004","0","2025/08/25 14:59:59","イベントクエストを10回クリアしよう","61170002"
"10171","10171101","1","0","9012","2025/09/17 12:00:00","601","61171001","0","6008","0","2025/09/26 14:59:59","カオス・ジェネレーターに1回挑戦しよう（EXを除く）","61171001"
"10171","10171102","10","0","9004","2025/09/17 12:00:00","601","61171002","0","6004","0","2025/09/26 14:59:59","イベントクエストを10回クリアしよう","61171002"
"10172","10172101","1","0","9012","2025/10/10 12:00:00","601","61172001","0","6008","0","2025/10/24 20:59:59","記憶喰い・シロクジラに1回挑戦しよう（EXを除く）","61172001"
"10172","10172102","10","0","9004","2025/10/10 12:00:00","601","61172002","0","6004","0","2025/10/24 20:59:59","イベントクエストを10回クリアしよう","61172002"
"10173","10173101","1","0","9012","2025/11/15 12:00:00","601","61173001","0","6008","0","2025/11/24 14:59:59","ヴェノム・ヒュドラに1回挑戦しよう（EXを除く）","61173001"
"10173","10173102","10","0","9004","2025/11/15 12:00:00","601","61173002","0","6004","0","2025/11/24 14:59:59","イベントクエストを10回クリアしよう","61173002"
"10174","10174101","1","0","9012","2025/12/10 12:00:00","601","61174001","0","6008","0","2025/12/22 14:59:59","ボスに1回挑戦しよう（前後編のEXを除く）","61174001"
"10174","10174102","10","0","9021","2025/12/10 12:00:00","601","61174002","0","6004","0","2025/12/22 14:59:59","イベントクエストを10回クリアしよう（前後編共通）","61174002"
"10176","10176101","1","0","9012","2026/01/16 12:00:00","601","61176001","0","6008","0","2026/01/25 14:59:59","ハイパー・ダッシュジョーに1回挑戦しよう（EXを除く）","61176001"
"10176","10176102","10","0","9004","2026/01/16 12:00:00","601","61176002","0","6004","0","2026/01/25 14:59:59","イベントクエストを10回クリアしよう","61176002"
"10177","10177101","1","0","9012","2026/02/16 12:00:00","601","61177001","0","6008","0","2026/02/25 14:59:59","ゴーストキッド・ベロリーに1回挑戦しよう（EXを除く）","61177001"
"10177","10177102","10","0","9004","2026/02/16 12:00:00","601","61177002","0","6004","0","2026/02/25 14:59:59","イベントクエストを10回クリアしよう","61177002"
"10178","10178101","1","0","9012","2026/03/17 12:00:00","601","61178001","0","6008","0","2026/03/26 14:59:59","呪縛の大蛇・メドゥシアナに1回挑戦しよう（EXを除く）","61178001"
"10178","10178102","10","0","9004","2026/03/17 12:00:00","601","61178002","0","6004","0","2026/03/26 14:59:59","イベントクエストを10回クリアしよう","61178002"