e7a51150f86589c5d5ab0814cd3251f62c4093163a0f7c4403a68a2be29c28ce,dd0e5d6c204be8fe7df9835923bc765d219b9aa32ec73b3f672026b9199714e1,190438667c1e0710833760985361b5bd838cf27509084377bd4d3396f8888ace,ae3e830d394965ab28e4fee100fe23df9787d5e0c851d3bb87e14cb28cb74d0b,ac3bb31751b2a5d87a232e3e19613805747e352f40ee7d0c56ce5b48037ef7b7,cbfad4a688983af19119f929181111b12362f54233d726ff100ebf65dc63044d,a2b596af1f9a7386a5fb647330413e1a4e62c2f76b935a34f8f625b10cbcf258,aaf18c74c93fc8c5ebce6bd8ca70efc727ef5d7e047b9d4d0036c9dbd2203960,64996e2571ae55be8feffa4cd2a3506b7bff81f153e4ad8128c2f17583885fac,8876540525a3650113f4cd468e3a194e35eb181188b85097d400850445e4f22a,805de2e81a0506c7e325f9b42ccbba00fcbb583e5aa398a5dac4b38ef2ff726e,c3e6c0191f81e95bb5d8aed9fa07b83c3bad070023233551c7d39a156f467640,f5a6f87e58bf5bda998117dd4e3e41bb6f951983e2ccd05940dd8294704f0e15
"ろすとぷりんせす","1","20","","%E3%83%97%E3%83%AA%E3%83%B3%E3%82%BB%E3%82%B9%E3%82%B3%E3%83%8D%E3%82%AF%E3%83%88-re-dive-priconne-character-song-01/1361481742?app=itunes","-1","1","-1","Lost Princess","","","2018-10-18 15:00:00","A2001197329/"
"こねくてぃんぐはっぴー","2","17","","%E3%83%97%E3%83%AA%E3%83%B3%E3%82%BB%E3%82%B9%E3%82%B3%E3%83%8D%E3%82%AF%E3%83%88-re-dive-priconne-character-song-02/1361483195?app=itunes","-1","2","-1","Connecting Happy！！","","","2018-10-18 15:00:00","A2001197334/"
"たびのはじまり","3","20","","","-1","3","1000","旅の始まり","","","2018-10-18 15:00:00",""
"もりをかけるかぜ","4","20","","","-1","4","1000","森を駆ける風","","","2018-10-18 15:00:00",""
"めさるてぃむ","5","20","","","-1","5","1000","メサルティム","","","2018-10-18 15:00:00",""
"はつねのぷれぜんとだいさくせん","6","20","","","-1","6","1000","ハツネのプレゼント大作戦","","","2018-10-18 15:00:00",""
"じず","7","20","","","-1","7","1000","ジズ","","","2018-10-18 15:00:00",""
"すまいりーこんとらすと","8","20","","%E3%83%97%E3%83%AA%E3%83%B3%E3%82%BB%E3%82%B9%E3%82%B3%E3%83%8D%E3%82%AF%E3%83%88-re-dive-priconne-character-song-04/1411112401?app=itunes","-1","8","1500","Smiley Contrast","","","2018-10-18 15:00:00","A2001305115/"
"みのたうろす","9","20","","","-1","9","1000","ミノタウロス","","","2018-10-18 15:00:00",""
"りとるりりかるあどべんちゃーず","10","20","","","-1","10","1000","リトル・リリカル・アドベンチャーズ","","","2018-10-18 15:00:00",""
"あるま","11","20","","","-1","11","1000","アルマ","","","2018-10-18 15:00:00",""
"りとるあどべんちゃー","12","18","","%E3%83%97%E3%83%AA%E3%83%B3%E3%82%BB%E3%82%B9%E3%82%B3%E3%83%8D%E3%82%AF%E3%83%88-re-dive-priconne-character-song-05/1436280052?app=itunes","-1","12","1500","リトルアドベンチャー","","","2018-10-18 15:00:00","A2001336697/"
"ぐらっとん","13","20","","","-1","13","1000","グラットン","","","2018-10-18 15:00:00",""
"とりっくおあぷりんやくそくのはろうぃんぱーてぃー","14","20","","","-1","14","1000","トリックオアプリン！約束のハロウィンパーティー","","","2018-10-18 15:00:00",""
"じゃっくおーぷりん","15","17","","","-1","15","1000","ジャック・オー・プリン","","","2018-10-18 15:00:00",""
"もっとふたりのぱーてぃーないと","16","20","","%E3%83%97%E3%83%AA%E3%83%B3%E3%82%BB%E3%82%B9%E3%82%B3%E3%83%8D%E3%82%AF%E3%83%88-re-dive-priconne-character-song-07/1450772144?app=itunes","-1","16","1500","もっと！ふたりのパ～ティ～ナイト","","","2018-10-18 15:00:00","A2001411119/"
"かがようこおりのけっしょう","17","20","","","-1","17","1000","耀う氷の結晶","","","2018-10-18 15:00:00",""
"しゃいにんぐふゅーちゃー","18","20","","%E3%83%97%E3%83%AA%E3%83%B3%E3%82%BB%E3%82%B9%E3%82%B3%E3%83%8D%E3%82%AF%E3%83%88-re-dive-priconne-character-song-03/1386518679?app=itunes","3010003","18","1500","Shining Future","","","2018-11-19 15:00:00","A2001253711/"
"かぜへのちかい","19","20","","%E3%83%97%E3%83%AA%E3%83%B3%E3%82%BB%E3%82%B9%E3%82%B3%E3%83%8D%E3%82%AF%E3%83%88-re-dive-priconne-character-song-03/1386518679?app=itunes","3010003","19","1500","風への誓い","","","2018-11-19 15:00:00","A2001253711/"
"きみのえがおがみたいから","20","18","","%E3%83%97%E3%83%AA%E3%83%B3%E3%82%BB%E3%82%B9%E3%82%B3%E3%83%8D%E3%82%AF%E3%83%88-re-dive-priconne-character-song-04/1411112401?app=itunes","3010003","20","1500","君の笑顔が見たいから","","","2018-11-19 15:00:00","A2001305115/"
"あまのじゃくはーと","21","18","","%E3%83%97%E3%83%AA%E3%83%B3%E3%82%BB%E3%82%B9%E3%82%B3%E3%83%8D%E3%82%AF%E3%83%88-re-dive-priconne-character-song-05/1436280052?app=itunes","1054007","21","1500","アマノジャクハート！","","","2018-11-19 15:00:00","A2001336697/"
"ふおんなくうきとたちむかうとうし","22","20","","","-1","22","1000","不穏な空気と立ち向かう闘志","","","2018-11-19 15:00:00",""
"ついんぴっぐす","23","20","","","-1","23","1000","ツインピッグス","","","2018-11-19 15:00:00",""
"ヴぁんぱいあはんたーうぃずいりや","24","20","","","-1","24","1000","ヴァンパイアハンターwithイリヤ","","","2018-11-19 15:00:00",""
"がるぐ","25","20","","","-1","25","1000","ガルグ","","","2018-11-19 15:00:00",""
"ぴーすふるちゃんぷるー","26","20","","%E3%83%97%E3%83%AA%E3%83%B3%E3%82%BB%E3%82%B9%E3%82%B3%E3%83%8D%E3%82%AF%E3%83%88-re-dive-priconne-character-song-09/1474199447?app=itunes","-1","26","1500","Peaceful*ちゃんぷるー","","","2018-11-19 15:00:00","A2001552686/"
"れさとぱると","27","20","","","-1","27","1000","レサトパルト","","","2018-11-19 15:00:00",""
"とわいらいとぶれいかーず","28","20","","","-1","28","1000","トワイライトブレイカーズ","","","2018-11-19 15:00:00",""
"おらむ","29","20","","","-1","29","1000","オラム","","","2018-11-19 15:00:00",""
"さいつよでしょでしょ","30","20","","%E3%83%97%E3%83%AA%E3%83%B3%E3%82%BB%E3%82%B9%E3%82%B3%E3%83%8D%E3%82%AF%E3%83%88-re-dive-priconne-character-song-08/1465192235?app=itunes","-1","30","1500","サイツヨでしょ、でしょ？","","","2018-11-19 15:00:00","A2001502066/"
"ひょうかいのち","31","20","","","-1","31","1000","氷海の地","","","2018-11-19 15:00:00",""
"こおりとゆきのせかい","32","20","","","-1","32","1000","氷と雪の世界","","","2018-12-19 15:00:00",""
"さわやかなかぜ","33","20","","","-1","33","1000","爽やかな風","","","2018-12-19 15:00:00",""
"かるきのす","34","20","","","-1","34","1000","カルキノス","","","2018-12-19 15:00:00",""
"でんじゃらすばかんすなぎさのぐるめぷりんせす","35","20","","","-1","35","1000","デンジャラスバカンス！渚のグルメプリンセス","","","2018-12-19 15:00:00",""
"てんたぱす","36","20","","","-1","36","1000","テンタパス","","","2018-12-19 15:00:00",""
"えがおのまいほーむ","37","20","","%E3%83%97%E3%83%AA%E3%83%B3%E3%82%BB%E3%82%B9%E3%82%B3%E3%83%8D%E3%82%AF%E3%83%88-re-dive-priconne-character-song-02/1361483195?app=itunes","-1","37","1500","えがおのマイホーム","","","2018-12-19 15:00:00","A2001197334/"
"さじたりうす","38","20","","","-1","38","1000","サジタリウス","","","2018-12-19 15:00:00",""
"ぼうきゃくのきゃろる","39","20","","","-1","39","1000","忘却のキャロル","","","2018-12-19 15:00:00",""
"ふぉぎー","40","20","","","-1","40","1000","フォギー","","","2018-12-19 15:00:00",""
"でぃんどんほーりーないと","41","20","","%E3%83%97%E3%83%AA%E3%83%B3%E3%82%BB%E3%82%B9%E3%82%B3%E3%83%8D%E3%82%AF%E3%83%88-re-dive-priconne-character-song-07/1450772144?app=itunes","-1","41","1500","Ding Dong Holy Night♪","","","2018-12-19 15:00:00","A2001411119/"
"けわしきかんこうげん","42","20","","","-1","42","1000","険しき乾荒原","","","2019-01-18 15:00:00",""
"おるれおん","43","20","","","-1","43","1000","オルレオン","","","2019-01-18 15:00:00",""
"たまきとみふゆのむじんとうぜろるぴせいかつ","44","20","","","-1","44","1000","タマキとミフユの無人島0ルピ生活","","","2019-01-18 15:00:00",""
"しまくじら","45","20","","","-1","45","1000","島クジラ","","","2019-01-18 15:00:00",""
"きんきらはぴねす","46","18","","%E3%83%97%E3%83%AA%E3%83%B3%E3%82%BB%E3%82%B9%E3%82%B3%E3%83%8D%E3%82%AF%E3%83%88-re-dive-priconne-character-song-06/1444266694?app=itunes","-1","46","1500","キンキラ☆ハピネス！","","","2019-01-18 15:00:00","A2001372582/"
"あらたなふなで","47","20","","","-1","47","1000","新たな船出","","","2019-01-18 15:00:00",""
"あるげてぃ","48","20","","","-1","48","1000","アルゲティ","","","2019-01-18 15:00:00",""
"しんしゅんとぅいんくるくらいしす","49","20","","","-1","49","1000","新春トゥインクルクライシス！","","","2019-01-18 15:00:00",""
"じゃへいしんがみぃ","50","20","","","-1","50","1000","邪餅神ガミィ","","","2019-01-18 15:00:00",""
"とぅいんくるすたーず","51","20","","%E3%83%97%E3%83%AA%E3%83%B3%E3%82%BB%E3%82%B9%E3%82%B3%E3%83%8D%E3%82%AF%E3%83%88-re-dive-priconne-character-song-10/1483895284?app=itunes","-1","51","1500","TwinkleStars","","","2019-01-18 15:00:00","A2001612987/"
"こくねつのさばく","52","20","","","-1","52","1000","酷熱の砂漠","","","2019-02-15 15:00:00",""
"めでゅーさ","53","20","","","-1","53","1000","メデューサ","","","2019-02-15 15:00:00",""
"くろがねのないとめあ","54","20","","","-1","54","1000","黒鉄の亡霊（ナイトメア）","","","2019-02-15 15:00:00",""
"りびんぐめいる","55","20","","","-1","55","1000","リビングメイル","","","2019-02-15 15:00:00",""
"あるーふねすこーど","56","20","","%E3%83%97%E3%83%AA%E3%83%B3%E3%82%BB%E3%82%B9%E3%82%B3%E3%83%8D%E3%82%AF%E3%83%88-re-dive-priconne-character-song-06/1444266694?app=itunes","-1","56","1500","Aloofness Code","","","2019-02-15 15:00:00","A2001372582/"
"あぶそりゅーとしーくれっと","57","20","","%E3%83%97%E3%83%AA%E3%83%B3%E3%82%BB%E3%82%B9%E3%82%B3%E3%83%8D%E3%82%AF%E3%83%88-re-dive-lost-princess-%E3%82%88%E3%81%86%E3%81%93%E3%81%9D%E7%BE%8E%E9%A3%9F%E6%AE%BF%E3%81%B8/1458052782?app=itunes","2008015","57","1500","Absolute Secret","","","2019-02-15 15:00:00","A2001452543/"
"あくありおす","58","20","","","-1","58","1000","アクアリオス","","","2019-02-15 15:00:00",""
"ばとるおぶばれんたいんおもいぶつかるすうぃーとばとる","59","20","","","-1","59","1000","バトルオブバレンタイン！想いぶつかるスウィートバトル","","","2019-02-15 15:00:00",""
"あぐりーらぶりー","60","20","","","-1","60","1000","アグリーラブリー","","","2019-02-15 15:00:00",""
"すーぱーちょこれーと","61","20","","%E3%83%97%E3%83%AA%E3%83%B3%E3%82%BB%E3%82%B9%E3%82%B3%E3%83%8D%E3%82%AF%E3%83%88-re-dive-priconne-character-song-08/1465192235?app=itunes","-1","61","1500","SUPER CHOCOLATE","","","2019-02-15 15:00:00","A2001502066/"
"さかいのなかのおあしす","62","20","","","-1","62","1000","砂海の中のオアシス","","","2019-03-19 15:00:00",""
"ふしぎなもり","63","20","","","-1","63","1000","不思議な森","","","2019-03-19 15:00:00",""
"とるぺどん","64","20","","","-1","64","1000","トルペドン","","","2019-03-19 15:00:00",""
"おうとのめいたんていなげきのすとーかー","65","20","","","-1","65","1000","王都の名探偵　嘆きの追跡者（ストーカー）","","","2019-03-19 15:00:00",""
"なげきのめがみ","66","20","","","-1","66","1000","嘆きの女神","","","2019-03-19 15:00:00",""
"みかいけつなおもい","67","20","","%E3%83%97%E3%83%AA%E3%83%B3%E3%82%BB%E3%82%B9%E3%82%B3%E3%83%8D%E3%82%AF%E3%83%88-re-dive-priconne-character-song-09/1474199447?app=itunes","-1","67","1500","未解決な想い","","","2019-03-19 15:00:00","A2001552686/"
"ろぼりまらいしゅうおうとめつぼうまでのかうんとだうん","68","20","","","-1","68","1000","ロボリマ来襲！王都滅亡までのカウントダウン","","","2019-04-19 15:00:00",""
"ろぼりま","69","20","","","-1","69","1000","ロボリマ","","","2019-04-19 15:00:00",""
"ろぼりましゅうえん","70","20","","","-1","70","1000","ロボリマ~終焉~","","","2019-04-19 15:00:00",""
"あすとるむにさくそうりんのはな","71","20","","","-1","71","1000","アストルムに咲く双輪の華","","","2019-04-19 15:00:00",""
"こあぎがーす","72","20","","","-1","72","1000","コア・ギガース","","","2019-04-19 15:00:00",""
"くろっしんぐでぃすてぃにー","73","20","","","-1","73","1500","Crossing Destiny","","","2019-04-19 15:00:00",""
"がんほうにひそむもの","74","20","","","-1","74","1000","岩峰に潜むもの","","","2019-05-17 15:00:00",""
"しょーぐんどうちゅうきはくよくのさむらい","75","20","","","-1","75","1000","ショーグン道中記　白翼のサムライ","","","2019-05-17 15:00:00",""
"あくだいかん","76","20","","","-1","76","1000","アクダイカン","","","2019-05-17 15:00:00",""
"はくよくのぐろーりえ","77","20","","%E3%83%97%E3%83%AA%E3%83%B3%E3%82%BB%E3%82%B9%E3%82%B3%E3%83%8D%E3%82%AF%E3%83%88-re-dive-priconne-character-song-10/1483895284?app=itunes","-1","77","1500","白翼のグローリエ","","","2019-05-17 15:00:00","A2001612987/"
"かざんのふもと","78","20","","","-1","78","1000","火山の麓","","","2019-06-18 15:00:00",""
"げんれつなるあれち","79","20","","","-1","79","1000","厳烈なる荒地","","","2019-06-18 15:00:00",""
"たいだのきょうじん","80","20","","","-1","80","1000","怠惰の狂人","","","2019-06-18 15:00:00",""
"つづみのおとひびくもり","81","20","","","-1","81","1000","鼓の音響く森","","","2019-07-18 15:00:00",""
"すずなれいんぼーすてーじ","82","20","","","-1","82","1000","スズナレインボーステージ！","","","2019-07-18 15:00:00",""
"あまがみさま","83","20","","","-1","83","1000","雨神様","","","2019-07-18 15:00:00",""
"せのびふぁーすときす","84","20","","%E3%83%97%E3%83%AA%E3%83%B3%E3%82%BB%E3%82%B9%E3%82%B3%E3%83%8D%E3%82%AF%E3%83%88-re-dive-priconne-character-song-11/1488880119?app=itunes","-1","84","1500","背伸びFirst Kiss","","","2019-07-18 15:00:00","A2001629618/"
"おにいちゃんそうだつしずるのおてつだい","85","20","","","-1","85","1000","お兄ちゃん争奪！　シズルのお手伝い","","","2019-08-15 15:00:00",""
"おにいちゃんそうだつえりこのおてつだい","86","20","","","-1","86","1000","お兄ちゃん争奪！　エリコのお手伝い","","","2019-08-15 15:00:00",""
"まなつのまほまほおうこくなみうちぎわのそうるさまー","87","20","","","-1","87","1000","真夏のマホマホ王国 波打ち際のソウルサマー！","","","2019-08-15 15:00:00",""
"まじむん","88","20","","","-1","88","1000","マジムン","","","2019-08-15 15:00:00",""
"うぃーあーごーるでん","89","20","","%E3%83%97%E3%83%AA%E3%83%B3%E3%82%BB%E3%82%B9%E3%82%B3%E3%83%8D%E3%82%AF%E3%83%88-re-dive-priconne-character-song-11/1488880119?app=itunes","-1","89","1500","We Are Golden","","","2019-08-15 15:00:00","A2001629618/"
"くうかだいかいてん","90","20","","","-1","90","1000","クウカ大回転","","","2019-09-16 15:00:00",""
"もりのぼっちとせいなるがくしゃのりせえんぬ","91","20","","","-1","91","1000","森の臆病者と聖なる学舎の異端児","","","2019-09-16 15:00:00",""
"おおどくまんどらごら","92","20","","","-1","92","1000","オオドクマンドラゴラ","","","2019-09-16 15:00:00",""
"なかよしせんせーしょん","93","20","","%E3%83%97%E3%83%AA%E3%83%B3%E3%82%BB%E3%82%B9%E3%82%B3%E3%83%8D%E3%82%AF%E3%83%88-re-dive-priconne-character-song-12/1491288056?app=itunes","-1","93","1500","なかよしセンセーション","","","2019-09-16 15:00:00","A2001640446/"
"ふおんのねをふみこえて","94","20","","","-1","94","1000","不穏の根を踏み越えて","","","2019-10-16 15:00:00",""
"かおりのまぶいしきからてどうじょう","95","20","","","-1","95","1000","カオリのマブイ式空手道場","","","2019-10-16 15:00:00",""
"りとるぶれいぶはろうぃんないと","96","20","","","-1","96","1000","リトル・ブレイブ・ハロウィンナイト！","","","2019-10-16 15:00:00",""
"ふぁんとむばろん","97","20","","","-1","97","1000","ファントムバロン","","","2019-10-16 15:00:00",""
"とりっくほりっく","98","20","","%E3%83%97%E3%83%AA%E3%83%B3%E3%82%BB%E3%82%B9%E3%82%B3%E3%83%8D%E3%82%AF%E3%83%88-re-dive-priconne-character-song-12/1491288056?app=itunes","-1","98","1500","トリックホリック","","","2019-10-16 15:00:00","A2001640446/"
"ぬかるむもりのさきへ","94","20","","","-1","99","1000","泥濘む森の先へ","","","2019-11-15 15:00:00",""
"だいげきせんしりとりどらごんず","95","20","","","-1","100","1000","大激戦！しりとりドラゴンズ","","","2019-11-15 15:00:00",""
"どらごんえくすぷろーらーず","96","20","","","-1","101","1000","ドラゴンエクスプローラーズ","","","2019-11-15 15:00:00",""
"どらごんもどき","97","20","","","-1","102","1000","ドラゴンもどき","","","2019-11-15 15:00:00",""
"いんふれいむず","98","20","","%E3%83%97%E3%83%AA%E3%83%B3%E3%82%BB%E3%82%B9%E3%82%B3%E3%83%8D%E3%82%AF%E3%83%88-re-dive-priconne-character-song-14/1509394849?app=itunes","-1","103","1500","in flames","","","2019-11-15 15:00:00","A2001716909/"
"あらたなるちからへのちょうせん","104","20","","","-1","104","1000","新たなる力への試練","","","2019-12-20 15:00:00",""
"ぷれぜんとぱにっくらんどそるのさんたたち","105","20","","","-1","105","1000","プレゼントパニック！　ランドソルのサンタたち","","","2019-12-20 15:00:00",""
"となかいヴぇんでった","106","20","","","-1","106","1000","トナカイ・ヴェンデッタ","","","2019-12-20 15:00:00",""
"こーるみーだーりん","107","20","","%E3%83%97%E3%83%AA%E3%83%B3%E3%82%BB%E3%82%B9%E3%82%B3%E3%83%8D%E3%82%AF%E3%83%88-re-dive-priconne-character-song-14/1509394849?app=itunes","-1","107","1500","Call Me Darling！","","","2019-12-20 15:00:00","A2001716909/"
"おうとしゅうまつけっせん","108","20","","","2015007","108","1000","王都終末決戦","","","2020-01-16 15:00:00",""
"こうていにつかえししもべとのたたかい","109","20","","","2015007","109","1000","皇帝に仕えし僕との戦い","","","2020-01-16 15:00:00",""
"かみたるものとのけっせん","110","20","","","2015007","110","1000","神たる者との決戦","","","2020-01-16 15:00:00",""
"げきそうらんどそるぎるどれーす","111","20","","","-1","111","1000","激走！　ランドソルギルドレース","","","2020-01-16 15:00:00",""
"やまがみさま","112","20","","","-1","112","1000","山神様","","","2020-01-16 15:00:00",""
"さいこうすたーとだっしゅ","113","20","","%E3%83%97%E3%83%AA%E3%83%B3%E3%82%BB%E3%82%B9%E3%82%B3%E3%83%8D%E3%82%AF%E3%83%88-re-dive-priconne-character-song-15/1515061876?app=itunes","-1","113","1500","SAI＊KOUスタートダッシュ","","","2020-01-16 15:00:00","A2001734667/"
"たいかいをのぞんで","114","20","","","-1","114","1000","大海を望んで","","","2020-01-16 15:00:00",""
"まほうしょうじょふたりはみすてぃあんどぴゅありー","115","20","","","-1","115","1000","魔法少女　二人はミスティ＆ピュアリー","","","2020-02-15 15:00:00",""
"あんちびーすと","116","20","","","-1","116","1000","アンチビースト","","","2020-02-15 15:00:00",""
"こもれびもんたーじゅ","117","20","","%E3%83%97%E3%83%AA%E3%83%B3%E3%82%BB%E3%82%B9%E3%82%B3%E3%83%8D%E3%82%AF%E3%83%88-re-dive-priconne-character-song-15/1515061876?app=itunes","-1","117","1500","木もれびモンタージュ","","","2020-02-15 15:00:00","A2001734667/"
"あいどるをめざして","118","20","","","-1","118","1000","アイドルを目指して！","","","2020-03-13 15:00:00",""
"おもいでのあしあと","119","20","","","-1","119","1000","思い出の足跡","","","2020-03-13 15:00:00",""
"ぷりんせすないと","120","20","","","-1","120","1000","プリンセスナイト","","","2020-03-13 15:00:00",""
"さずけのえんじぇるとせいなるがくしゃのりせえんぬ","121","20","","","-1","121","1000","授けの財団と聖なる学舎の異端児","","","2020-04-15 15:00:00",""
"なかよしえっくす","122","20","","","-1","122","1000","なかよしＸ","","","2020-04-15 15:00:00",""
"せいしゅんすぴなー","123","20","","https://music.apple.com/jp/album/%E3%83%97%E3%83%AA%E3%83%B3%E3%82%BB%E3%82%B9%E3%82%B3%E3%83%8D%E3%82%AF%E3%83%88-re-dive-priconne-character-song-16/1518961426?app=itunes","-1","123","1500","青春スピナー","","","2020-04-15 15:00:00","A2001772609/"
"みつりんのかげにまつは","124","20","","","-1","124","1000","密林の影に待つは","","","2020-04-15 15:00:00",""
"みらーじゅげーむ","125","20","","%E3%83%97%E3%83%AA%E3%83%B3%E3%82%BB%E3%82%B9%E3%82%B3%E3%83%8D%E3%82%AF%E3%83%88-re-dive-priconne-character-song-13-ep/1503292819?app=itunes","2101001","125","1500","Mirage Game","","","2020-04-15 15:00:00","A2001693583/"
"いえすぷれしゃすはーもにー","126","20","","%E3%83%97%E3%83%AA%E3%83%B3%E3%82%BB%E3%82%B9%E3%82%B3%E3%83%8D%E3%82%AF%E3%83%88-re-dive-priconne-character-song-13-ep/1503292819?app=itunes","2101014","126","1500","Yes！ Precious Harmony！","","","2020-04-15 15:00:00","A2001693583/"
"ちゅうちゅうぱにっくちーずおまもりだいさくせん","127","20","","","-1","127","1000","チュウチュウパニック！　チーズお守り大作戦！","","","2020-05-15 15:00:00",""
"まきばのよんのうしびんぼうぼくじょうふんとうき","128","20","","","-1","128","1000","まきばの四農士　貧乏牧場奮闘記！","","","2020-05-15 15:00:00",""
"しのびのとうりょうはんぞう","129","20","","","-1","129","1000","忍びの頭領ハンゾウ","","","2020-05-15 15:00:00",""
"はーとふるぷれいす","130","20","","https://music.apple.com/jp/album/%E3%83%97%E3%83%AA%E3%83%B3%E3%82%BB%E3%82%B9%E3%82%B3%E3%83%8D%E3%82%AF%E3%83%88-re-dive-priconne-character-song-16/1518961426?app=itunes","-1","130","1500","Heartful Place","","","2020-05-15 15:00:00","A2001772609/"
"ふしぎのくにのにのちいさなありすときぼうのえほん","131","20","","","-1","131","1000","不思議の国のリノ　小さなアリスと希望の絵本","","","2020-06-17 15:00:00",""
"くろのおうじゃばうぉっく","132","20","","","-1","132","1000","黒の王ジャバウォック","","","2020-06-17 15:00:00",""
"ふぇありーているはゆめのなか","133","20","","https://music.apple.com/jp/album/%E3%83%97%E3%83%AA%E3%83%B3%E3%82%BB%E3%82%B9%E3%82%B3%E3%83%8D%E3%82%AF%E3%83%88-re-dive-priconne-character-song-17-ep/1528301186?app=itunes","-1","133","1500","フェアリーテイルは夢の中","","","2020-06-17 15:00:00","A2001823541/"
"ゆうゆうたるもり","134","20","","","-1","134","1000","幽幽たる森","","","2020-06-17 15:00:00",""
"たなばたけんきゃくりょじょうたんてんにながれるなつのこい","135","20","","","-1","135","1000","七夕剣客旅情譚　天に流れる夏の恋","","","2020-07-15 15:00:00",""
"かくせいうわきぼし","136","20","","","-1","136","1000","覚醒・浮気星","","","2020-07-15 15:00:00",""
"たそがれたいへいたびじうた","137","20","","https://music.apple.com/jp/album/%E3%83%97%E3%83%AA%E3%83%B3%E3%82%BB%E3%82%B9%E3%82%B3%E3%83%8D%E3%82%AF%E3%83%88-re-dive-priconne-character-song-17-ep/1528301186?app=itunes","-1","137","1500","黄昏太平旅路唄","","","2020-07-15 15:00:00","A2001823541/"
"みさとさまーえーるゆめおうまなつのないん","138","20","","","-1","138","1000","ミサトサマーエール！　夢追う真夏のナイン","","","2020-08-15 15:00:00",""
"なぎさのぼうくんさめきち","139","20","","","-1","139","1000","渚の暴君・鮫吉","","","2020-08-15 15:00:00",""
"もうくんだげきどうみさとのほーむらんどりる","140","20","","","-1","140","1000","猛訓打撃道！　ミサトのホームランドリル","","","2020-08-15 15:00:00",""
"めざせほーむらん","141","20","","","-1","141","1000","目指せホームラン！","","","2020-08-15 15:00:00",""
"ひとなつのおもいで","142","20","","","-1","142","1000","ひと夏の思い出","","","2020-08-15 15:00:00",""
"あのなつのめもりー","143","20","","https://music.apple.com/jp/album/%E3%83%97%E3%83%AA%E3%83%B3%E3%82%BB%E3%82%B9%E3%82%B3%E3%83%8D%E3%82%AF%E3%83%88-re-dive-priconne-character-song-18-ep/1536515990?app=itunes","-1","143","1500","あの夏のメモリー","","","2020-08-15 15:00:00","A2001871533/"
"きよらかなるかわおと","144","20","","","-1","144","1000","清らかなる川音","","","2020-08-15 15:00:00",""
"はっぴーちぇんじえんじぇるず","145","20","","","-1","145","1000","ハッピー・チェンジ・エンジェルズ","","","2020-09-19 15:00:00",""
"ぼうそうのいのせんとぼう","146","20","","","-1","146","1000","暴走のイノセントボウ","","","2020-09-19 15:00:00",""
"ねぇねぇぷりーず","147","20","","https://music.apple.com/jp/album/%E3%83%97%E3%83%AA%E3%83%B3%E3%82%BB%E3%82%B9%E3%82%B3%E3%83%8D%E3%82%AF%E3%83%88-re-dive-priconne-character-song-18-ep/1536515990?app=itunes","-1","147","1500","ねぇねぇPlease！","","","2020-09-19 15:00:00","A2001871533/"
"ひびけぜっきょうはろうぃんごーすとふぇすてぃばる","148","20","","","-1","148","1000","響け！絶叫！ハロウィンゴーストフェスティバル","","","2020-10-15 15:00:00",""
"きょうふのごーすとふぁーざー","149","20","","","-1","149","1000","叫怖のゴーストファーザー","","","2020-10-15 15:00:00",""
"ぱらどっくす","150","20","","https://music.apple.com/jp/album/%E3%83%97%E3%83%AA%E3%83%B3%E3%82%BB%E3%82%B9%E3%82%B3%E3%83%8D%E3%82%AF%E3%83%88-re-dive-priconne-character-song-19/1545283347?app=itunes","-1","150","1500","Paradox","","","2020-10-15 15:00:00","A2001927869/"
"まほうていとくらぶりーもにかれっつごーまじかるかるてっと","151","20","","","-1","151","1000","魔法提督ラブリー★モニカ　レッツゴー！マジカルカルテット！","","","2020-11-21 15:00:00",""
"あんちびーすとどえむ","152","20","","","-1","152","1000","アンチビースト de M","","","2020-11-21 15:00:00",""
"かがやけらぶりーどりーみー","153","20","","https://music.apple.com/jp/album/%E3%83%97%E3%83%AA%E3%83%B3%E3%82%BB%E3%82%B9%E3%82%B3%E3%83%8D%E3%82%AF%E3%83%88-re-dive-priconne-character-song-19/1545283347?app=itunes","-1","153","1500","輝け！ラブリー★ドリーミー","","","2020-11-21 15:00:00","A2001927869/"
"だんがいをこえさんろくをすすみ","154","20","","","-1","154","1000","断崖を超え　山麓を進み","","","2020-11-21 15:00:00",""
"でびゅたんとしゃんぐりらせいやのらぶげーむ","155","20","","","-1","155","1000","デビュタント・シャングリ・ラ　聖夜のラブゲーム","","","2020-12-21 15:00:00",""
"どみねいてっどすのーまん","156","20","","","-1","156","1000","ドミネイテッドスノーマン","","","2020-12-21 15:00:00",""
"ほーりーぱっしょんろーぜず","157","20","","https://music.apple.com/jp/album/princess-connect-re-dive-priconne-character-song-20/1554428411?app=itunes","-1","157","1500","Holy Passion Roses","","","2020-12-21 15:00:00","A2002026608/"
"しんしゅんぐるめぷりんせすいっとうにかけたおとめたち","158","20","","","-1","158","1000","新春グルメプリンセス！　一投にかけた乙女たち","","","2021-01-22 15:00:00",""
"ぐれーととぅんぬす","159","20","","","-1","159","1000","グレートトゥンヌス","","","2021-01-22 15:00:00",""
"ぶらんにゅーさんらいず","160","20","","https://music.apple.com/jp/album/princess-connect-re-dive-priconne-character-song-20/1554428411?app=itunes","-1","160","1500","Brand New Sunrise","","","2021-01-22 15:00:00","A2002026608/"
"かけがえのないにちじょう","161","20","","","-1","161","1000","かけがえのない日常","","","2021-02-15 15:00:00",""
"りべつとけつい","162","20","","","-1","162","1000","離別と決意","","","2021-02-15 15:00:00",""
"くろかぜのせいれい","163","20","","","-1","163","1000","黒風の精霊","","","2021-02-15 15:00:00",""
"こころおもい","164","20","","https://music.apple.com/jp/album/%E3%83%97%E3%83%AA%E3%83%B3%E3%82%BB%E3%82%B9%E3%82%B3%E3%83%8D%E3%82%AF%E3%83%88-re-dive-lost-princess-%E3%82%88%E3%81%86%E3%81%93%E3%81%9D%E7%BE%8E%E9%A3%9F%E6%AE%BF%E3%81%B8/1458052782?app=itunes","-1","164","1500","心想い ～ココロオモイ～","","","2021-02-15 15:00:00","A2001452543/"
"しんでれられっすんはなやかなるひびはりんごのあじ","165","20","","","-1","165","1000","シンデレラレッスン　華やかなる日々はリンゴの味","","","2021-03-16 15:00:00",""
"まもののひめ","166","20","","","-1","166","1000","魔物の姫","","","2021-03-16 15:00:00",""
"こいきらりまじっく","167","18","","https://music.apple.com/jp/album/princess-connect-re-dive-priconne-character-song-21/1566820975?app=itunes","-1","167","1500","恋キラリマジック☆彡","","","2021-03-16 15:00:00","A2002166099/"
"はがねのまりあとせいなるがくしゃのりせえんぬ","168","20","","","-1","168","1000","鋼の聖女と聖なる学舎の異端児","","","2021-04-15 15:00:00",""
"なもなきげいじゅつ","169","20","","","-1","169","1000","名もなき芸術","","","2021-04-15 15:00:00",""
"むてきどりーみんぐ","170","20","","https://music.apple.com/jp/album/princess-connect-re-dive-priconne-character-song-21/1566820975?app=itunes","-1","170","1500","無敵ドリーミング","","","2021-04-15 15:00:00","A2002166099/"
"いのりえすおーえすたいむとらべるどらごんず","171","20","","","-1","171","1000","イノリＳＯＳ！！　タイムトラベル・ドラゴンズ","","","2021-05-15 15:00:00",""
"ばーすとたいむらーべ","172","20","","","-1","172","1000","バースト・タイムラーベ","","","2021-05-15 15:00:00",""
"しーずざでい","173","20","","https://music.apple.com/jp/album/%E3%83%97%E3%83%AA%E3%83%B3%E3%82%BB%E3%82%B9%E3%82%B3%E3%83%8D%E3%82%AF%E3%83%88-re-dive-priconne-character-song-22/1577510950?app=itunes","-1","173","1500","Seize The Day！","","","2021-05-15 15:00:00","A2002315260/"
"いしんでんしんあおいといふれんず","174","20","","","-1","174","1000","以心電心！アオイ トイ フレンズ","","","2021-06-16 15:00:00",""
"きゅうきょくがんぐおうめがといきんぐ","175","20","","","-1","175","1000","究極玩具王 メガトイキング","","","2021-06-16 15:00:00",""
"ぼっちのためのともだちまーち","176","20","","https://music.apple.com/jp/album/%E3%83%97%E3%83%AA%E3%83%B3%E3%82%BB%E3%82%B9%E3%82%B3%E3%83%8D%E3%82%AF%E3%83%88-re-dive-priconne-character-song-22/1577510950?app=itunes","-1","176","1500","ぼっちのためのトモダチ行進曲","","","2021-06-16 15:00:00","A2002315260/"
"さじんまうなかで","177","20","","","-1","177","1000","砂塵舞う中で","","","2021-06-16 15:00:00",""
"えんどれすさまーぷろでゅーすまなつのふたりじめぱらだいす","178","20","","","-1","178","1000","エンドレスサマープロデュース　真夏のふたり占めパラダイス","","","2021-07-15 15:00:00",""
"なつやすみのしゅくだい","179","20","","","-1","179","1000","夏休みの宿題","","","2021-07-15 15:00:00",""
"おんりーおんりーおんりーゆー","180","20","","https://music.apple.com/jp/album/princess-connect-re-dive-priconne-character-song-23/1587651257?app=itunes","-1","180","1500","Only Only You","","","2021-07-15 15:00:00","A2002426296/"
"かるみなさまーらいぶじゃすとあもーめんと","181","20","","","-1","181","1000","カルミナサマーライブ　ジャスト ア モーメント！","","","2021-08-15 15:00:00",""
"くいーんうたくらげ","182","20","","","-1","182","1000","クイーンウタクラゲ","","","2021-08-15 15:00:00",""
"じゃすとあもーめんと","183","20","","https://music.apple.com/jp/album/princess-connect-re-dive-priconne-character-song-23/1587651257?app=itunes","-1","183","1500","ジャストアモーメント！","","","2021-08-15 15:00:00","A2002426296/"
"しゃいにんぐふゅーちゃーばとるあれんじばーじょん","184","20","","","-1","184","1500","Shining Future （Battle Arrange Ver.）","","","2021-08-15 15:00:00",""
"いりーがるおーえどかるてどくたーみつきのしんさつしつ","185","20","","","-1","185","1000","イリーガルオーエドカルテ　Dr.ミツキの診察室","","","2021-09-15 15:00:00",""
"どくたーぎぐる","186","20","","","-1","186","1000","ドクターギグル","","","2021-09-15 15:00:00",""
"なるしすとれいしょん","187","20","","https://music.apple.com/jp/album/princess-connect-re-dive-priconne-character-song-24/1596344696?app=itunes","-1","187","1500","Narcistration♡","","","2021-09-15 15:00:00","A2002546851/"
"れぎおんうぉー","188","20","","","2109007","188","1000","レギオンウォー","","","2021-09-15 15:00:00",""
"ぶいえすれいじれぎおんあぞーるどとのたたかい","189","20","","","2109007","189","1000","VSレイジレギオン　アゾールドとの戦い","","","2021-09-15 15:00:00",""
"ぶいえすれいじれぎおんかりざとのたたかい","190","20","","","2109007","190","1000","VSレイジレギオン　カリザとの戦い","","","2021-09-15 15:00:00",""
"ぶいえすれいじれぎおんぜーんとのたたかい","191","20","","","2109007","191","1000","VSレイジレギオン　ゼーンとの戦い","","","2021-09-15 15:00:00",""
"ぶいえすれいじれぎおんみそらとのたたかい","192","20","","","2109007","192","1000","VSレイジレギオン　ミソラとの戦い","","","2021-09-15 15:00:00",""
"ぶいえすれいじれぎおんらんふぁとのたたかい","193","20","","","2109007","193","1000","VSレイジレギオン　ランファとの戦い","","","2021-09-15 15:00:00",""
"はろうぃんせいばーずすくらんぶるもふもふほかくだいさくせん","194","20","","","-1","194","1000","ハロウィンセイバーズ・スクランブル！　もふもふ捕獲大作戦","","","2021-10-15 15:00:00",""
"あいぼうのわたあめちゃん","195","20","","","-1","195","1000","哀暴のわたあめちゃん","","","2021-10-15 15:00:00",""
"はろうぃんもんすたーじゃむ","196","20","","https://music.apple.com/jp/album/princess-connect-re-dive-priconne-character-song-24/1596344696?app=itunes","-1","196","1500","Halloween Monster Jam ！！！","","","2021-10-15 15:00:00","A2002546851/"
"まほうしょうじょがいでんまじかるのわーるず","197","20","","","-1","197","1000","魔法少女外伝　マジカル★ノワールズ！","","","2021-11-15 15:00:00",""
"あんちびーすととりにてぃ","198","20","","","-1","198","1000","アンチビースト・トリニティ","","","2021-11-15 15:00:00",""
"ぐりーでぃらぶ","199","20","","https://music.apple.com/jp/album/%E3%83%97%E3%83%AA%E3%83%B3%E3%82%BB%E3%82%B9%E3%82%B3%E3%83%8D%E3%82%AF%E3%83%88-re-dive-priconne-character-song-25/1605736665?app=itunes","-1","199","1500","GREEDY LOVE","","","2021-11-15 15:00:00","A2002645259/"
"めりーぷりんくりすますそらまうしょうじょとまごころのおかし","200","20","","","-1","200","1000","メリープリンクリスマス！　空舞う少女とまごころのお菓子","","","2021-12-15 15:00:00",""
"ひとりぼっちのせいやのようせい","201","20","","","-1","201","1000","ひとりぼっちの聖夜の妖精","","","2021-12-15 15:00:00",""
"みやこずきっちんきゅうきょくへのみち","202","20","","","-1","202","1000","ミヤコ's キッチン　究極への道","","","2021-12-15 15:00:00",""
"ぷりんあらくりすますなの","203","20","","https://music.apple.com/jp/album/%E3%83%97%E3%83%AA%E3%83%B3%E3%82%BB%E3%82%B9%E3%82%B3%E3%83%8D%E3%82%AF%E3%83%88-re-dive-priconne-character-song-25/1605736665?app=itunes","-1","203","1500","ぷりん・あ・ら・くりすますなの！","","","2021-12-15 15:00:00","A2002645259/"
"しんしゅんびしょくめもりーずしぇふぃのおつかいだいさくせん","204","20","","","-1","204","1000","新春美食メモリーズ　シェフィのおつかい大作戦！","","","2022-01-15 15:00:00",""
"じゃぎゅうしんもーもん","205","20","","","-1","205","1000","邪牛神モーモン","","","2022-01-15 15:00:00",""
"あいすういんぐす","206","20","","https://music.apple.com/jp/album/princess-connect-re-dive-priconne-character-song-26-ep/1614378087?app=itunes","-1","206","1500","Ice Wings","","","2022-01-15 15:00:00","A2002744778/"
"てがかりをさがして","207","20","","","-1","207","1000","手がかりを探して","","","2022-02-15 15:00:00",""
"みんながすごすせかいへ","208","20","","","-1","208","1000","みんなが過ごす世界へ","","","2022-02-15 15:00:00",""
"おーばーろーどふぉーす","209","20","","","-1","209","1000","オーバーロードフォース","","","2022-02-15 15:00:00",""
"あしんめとっりくわーるど","210","20","","https://music.apple.com/jp/album/princess-connect-re-dive-priconne-character-song-26-ep/1614378087?app=itunes","-1","210","1500","Asymmetric World","","","2022-02-15 15:00:00","A2002744778/"
"みんなのおもい","211","20","","","-1","211","1000","みんなの想い","","","2022-02-15 15:00:00",""
"すいーとたいにーすてーじかけだしじょゆうとりとるれでぃ","212","20","","","-1","212","1000","スイート・タイニー・ステージ！　駆け出し女優とリトルレディ","","","2022-03-15 15:00:00",""
"あだねずみどはつてんのちゅうじ","213","20","","","-1","213","1000","讐鼠・怒髪天のチュウジ","","","2022-03-15 15:00:00",""
"はっぴーあにばーさりーすぺしゃるらんどそるくいずこねくと","214","20","","","-1","214","1000","Happy Anniv. スペシャル ランドソルクイズコネクト！","","","2022-03-15 15:00:00",""
"しんきんぐたいむ","215","20","","","-1","215","1000","シンキングタイム！","","","2022-03-15 15:00:00",""
"みゅーじかるがきこえる","216","20","","https://music.apple.com/jp/album/%E3%83%97%E3%83%AA%E3%83%B3%E3%82%BB%E3%82%B9%E3%82%B3%E3%83%8D%E3%82%AF%E3%83%88-re-dive-priconne-character-song-27-ep/1625225992?app=itunes","-1","216","1500","ミュージカルが聴こえる？","","","2022-03-15 15:00:00","A2002850421/"
"くろっしんぐとぅるーす","217","20","","https://music.apple.com/jp/album/princess-connect-re-dive-character-song-album-vol-3/1609864796?app=itunes","2109012","217","1500","Crossing Truth","","","2022-03-15 15:00:00","A2002696929/"
"おたからちょうだいいんびじぶるすてぃーらーず","218","20","","","-1","218","1000","お宝頂戴！　インビジブル・スティーラーズ","","","2022-04-15 15:00:00",""
"たいよくぼうくんかじのおう","219","20","","","-1","219","1000","大慾暴君・カジノ王","","","2022-04-15 15:00:00",""
"しーくれっとろんぎんぐ","220","20","","https://music.apple.com/jp/album/%E3%83%97%E3%83%AA%E3%83%B3%E3%82%BB%E3%82%B9%E3%82%B3%E3%83%8D%E3%82%AF%E3%83%88-re-dive-priconne-character-song-27-ep/1625225992?app=itunes","-1","220","1500","Secret Longing","","","2022-04-15 15:00:00","A2002850421/"
"えぴそーどおぶぱいれーつかいぞくじまののろわれしいほう","221","20","","","-1","221","1000","エピソード・オブ・パイレーツ　海賊島の呪われし遺宝","","","2022-05-15 15:00:00",""
"かいほうされしざいほうのしゅごしゃ","222","20","","","-1","222","1000","解放されし財宝の守護者","","","2022-05-15 15:00:00",""
"むてきのぱいれーつ","223","20","","https://music.apple.com/jp/album/%E3%83%97%E3%83%AA%E3%83%B3%E3%82%BB%E3%82%B9%E3%82%B3%E3%83%8D%E3%82%AF%E3%83%88-re-dive-priconne-character-song-28/1635909695?app=itunes","-1","223","1500","無敵のパイレーツ","","","2022-05-15 15:00:00","A2002984656/"
"そうごんなるねっさ","224","20","","","-1","224","1000","荘厳なる熱砂","","","2022-05-15 15:00:00",""
"えんじょいあんどりふれっしゅでこぼこがーるずきゃんぷ","225","20","","","-1","225","1000","エンジョイ＆リフレッシュ！　でこぼこガールズ・キャンプ","","","2022-06-15 15:00:00",""
"あすとらいあたけもどき","226","20","","","-1","226","1000","アストライアタケモドキ","","","2022-06-15 15:00:00",""
"さんしゃいんぱーてぃ","227","20","","https://music.apple.com/jp/album/%E3%83%97%E3%83%AA%E3%83%B3%E3%82%BB%E3%82%B9%E3%82%B3%E3%83%8D%E3%82%AF%E3%83%88-re-dive-priconne-character-song-28/1635909695?app=itunes","-1","227","1500","さん！シャインPARTY","","","2022-06-15 15:00:00","A2002984656/"
"いざゆかんれいみょうなるもりのおくへと","228","20","","","-1","228","1000","いざ行かん、霊妙なる森の奥へと","","","2022-06-15 15:00:00",""
"とぅいんくるさまーげーむなつうみにきらめくみっつのおもい","229","20","","","-1","229","1000","トゥインクルサマーゲーム　夏海にきらめく三つの想い","","","2022-07-15 15:00:00",""
"かいしょうたつのここまんだー","230","20","","","-1","230","1000","海将タツノココマンダー","","","2022-07-15 15:00:00",""
"しーくれっとすたー","231","20","","https://music.apple.com/jp/album/%E3%83%97%E3%83%AA%E3%83%B3%E3%82%BB%E3%82%B9%E3%82%B3%E3%83%8D%E3%82%AF%E3%83%88-re-dive-priconne-character-song-29/1644049661?app=itunes","-1","231","1500","Secret Star","","","2022-07-15 15:00:00","A2003073369/"
"かけろとこなつあるてぃめっとびーちふらっぐす","232","20","","","-1","232","1000","駆けろ常夏！アルティメットビーチフラッグス","","","2022-07-15 15:00:00",""
"りとるさまーめもりーずなぎさでみつけたちいさなしあわせ","233","20","","","-1","233","1000","リトル・サマー・メモリーズ　渚でみつけた小さな幸せ","","","2022-08-15 15:00:00",""
"むーんれいげーと","234","20","","","-1","234","1000","ムーンレイゲート","","","2022-08-15 15:00:00",""
"わくわくさまーたいむ","235","20","","https://music.apple.com/jp/album/%E3%83%97%E3%83%AA%E3%83%B3%E3%82%BB%E3%82%B9%E3%82%B3%E3%83%8D%E3%82%AF%E3%83%88-re-dive-priconne-character-song-29/1644049661?app=itunes","-1","235","1500","わくわくSUMMER TIME！","","","2022-08-15 15:00:00","A2003073369/"
"みゅーちゃんすくすくにっき","236","20","","","-1","236","1000","みゅ～ちゃんすくすく日記","","","2022-08-15 15:00:00",""
"まほまほみらくるじゃーにーたびするしょうじょとさいはてのたいじゅ","237","20","","","-1","237","1000","マホマホ・ミラクル・ジャーニー！　旅する少女と最果ての大樹","","","2022-09-15 15:00:00",""
"あいしつのばろめっつ","238","20","","","-1","238","1000","哀執のバロメッツ","","","2022-09-15 15:00:00",""
"はんなりおとめどうちゅう","239","20","","https://music.apple.com/jp/album/%E3%83%97%E3%83%AA%E3%83%B3%E3%82%BB%E3%82%B9%E3%82%B3%E3%83%8D%E3%82%AF%E3%83%88-re-dive-priconne-character-song-30/1656635604?app=itunes","-1","239","1500","はんなり乙女道中","","","2022-09-15 15:00:00","A2003192847/"
"ふぁぼらぶだいしゅうごうしこうのさいてんとしょうじょのひめたおしごと","240","20","","","-1","240","1000","ファボ！ラブ！大集合！　至高の祭典と少女の秘めた推し事","","","2022-10-15 15:00:00",""
"きょうらんのはいしんしゃかがみ","241","20","","","-1","241","1000","狂乱の配信者・カガミ","","","2022-10-15 15:00:00",""
"おたおたわーるど","242","20","","https://music.apple.com/jp/album/%E3%83%97%E3%83%AA%E3%83%B3%E3%82%BB%E3%82%B9%E3%82%B3%E3%83%8D%E3%82%AF%E3%83%88-re-dive-priconne-character-song-30/1656635604?app=itunes","-1","242","1500","O-TA-O-TA WORLD","","","2022-10-15 15:00:00","A2003192847/"
"とらいばるすぴりっつかかげるつるぎとほこりのかけはし","243","20","","","-1","243","1000","トライバルスピリッツ　掲げる剣と誇りの架け橋","","","2022-11-15 15:00:00",""
"おぶしだんごーれむ","244","20","","","-1","244","1000","オブシダンゴーレム","","","2022-11-15 15:00:00",""
"ないつそうる","245","20","","https://music.apple.com/jp/album/princess-connect-re-dive-priconne-character-song-31/1663442574?app=itunes","-1","245","1500","Knight's Soul","","","2022-11-15 15:00:00","A2003240157/"
"はっぴーはぷにんぐしあわせのふたごてんしとせいやのおくりもの","246","20","","","-1","246","1000","ハッピー・ハプニング　幸せの双子天使と聖夜の贈り物","","","2022-12-15 15:00:00",""
"あんはっぴーとれんと","247","20","","","-1","247","1000","アンハッピートレント","","","2022-12-15 15:00:00",""
"はつゆきついんあぷろーち","248","20","","https://music.apple.com/jp/album/princess-connect-re-dive-priconne-character-song-31/1663442574?app=itunes","-1","248","1500","はつゆきツインアプローチ","","","2022-12-15 15:00:00","A2003240157/"
"ゆけむりぼうねんきたんはつひのでにさかずきを","249","20","","","-1","249","1000","湯けむり忘年奇譚　初日の出に盃を","","","2023-01-15 15:00:00",""
"けがれしゆのかみようらん","250","20","","","-1","250","1000","穢れし湯ノ神・陽卵","","","2023-01-15 15:00:00",""
"まさゆめ","251","20","","https://music.apple.com/jp/album/princess-connect-re-dive-priconne-character-song-32-ep/1679183184?app=itunes","-1","251","1500","ma.sa.yu.me.","","","2023-01-15 15:00:00","A2003398337/"
"しんしゅんひがわりゆ","252","20","","","-1","252","1000","新春日替わり湯","","","2023-01-15 15:00:00",""
"しゅうえんのえりゅしおん","253","20","","","2116007","253","1000","終炎のエリュシオン","","","2023-01-15 15:00:00",""
"よみがえりしきょういたち","254","20","","","2116007","254","1000","甦りし脅威たち","","","2023-01-15 15:00:00",""
"いつわりのきゅうさいしゃ","255","20","","","2116007","255","1000","偽りの救済者","","","2023-01-15 15:00:00",""
"しゅうえんをつかさどりしまじゅつし","256","20","","","2116007","256","1000","終炎を司りし魔術師","","","2023-01-15 15:00:00",""
"りがいのちからをもとめしもの","257","20","","","2116007","257","1000","理外の力を求めし者","","","2023-01-15 15:00:00",""
"きぼうをゆめみるらくえん","258","20","","","-1","258","1000","希望を夢見る楽園","","","2023-02-15 15:00:00",""
"ふたしかなみらいでも","259","20","","","-1","259","1000","不確かな未来でも","","","2023-02-15 15:00:00",""
"らくえんのしゅごしゃ","260","20","","","-1","260","1000","楽園の守護者","","","2023-02-15 15:00:00",""
"くおんのそのをかたどるもの","261","20","","","-1","261","1000","久遠の園を象る者","","","2023-02-15 15:00:00",""
"ねばーるーずあげいん","262","20","","https://music.apple.com/jp/album/princess-connect-re-dive-priconne-character-song-32-ep/1679183184?app=itunes","-1","262","1500","ネバールーズアゲイン","","","2023-02-15 15:00:00","A2003398337/"
"ねことだがしのきっさてんかふぇなっしゅかっつぇにようこそ","263","20","","","-1","263","1000","猫と駄菓子の喫茶店　カフェ・ナッシュカッツェにようこそ","","","2023-03-15 15:00:00",""
"がんぷくきさいのまねきねこ","264","20","","","-1","264","1000","願福寄災の招き猫","","","2023-03-15 15:00:00",""
"にゃんだふるすうぃんぐ","265","20","","https://music.apple.com/jp/album/princess-connect-re-dive-priconne-character-song-33-ep/1688146794?app=itunes","-1","265","1500","にゃんだフルスウィング","","","2023-03-15 15:00:00","A2003506491/"
"でぃあーずおかえりとただいまのやくそく","266","20","","","-1","266","1000","Dears　おかえりとただいまの約束","","","2023-04-15 15:00:00",""
"だいおうしょうじょう","267","20","","","-1","267","1000","ダイオウショウジョウ","","","2023-04-15 15:00:00",""
"わたしいろすとーりー","268","20","","https://music.apple.com/jp/album/princess-connect-re-dive-priconne-character-song-33-ep/1688146794?app=itunes","-1","268","1500","私色STORY","","","2023-04-15 15:00:00","A2003506491/"
"まものせいたいほうこくしょ","269","20","","","-1","269","1000","魔物生態報告書","","","2023-04-15 15:00:00",""
"ばんかいろめくしんてんち","270","20","","","-1","270","1000","万華色めく新天地","","","2023-04-15 15:00:00",""
"じおておごにあのたたかい","271","20","","","-1","271","1000","ジオ・テオゴニアの戦い","","","2023-04-15 15:00:00",""
"こねくとうぃずぶるーしょうじょがそらにいたるまで","272","20","","","-1","272","1000","コネクト・ウィズ・ブルー　少女が空に至るまで","","","2023-05-15 15:00:00",""
"えいちのれんきんじゅつしもーぶ","273","20","","","-1","273","1000","叡智の錬金術師・モーヴ","","","2023-05-15 15:00:00",""
"つばさのぷろろーぐ","274","20","","https://music.apple.com/jp/album/princess-connect-re-dive-priconne-character-song-34-ep/1698958405?app=itunes","-1","274","1500","ツバサのプロローグ","","","2023-05-15 15:00:00","A2003649511/"
"らんどそるいちごいちえ","275","20","","","-1","275","1000","ランドソル一期一会","","","2023-05-15 15:00:00",""
"じげんだんそう","276","20","","","-1","276","1000","次元断層","","","2023-05-15 15:00:00",""
"じげんのはざまにあらわれしきょうい","277","20","","","-1","277","1000","次元の狭間に現れし脅威","","","2023-05-15 15:00:00",""
"かれいなるせかいのきょうてき","278","20","","","-1","278","1000","華麗なる世界の強敵","","","2023-05-15 15:00:00",""
"ヴぁんぱいあふぉーくろあよとびのきょうえん","279","20","","","-1","279","1000","ヴァンパイアフォークロア　夜と美の饗宴","","","2023-06-15 15:00:00",""
"へんぼうせしじゅうしゃぶらど","280","20","","","-1","280","1000","変貌せし従者・ブラド","","","2023-06-15 15:00:00",""
"ごしかるらでぃかるえたーなるうぇでぃんぐ","281","20","","https://music.apple.com/jp/album/princess-connect-re-dive-priconne-character-song-35-ep/1706771993?app=itunes","-1","281","1500","Gothical Radical † Eternal Wedding","","","2023-06-15 15:00:00","A2003743784/"
"ゆきのしんびかい","282","20","","","-1","282","1000","ユキの審美会","","","2023-06-15 15:00:00",""
"ぷりんせすふぁいと","283","20","","","-1","283","1000","プリンセス・ファイト☆","","","2023-06-15 15:00:00",""
"えるぴすとうのたたかい","284","20","","","-1","284","1000","エルピス島の戦い","","","2023-06-15 15:00:00",""
"おーまのみずからっぽだいさくせんひみつしゅぎしゃとたぶーのうみ","285","20","","","-1","285","1000","オーマの水からっぽ大作戦　秘密主義者と禁断の海","","","2023-07-15 15:00:00",""
"ふっかつのしろきしまくじら","286","20","","","-1","286","1000","復活の白き島クジラ","","","2023-07-15 15:00:00",""
"めたもるかれいどすこーぷ","287","20","","https://music.apple.com/jp/album/princess-connect-re-dive-priconne-character-song-35-ep/1706771993?app=itunes","-1","287","1500","メタモル・カレイドスコープ","","","2023-07-15 15:00:00","A2003743784/"
"ぷりんせすのひみつ","288","20","","","-1","288","1000","プリンセスの秘密","","","2023-07-15 15:00:00",""
"ぐるめちぇいさーごうしゅっぱつしんこう","289","20","","","-1","289","1000","グルメチェイサー号、出発進行！","","","2023-07-15 15:00:00",""
"せんりつゆうきかいがんさまーりぞーとすりらーず","290","20","","","-1","290","1000","戦慄幽奇海岸　～サマーリゾートスリラーズ～","","","2023-08-15 15:00:00",""
"ぐらっじれいす","291","20","","","-1","291","1000","グラッジレイス","","","2023-08-15 15:00:00",""
"あいのきずな","292","20","","https://music.apple.com/jp/album/princess-connect-re-dive-priconne-character-song-36-ep/1715601508?app=itunes","-1","292","1500","アイノキズナ","","","2023-08-15 15:00:00","A2003875539/"
"ぷれしゃすじゃーにー","293","20","","https://music.apple.com/jp/album/princess-connect-re-dive-priconne-character-song-34-ep/1698958405?app=itunes","2201005","293","1500","Precious Journey","","","2023-08-15 15:00:00","A2003649511/"
"あかねいろのよりみち","294","20","","https://music.apple.com/jp/album/princess-connect-re-dive-priconne-character-song-34-ep/1698958405?app=itunes","2201008","294","1500","茜色の寄り道","","","2023-08-15 15:00:00","A2003649511/"
"うぃざーでぃんぐあおはるでいずまほうがくえんときせきのかね","295","20","","","-1","295","1000","ウィザーディング・アオハル・デイズ　魔法学園と奇跡の鐘","","","2023-09-15 15:00:00",""
"はなたれしぼうまあるげーす","296","20","","","-1","296","1000","放たれし暴魔・アルゲース","","","2023-09-15 15:00:00",""
"そのはるにっきのつづきから","297","20","","https://music.apple.com/jp/album/princess-connect-re-dive-priconne-character-song-36-ep/1715601508?app=itunes","-1","297","1500","その春、日記の続きから","","","2023-09-15 15:00:00","A2003875539/"
"らいらえる","298","20","","","2201007","298","1000","ライラエル","","","2023-09-15 15:00:00",""
"べんきょうのじゅんびはできてる","299","20","","","-1","299","1000","勉強の準備はできてる？","","","2023-09-15 15:00:00",""
"ほうかごえでゅけーしょん","300","20","","","-1","300","1000","放課後エデュケーション","","","2023-09-15 15:00:00",""
"ろまんしんぐさらさりあさばくのはなよめとふしぎのらんぷ","301","20","","","-1","301","1000","ロマンシング・サラサリア　～砂漠の花嫁と不思議のランプ～","","","2023-10-15 15:00:00",""
"かりど","302","20","","","-1","302","1000","カリド","","","2023-10-15 15:00:00",""
"あでにうむ","303","20","","https://music.apple.com/jp/album/princess-connect-re-dive-priconne-character-song-37/1725451556?app=itunes","-1","303","1500","Adenium","","","2023-10-15 15:00:00","A2004083137/"
"ばんでぃしすたーず","304","20","","","2202001","304","1000","バンディ・シスターズ","","","2023-10-15 15:00:00",""
"むげんのまりっじしむ","305","20","","","-1","305","1000","夢幻のマリッジ・シム","","","2023-10-15 15:00:00",""
"まものが","306","20","","","-1","306","1000","魔物が！！","","","2023-10-15 15:00:00",""
"しんてんちのきょうてき","307","20","","","-1","307","1000","新天地の強敵","","","2023-10-15 15:00:00",""
"くりみなるるーきーてんしたちのぱらどくす","308","20","","","-1","308","1000","クリミナル ルーキー　天使たちのパラドクス","","","2023-11-15 15:00:00",""
"さいしゅうくえすとです","309","20","","","-1","309","1000","最終クエストです★","","","2023-11-15 15:00:00",""
"いりどろーたす","310","20","","https://music.apple.com/jp/album/princess-connect-re-dive-priconne-character-song-37/1725451556?app=itunes","-1","310","1500","イリドロータス","","","2023-11-15 15:00:00","A2004083137/"
"たびとせいちょうとはんせいのきろく","311","20","","","-1","311","1000","旅と成長（と反省）の記録","","","2023-11-15 15:00:00",""
"あるたーめいでん","312","20","","","2201001","312","1000","アルターメイデン","","","2023-11-15 15:00:00",""
"あどべんちゃー","313","20","","","-1","313","1000","アドベンチャー","","","2023-11-15 15:00:00",""
"くらいべいびーくりすますたがためのこうふくなるひ","314","20","","","-1","314","1000","クライ・ベイビー・クリスマス　誰が為の幸福なる日","","","2023-12-15 15:00:00",""
"ばじりすくあろす","315","20","","","-1","315","1000","バジリスク・アロス","","","2023-12-15 15:00:00",""
"くりすますぶれっしんぐ","316","20","","https://music.apple.com/jp/album/princess-connect-re-dive-priconne-character-song-38-ep/1737858842?app=itunes","-1","316","1500","Christmas Blessing","","","2023-12-15 15:00:00","A2004367403/"
"あどべんとかれんだー","317","20","","","-1","317","1000","アドベントカレンダー","","","2023-12-15 15:00:00",""
"ごうかもえさかりしみつりん","318","20","","","-1","318","1000","業火燃え盛りし密林","","","2023-12-15 15:00:00",""
"じおげへなのたたかい","319","20","","","-1","319","1000","ジオ・ゲヘナの戦い","","","2023-12-15 15:00:00",""
"げいしゅんどりーまーずしんねんあけましておめてお","320","20","","","-1","320","1000","迎春ドリーマーズ！　新年、あけましてお隕石（メテオ）！？","","","2024-01-15 15:00:00",""
"めておいんどりーむ","321","20","","","-1","321","1000","メテオ・イン・ドリーム","","","2024-01-15 15:00:00",""
"みらいのゆめ","322","20","","https://music.apple.com/jp/album/princess-connect-re-dive-priconne-character-song-38-ep/1737858842?app=itunes","-1","322","1500","ミライノユメ","","","2024-01-15 15:00:00","A2004367403/"
"はつゆめちゃれんじ","323","20","","","-1","323","1000","初夢チャレンジ","","","2024-01-15 15:00:00",""
"やけつくせかいのきょうてき","324","20","","","-1","324","1000","灼けつく世界の強敵","","","2024-01-15 15:00:00",""
"てんさいはつめいかのさんじょふぶき","325","20","","","-1","325","1000","天才発明家の三女　フブキ","","","2024-01-15 15:00:00",""
"じゅなんたいしつのじじょわかな","326","20","","","-1","326","1000","受難体質の次女　ワカナ","","","2024-01-15 15:00:00",""
"ごうほうらいらくのちょうじょやまと","327","20","","","-1","327","1000","豪放磊落の長女　ヤマト","","","2024-01-15 15:00:00",""
"ねふぃねら","328","20","","","2205002","328","1000","ネフィ＝ネラ","","","2024-01-15 15:00:00",""
"かがみうつしのらいほうしゃ","329","20","","","-1","329","1000","鏡映しの来訪者","","","2024-02-15 0:00:00",""
"もういちどそしてもうにどと","330","20","","","-1","330","1000","もう一度。そして、もう二度と。","","","2024-02-15 0:00:00",""
"あかいきりのせいれい","331","20","","","-1","331","1000","赤い霧の精霊","","","2024-02-15 0:00:00",""
"あらわれるくちゅうあいらあんどしなつ","332","20","","","-1","332","1000","顕れる苦衷 アイラ＆シナツ","","","2024-02-15 0:00:00",""
"ぷれいやー","333","20","","https://music.apple.com/jp/album/princess-connect-re-dive-priconne-character-song-39/1746219426?app=itunes","-1","333","1500","Prayer","","","2024-02-15 0:00:00","A2004477541/"
"あなざーうぃっしゅろぐ","334","20","","","-1","334","1000","アナザーウィッシュ・ログ","","","2024-02-15 0:00:00",""
"やけつくせかいをゆく","335","20","","","-1","335","1000","灼けつく世界をゆく","","","2024-02-15 0:00:00",""
"らんにゅうばんでぃしすたーず","336","20","","","-1","336","1000","乱入！バンディ・シスターズ","","","2024-02-15 0:00:00",""
"えりす","337","20","","","2109008","337","1000","エリス","","","2024-02-15 0:00:00",""
"まふゆのまなつとせいなるがくしゃのりせえんぬ","338","20","","","-1","338","1000","真冬の真夏と聖なる学舎の異端児","","","2024-03-15 15:00:00",""
"ならくのせいじょとみえ","339","20","","","-1","339","1000","奈落の聖女トミヱ","","","2024-03-15 15:00:00",""
"もうそうさまーはれーしょん","340","20","","https://music.apple.com/jp/album/princess-connect-re-dive-priconne-character-song-39/1746219426?app=itunes","-1","340","1500","妄想サマーハレーション","","","2024-03-15 15:00:00","A2004477541/"
"らいぶながれるぷーるひる","341","20","","","-1","341","1000","【LIVE】流れるプール　昼","","","2024-03-15 15:00:00",""
"らいぶながれるぷーるよる","342","20","","","-1","342","1000","【LIVE】流れるプール　夜","","","2024-03-15 15:00:00",""
"ぷりんせすないとのちから","343","20","","","-1","343","1000","プリンセスナイトの力","","","2024-03-15 15:00:00",""
"しんおうなるりょういきへいたる","344","20","","","-1","344","1000","深奥なる領域へ至る","","","2024-03-15 15:00:00",""
"こうえんのしんいき","345","20","","","-1","345","1000","紅焔の深域","","","2024-03-15 15:00:00",""
"そうはのしんいき","346","20","","","-1","346","1000","蒼波の深域","","","2024-03-15 15:00:00",""
"すいらんのしんいき","347","20","","","-1","347","1000","翠嵐の深域","","","2024-03-15 15:00:00",""
"はくてんのしんいき","348","20","","","-1","348","1000","珀天の深域","","","2024-03-15 15:00:00",""
"しめいのしんいき","349","20","","","-1","349","1000","紫冥の深域","","","2024-03-15 15:00:00",""
"くーりぃふゅーりぃぶーときゃんぷおにきょうかんとむちとあめ","350","20","","","-1","350","1000","クーリィ・フューリィ・ブートキャンプ　鬼教官と鞭と…飴？","","","2024-04-15 15:00:00",""
"ごうらいじゅうらいがほーん","351","20","","","-1","351","1000","剛雷獣・ライガホーン","","","2024-04-15 15:00:00",""
"いんとぅざとらすと","352","20","","https://music.apple.com/jp/album/princess-connect-re-dive-priconne-character-song-40/1756564718?app=itunes","-1","352","1500","Into The Trust","","","2024-04-15 15:00:00","A2004615291/"
"えりことまことのまーちあごーごー","353","20","","","-1","353","1000","エリコとマコトの行軍（マーチ）A-Go-Go！","","","2024-04-15 15:00:00",""
"しんぺいらよわれにつづけ","354","20","","","-1","354","1000","新兵らよ、我に続け","","","2024-04-15 15:00:00",""
"けっとうのぶたいへ","355","20","","","-1","355","1000","決闘の舞台へ","","","2024-04-15 15:00:00",""
"ばとるすたじあむかいまく","356","20","","","-1","356","1000","バトルスタジアム、開幕！","","","2024-04-15 15:00:00",""
"はなさくきせつのさんせりて","357","20","","","-1","357","1000","花咲く季節のサンセリテ","","","2024-05-15 15:00:00",""
"まものしょくぶつもべるべ","358","20","","","-1","358","1000","魔物植物・モベルベ","","","2024-05-15 15:00:00",""
"ひとみにうつるしるえっと","359","20","","https://music.apple.com/jp/album/princess-connect-re-dive-priconne-character-song-40/1756564718?app=itunes","-1","359","1500","瞳に映るシルエット","","","2024-05-15 15:00:00","A2004615291/"
"れんごくにちんざせしもの","360","20","","","-1","360","1000","煉獄に鎮座せしもの","","","2024-05-15 15:00:00",""
"ぐらんどりーむおんぱれーどかーばんくるとひみつのなかまたち","361","20","","","-1","361","1000","グランドリーム・オンパレード　宝石兎と秘密の仲間たち","","","2024-06-15 15:00:00",""
"けんどちょうらいじーの","362","20","","","-1","362","1000","捲土重来・ジーノ","","","2024-06-15 15:00:00",""
"みらくるじゅえるぱれーど","363","20","","","-1","363","1500","ミラクル・ジュエル・パレード！","","","2024-06-15 15:00:00",""
"ぐらんどりーむぱーくがいど","364","20","","","-1","364","1000","グランドリームパークガイド","","","2024-06-15 15:00:00",""
"あつまれいいことくらぶみそらのゆかいななつやすみ","365","20","","","-1","365","1000","あつまれイイコトクラブ！　ミソラの愉快な夏休み","","","2024-07-15 15:00:00",""
"まなつのばーさーくすらいむ","366","20","","","-1","366","1000","真夏のバーサークスライム","","","2024-07-15 15:00:00",""
"あいあいらんでぶー","367","20","","","-1","367","1500","Ai-愛 逃避行★","","","2024-07-15 15:00:00",""
"さまーふぉとふぃっくす","368","20","","","-1","368","1000","サマーフォトフィックス","","","2024-07-15 15:00:00",""
"げんわくのようせいまなつのそのでおどるかげ","369","20","","","-1","369","1000","幻惑の妖精　‐真夏の園で舞踊る影‐","","","2024-08-15 15:00:00",""
"かおすじぇねれーたー","370","20","","","-1","370","1000","カオス・ジェネレーター","","","2024-08-15 15:00:00",""
"りこれくしょん","371","20","","","-1","371","1500","Re:collection","","","2024-08-15 15:00:00",""
"すいとのめもりえ","372","20","","","-1","372","1000","水都のメモリエ","","","2024-08-15 15:00:00",""
"れんごくのりべりおん","373","20","","","2209006","373","1000","煉獄のリベリオン","","","2024-09-15 15:00:00",""
"れんごくのりべりおんしっくすからみてぃまくあらくね","374","20","","","2209006","374","1000","煉獄のリベリオン　-六凶・魔蜘アラクネ-","","","2024-09-15 15:00:00",""
"まくのしもべとのたたかい","375","20","","","2209006","375","1000","魔蜘のしもべとの戦い","","","2024-09-15 15:00:00",""
"まどいのとうぞくさんしまい","376","20","","","2209006","376","1000","惑いの盗賊三姉妹","","","2024-09-15 15:00:00",""
"かくめいのおとめとのたたかい","377","20","","","2209006","377","1000","革命の乙女との戦い","","","2024-09-15 15:00:00",""
"ちていのごくにひそみしきょうか","378","20","","","2209006","378","1000","地底の獄に潜みし凶禍","","","2024-09-15 15:00:00",""
"めざめししっくすからみてぃまくあらくね","379","20","","","2209006","379","1000","目覚めし六凶・魔蜘アラクネ","","","2024-09-15 15:00:00",""
"さいりんせしきしょうのひょうりゅう","380","20","","","2209006","380","1000","再臨せし姫装の氷竜","","","2024-09-15 15:00:00",""
"しぇふぃ","381","20","","","2104010","381","1000","シェフィ","","","2024-09-15 15:00:00",""
"ふれいや","382","20","","","2209006","382","1000","フレイヤ","","","2024-09-15 15:00:00",""
"あらくね","383","20","","","2209006","383","1000","アラクネ","","","2024-09-15 15:00:00",""
"あらわれしまくのしんぞう","384","20","","","2209006","384","1000","顕れし魔蜘の真像","","","2024-09-15 15:00:00",""
"のぞみのいちにちてんちょうきこちらあるけすれんきんどう","385","20","","","-1","385","1000","ノゾミの一日店長記　こちらアルケス錬金堂","","","2024-10-15 15:00:00",""
"ヴぇのむひゅどら","386","20","","","-1","386","1000","ヴェノム・ヒュドラ","","","2024-10-15 15:00:00",""
"だんすいんざふれぐらんす","387","20","","","-1","387","1500","Dance in the Fragrance","","","2024-10-15 15:00:00",""
"あるけすれんきんどうぎょうむにっし","388","20","","","-1","388","1000","アルケス錬金堂　業務日誌","","","2024-10-15 15:00:00",""
"あるけすれんきんどう","389","20","","","-1","389","1000","アルケス錬金堂","","","2024-10-15 15:00:00",""
"あるけすれんきんどうけみかるばーじょん","390","20","","","-1","390","1000","アルケス錬金堂（ケミカルVer.）","","","2024-10-15 15:00:00",""
"ばんでぃっとりたーんず　えんごくのあうとろー","391","20","","","-1","391","1000","バンディット・リターンズ　炎国の無法姉妹","","","2024-11-15 15:00:00",""
"はいぱーだっしゅじょー","392","20","","","-1","392","1000","ハイパー・ダッシュジョー","","","2024-11-15 15:00:00",""
"ばんでぃらうでぃしょーたいむ","393","20","","","-1","393","1500","バンディ・ラウディ・ショータイム！！","","","2024-11-15 15:00:00",""
"げきとつはかいいりーがるたんくうぉー","394","20","","","-1","394","1000","激突！破壊！イリーガルタンクウォー","","","2024-11-15 15:00:00",""
"いざしゅつげきせんしゃばとる","395","20","","","-1","395","1000","いざ出撃！戦車バトル！","","","2024-11-15 15:00:00",""
"れっつおぷすまぐぬむ","396","20","","","-1","396","1000","レッツ！『究極錬成』！","","","2024-11-15 15:00:00",""
"れきせんのなんてきこのちにてかいこうす","397","20","","","-1","397","1000","歴戦の難敵、此の地にて邂逅す","","","2024-11-15 15:00:00",""
"らぶあんどぱにっしゅめんとあくまがとどけるくりすます","398","20","","","-1","398","1000","ラブ＆パニッシュメント　悪魔が届けるクリスマス","","","2024-12-15 15:00:00",""
"ごーすときっどべろりー","399","20","","","-1","399","1000","ゴーストキッド・ベロリー","","","2024-12-15 15:00:00",""
"こよいやどりぎのしたで","400","20","","","-1","400","1500","今宵、ヤドリギの下で","","","2024-12-15 15:00:00",""
"しゅかのしんえん","401","20","","","-1","401","1000","朱火の深淵","","","2024-12-15 15:00:00",""
"ごうりゅうのしんえん","402","20","","","-1","402","1000","轟流の深淵","","","2024-12-15 15:00:00",""
"れっぷうのしんえん","403","20","","","-1","403","1000","烈風の深淵","","","2024-12-15 15:00:00",""
"さんらんのしんえん","404","20","","","-1","404","1000","燦爛の深淵","","","2024-12-15 15:00:00",""
"げんあんのしんえん","405","20","","","-1","405","1000","玄闇の深淵","","","2024-12-15 15:00:00",""
"ふかきふくまのふちへゆく","406","20","","","-1","406","1000","深き伏魔の淵へ征く","","","2024-12-15 15:00:00",""
"げいしゅんじおげへなめどぅーさとそうれいのけんし","407","20","","","-1","407","1000","迎春ジオ・ゲヘナ　蛇乙女と双麗の剣士","","","2025-1-15 15:00:00",""
"じゅばくのだいじゃめどぅしあな","408","20","","","-1","408","1000","呪縛の大蛇・メドゥシアナ","","","2025-1-15 15:00:00",""
"たいにーついんすたーず","409","20","","","-1","409","1500","Tiny Twin Stars！！","","","2025-1-15 15:00:00",""
"しんかんたるえいとうのめいかい","410","20","","","-1","410","1000","深閑たる永凍の冥界","","","2025-1-15 15:00:00",""
"じおにヴるへるのたたかい","411","20","","","-1","411","1000","ジオ・ニヴルヘルの戦い","","","2025-1-15 15:00:00",""
"せいじゃくなるせかいのきょうてき","412","20","","","-1","412","1000","静寂なる世界の強敵","","","2025-1-15 15:00:00",""
"ヴぁいおれっと","413","20","","","2210002","413","1000","ヴァイオレット","","","2025-1-15 15:00:00",""
"さんまきぞく","414","20","","","2210002","414","1000","三魔姫属","","","2025-1-15 15:00:00",""
"だいぶあすとるむななつのねがいとそうせいのざんきょう","415","20","","","-1","415","1000","ダイブ・アストルム　七つの願いと創世の残響","","","2025-2-28 12:00:00",""
"ようこかむらをしげん","416","20","","","-1","416","1000","妖狐カムラヲ・始原","","","2025-2-28 12:00:00",""
"あるふぁれがりあす","417","20","","","-1","417","1000","アルファ・レガリアス","","","2025-2-28 12:00:00",""
"フォスフォラス","418","20","","","-1","418","1500","Phosphorus","","","2025-2-28 12:00:00",""
"あすとるむかいはつろく","419","20","","","-1","419","1000","アストルム開発録","","","2025-2-28 12:00:00",""
"せいじゃくなるせかいをゆく","420","20","","","-1","420","1000","静寂なる世界をゆく","","","2025-2-28 12:00:00",""
"れじーなげっしゅ","421","20","","","2002002","421","1000","誓約女君","","","2025-2-28 12:00:00",""
"めたもるれぐなんと","422","20","","","2009005","422","1000","変貌大妃","","","2025-2-28 12:00:00",""
"くいーんらびりんす","423","20","","","2005006","423","1000","迷宮女王","","","2025-2-28 12:00:00",""
"かいざーいんさいと","424","20","","","2005004","424","1000","覇瞳皇帝","","","2025-2-28 12:00:00",""
"きんぐりーぷ","425","20","","","2005003","425","1000","跳躍王","","","2025-2-28 12:00:00",""
"ぐれーとがいだんす","426","20","","","2113007","426","1000","嚮導老君","","","2025-2-28 12:00:00",""
"つなぐもの","427","20","","","2013016","427","1500","つなぐもの","","","2025-2-28 12:00:00",""
"あんだんてうぃずゆーいのりのうたがひびくとき","428","20","","","-1","428","1000","アンダンテ・ウィズ・ユー　祈りの双唱が響く時","","","2025-3-31 12:00:00",""
"ゆがみねのせいれい","429","20","","","-1","429","1000","歪音の精霊","","","2025-3-31 12:00:00",""
"ほしよみのいのりうた","430","20","","","-1","430","1500","星詠みの祈り唄","","","2025-3-31 12:00:00",""
"こんさーとぽすたー","431","20","","","-1","431","1000","コンサートポスター","","","2025-3-31 12:00:00",""
"ませいじゅうけっせん","432","20","","","-1","432","1000","魔星獣決戦","","","2025-3-31 12:00:00",""
"ちょうこうおとめぎがんてぃっくろーちぇだいしゅつげきらんどそるばくはつよんてんいちびょうまえ","433","20","","","-1","433","1000","超鋼乙女ギガンティックローチェ　～大出撃！ランドソル爆発4.1秒前～","","","2025-4-30 12:00:00",""
"きょこうきじゅうかいぞうげどん","434","20","","","-1","434","1000","巨鋼機獣・改造ゲドン","","","2025-4-30 12:00:00",""
"あいだゆうきだぎがんてぃっくろーちぇ","435","20","","","-1","435","1500","AIだ！勇気だ！ギガンティックローチェ","","","2025-4-30 12:00:00",""
"なぜなにくろーちぇ","436","20","","","-1","436","1000","なぜなにクローチェ","","","2025-4-30 12:00:00",""
"けっしゅうあるけすとわいらいとやみいしゃとふたりのれんきんじゅつし","437","20","","","-1","437","1000","結集！　アルケス＆トワイライト　闇医者と二人の錬金術師","","","2025-5-31 12:00:00",""
"こいするれんぼくほむんほむん","438","20","","","-1","438","1000","恋する錬僕・ホムンホムン","","","2025-5-31 12:00:00",""
"れきめき","439","20","","","-1","439","1500","レキメキ！","","","2025-5-31 12:00:00",""
"れきめきおふどらまばーじょん","440","20","","","-1","440","1500","レキメキ！ (off drama ver.)","","","2025-5-31 12:00:00",""
"あるけみっくりぷれい","441","20","","","-1","441","1000","アルケミック・リプレイ","","","2025-5-31 12:00:00",""
"どれいじょうかのんのかれいなるおりべんじつんでれおぴんくをそえて","442","20","","","-1","442","1000","ド令嬢カノンの華麗なるおリベンジ　～ツンデレおピンクを添えて～","","","2025-6-30 12:00:00",""
"しゃくれいのけんどごぶりんれでぃ","443","20","","","-1","443","1000","灼麗の剣奴 ゴブリンレディ","","","2025-6-30 12:00:00",""
"ばっくとぅーばっく","444","20","","","-1","444","1500","Back×Back","","","2025-6-30 12:00:00",""
"どれいじょうこうせいちゃれんじ","445","20","","","-1","445","1000","ド令嬢更生チャレンジ","","","2025-6-30 12:00:00",""
"さまーどりーむりふれいんすいへいせんのかなたのみち","446","20","","","-1","446","1000","サマードリーム・リフレイン　水平線の彼方の旅路","","","2025-7-31 12:00:00",""
"えりすのしゃどう","447","20","","","-1","447","1000","エリスのシャドウ","","","2025-7-31 12:00:00",""
"しあわせのあじ","448","20","","","-1","448","1500","しあわせのあじ","","","2025-7-31 12:00:00",""
"さまーあねもすさまーくおりあ","449","20","","","-1","449","1000","Summer Anemos, Summer Qualia","","","2025-8-31 12:00:00",""
"ぺんぎゃっちょ","450","20","","","-1","450","1000","ペンギャッチョ","","","2025-8-31 12:00:00",""
"なつのひとひら","451","20","","","-1","451","1500","夏のひとひら","","","2025-8-31 12:00:00",""
"にのんおーおくをつくる","452","20","","","-1","452","1000","ニノン、オーオクを作る","","","2025-8-31 12:00:00",""
"えんどあいうぃるつかみとるこのてで","453","20","","","-1","453","1000",", And I Will 掴み取るこの手で","","","2025-9-30 12:00:00",""
"かいざーいんさいとだっしゅ","454","20","","","-1","454","1000","覇瞳皇帝'","","","2025-9-30 12:00:00",""
"れぞねいとそしてまだみぬあしたへ","455","20","","","-1","455","1500","Resonate　～そしてまだ見ぬ明日へ～","","","2025-9-30 12:00:00",""
"こぴーせかいめもりーずあいらのせかい","456","20","","","-1","456","1000","複製世界メモリーズ（アイラの世界）","","","2025-9-30 12:00:00",""
"こぴーせかいめもりーずしなつのせかい","457","20","","","-1","457","1000","複製世界メモリーズ（シナツの世界）","","","2025-9-30 12:00:00",""
"ヴぃじょんずえんぷれす","458","20","","","2213099","458","1000","幻境竜后","","","2025-9-30 12:00:00",""
"あるしゃと","459","20","","","2214002","459","1000","アルシャト","","","2025-9-30 12:00:00",""
"でもんすのうきしかいせいのめいふりょじょう","460","20","","","-1","460","1000","Demon/Snow　起死回生ノ冥府旅情","","","2025-10-31 12:00:00",""
"そうそうか","461","20","","","-1","461","1500","双奏歌","","","2025-10-31 12:00:00",""
"れんごくのめいたんていすべてがうぇぶになる","462","20","","","-1","462","1000","煉獄の名探偵　すべてがＷ（ウェブ）になる","","","2025-11-30 12:00:00",""
"さいだいきゅうのあいうぉんちゅ","463","20","","","-1","463","1500","最大級のあいうぉんちゅ！","","","2025-11-30 12:00:00",""
"さいれんとらすとないとゆいたいみそらのくりすますだいけっせん","464","20","","","-1","464","1000","サイレント（ラスト）ナイト　ユイvsミソラのクリスマス大決戦","","","2025-12-31 12:00:00",""
"ひめごとうぃすぱー","465","20","","","-1","465","1500","ヒメゴトWhisper","","","2025-12-31 12:00:00",""
"りとるがいだんす","466","20","","","2215003","466","1000","嚮導幼君","","","2025-12-31 12:00:00",""
"らびりんすりぶーとかさなるれいめいのしるべ","467","20","","","-1","467","1000","Labyrinth -reboot　重なる黎明の標","","","2026-01-31 12:00:00",""
"いっつまいたーん","468","20","","","-1","468","1500","It's My Turn！","","","2026-01-31 12:00:00",""
"りーざあヴぁりてぃあ","469","20","","","2214097","469","1000","リーザ（強欲）","","","2026-01-31 12:00:00",""
"ふれいやいら","470","20","","","2215005","470","1000","フレイヤ（憤怒）","","","2026-01-31 12:00:00",""
"ぐらんくりゅろわいやるめしませはーとふるこーす","471","20","","","-1","471","1000","Grand Cru Royal　召しませ！ハートフルコース","","","2026-02-28 12:00:00",""
"らすとどらごんすれいヴ","472","20","","","-1","472","1000","ラストドラゴン・スレイヴ","","","2026-02-28 12:00:00",""
"しっくすからみてぃごくほうめりっさ","473","20","","","-1","473","1000","六凶・獄蜂メリッサ","","","2026-02-28 12:00:00",""
"でりしゃすふゅーちゃー","474","20","","","-1","474","1500","Delicious Future","","","2026-02-28 12:00:00",""
"ふくはじけるしゅっちょうびすとろ","475","20","","","-1","475","1000","福弾ける出張ビストロ","","","2026-02-28 12:00:00",""
"とびきりでぃあまいふれんず","478","20","","","-1","478","1500","とびきりDear My Friends!","","","2026-02-28 12:00:00",""
"ぺこりーぬあすとらいあ","479","20","","","-1","479","1000","ペコリーヌ（アストライア）","","","2026-02-28 12:00:00",""
"ぺこりーぬのぐらんくりゅ","480","20","","","-1","480","1000","ペコリーヌのグラン・クリュ","","","2026-02-28 12:00:00",""
"らいらえるのぐらんくりゅ","481","20","","","-1","481","1000","ライラエルのグラン・クリュ","","","2026-02-28 12:00:00",""
"ねふぃねらのぐらんくりゅ","482","20","","","-1","482","1000","ネフィ＝ネラのグラン・クリュ","","","2026-02-28 12:00:00",""
"ヴぁいおれっとのぐらんくりゅ","483","20","","","-1","483","1000","ヴァイオレットのグラン・クリュ","","","2026-02-28 12:00:00",""
"ばくねつぴーちくらっしゅとーなめんとわかなあんどしおりのひっぷあんどすぷらっしゅ","484","20","","","-1","484","1000","爆熱！ピーチクラッシュ・トーナメント　ワカナ＆シオリのHIP＆SPLASH","","","2026-03-31 12:00:00",""
"しぇいくゆあぴーち","485","20","","","-1","485","1500","Shake Your Peach♡","","","2026-03-31 12:00:00",""
"いざれいめいのもんをひらく","486","20","","","-1","486","1000","いざ、黎明の門を開く","","","2026-03-31 12:00:00",""
"ばんしょううずまくめいきゅうかいろう","487","20","","","-1","487","1000","万象渦巻く迷宮回廊","","","2026-03-31 12:00:00",""
"ばんりゅうきいつのえんどぽいんと","488","20","","","-1","488","1000","万流帰一のエンドポイント","","","2026-03-31 12:00:00",""
"ぷれしゃすじゃーにーびしょくでんヴぁー","489","20","","","-1","489","1500","Precious Journey（美食殿ver.）","","","2026-04-30 12:00:00",""
"こねくてぃんぐはっぴーよにんヴぁー","490","20","","","-1","490","1500","Connecting Happy!!（4人ver.）","","","2026-04-30 12:00:00",""
"ヴぃらねすかいひせよきょうかのへんふしはめつえんど","491","20","","","-1","491","1000","VILLAINESS　回避せよ！キョウカのへんふし破滅エンド","","","2026-04-30 12:00:00",""
"しーするー","492","20","","","-1","492","1500","See-Through","","","2026-04-30 12:00:00",""
"はどうてんせい","493","20","","","-1","493","1000","覇瞳天星","","","2026-04-30 12:00:00",""
"ならくよりいでしさいか","494","20","","","-1","494","1000","奈落より出でし災禍","","","2026-05-31 12:00:00",""
"ゆうおうなるせんじんにてまをうたん","495","20","","","-1","495","1000","勇往なる戦陣にて魔を討たん","","","2026-05-31 12:00:00",""
"あすをかちとるさいぜんせん","496","20","","","-1","496","1000","明日を勝ち取る最前線","","","2026-05-31 12:00:00",""
"りばーすめいでんさいたんのおとめたち","497","20","","","-1","497","1000","Re:birth maiden　‐再誕の乙女たち‐","","","2026-06-30 12:00:00",""
"うぉーろっくきょくちょうやとがみ","498","20","","","-1","498","1000","ウォーロック局長 ヤトガミ","","","2026-06-30 12:00:00",""
"あけしらむりり","499","20","","","-1","499","1500","明け白むReRe","","","2026-06-30 12:00:00",""
"ヴぃじょんずえんぷれすだいにけいたい","500","20","","","2217001","500","1000","幻境竜后（第二形態）","","","2026-06-30 12:00:00",""
"しぇふぃヴぁーどらっへ","501","20","","","2217003","501","1000","シェフィ（ヴァードラッヘ）","","","2026-06-30 12:00:00",""