f9b98c9bf46007f83c60d5aa3023ecec1a0ff2390a3e1f8615d4203b3d81c46c,9c7ee4d67a08d2835f3e59d108e20a35136603af8e51ca4829d30a0de6ddf781,8b30c0f3992924bac4151862a9d52ed6bc303fc08226f3d1af08dd9c2f50d8c7,3f248d86a05424685e2a7f8287ad3fcab72c7dbd3b4aa95303496a17cc940ebe,5d2a8c7fe1d5337bd193d9735de47a9cbd1722f4a359c9d61ea197a728bf0177,8d2e4ce638cbf4f5d3799e8394075e5315f1ba140c700bfb412b239133d75c3b,2e97f8caed04be7241009f898f0e2df4b3c71f188a0614bb633418d3d14dd6f4
"スイーツ早食いクラブ","5148061","40","8","1","10148","91002"
"ぺんぽこりんの正体…？","5148062","0","0","1","10148","0"
"夜凪の恋バナ？","5148064","40","8","2","10148","91002"
"麦しゅわアブダクション","5148065","0","0","2","10148","0"
"ピッカピカのボードで","5148067","40","8","3","10148","91002"
"Mって何ですか？","5148068","0","0","3","10148","0"
"スイカの次はミルク？","5148070","40","8","4","10148","91002"
"騎士きゅんセラピー","5148071","0","0","4","10148","0"
"パチパチとフーフー","5148073","40","8","5","10148","91002"
"火遁の術でチャメシ！","5148074","0","0","5","10148","0"
"耳を澄ませば","5148076","40","8","6","10148","91002"
"祓った方がよくねー？","5148077","0","0","6","10148","0"
"爆誕ホットヒップドロップ","5148079","40","8","7","10148","91002"
"スーパースライム戦士","5148080","0","0","7","10148","0"
"バラバラな写真と証言","5148601","0","0","0","10148","0"
"写真アルバム復元完了！","5148602","0","0","7","10148","0"
"記念の集合写真★","5148603","0","0","100","10148","0"