e9935abb502820a6d8c37d3be9bbfc962ab92fb036b4f79a22927f0039a24ad3,9421a9bc307236c94860b3901638e4d82f99655cba0e98412e71e6f358c18048,a079063779b94b1113b09a5666a2b5b2f994f041c0e2f8782f8394cb3826bde1
"1","175000001","75000001"
"2","175000002","75000002"
"3","175000003","75000003"
"4","175000004","75000004"
"5","175000005","75000005"
"6","175000006","75000006"
"7","175000007","75000007"
"8","175000008","75000008"
"9","175000009","75000009"
"10","175000010","75000010"
"11","175000011","75000011"
"12","175000012","75000012"