6eec7404712b162049134a634f1ec39064a0dfa4b2b08260d9338217191f3f21,4859f305cebef590a866cf5981272fdb6c75f262e0083fb94931768e2b035bb3
"1","40"
"2","40"
"3","40"
"4","60"
"5","60"
"6","60"
"7","100"
"8","100"
"9","100"
"10","100"
"11","100"
"12","100"
"13","100"
"14","100"
"15","150"
"16","150"
"17","150"
"18","150"
"19","150"
"20","150"
"21","150"
"22","150"
"23","180"
"24","180"
"25","180"
"26","180"
"27","180"
"28","180"
"29","180"
"30","180"
"31","200"
"32","200"
"33","200"
"34","200"
"35","200"
"36","250"
"37","250"
"38","250"
"39","250"
"40","250"