266c1e7b2c5d5b18984d0b674817797b3375819bba9f96392bb3e7feb0cdf846,617788fc1609523ee88bdd703937da5489cdbad45c76336e9eb7b90628a3f1c8
"1","0"
"2","53235"
"3","106470"
"4","159705"
"5","212940"
"6","266175"
"7","319410"
"8","372645"
"9","425880"
"10","479115"
"11","532350"
"12","585585"
"13","638820"
"14","692055"
"15","745290"
"16","798525"
"17","851760"
"18","904995"
"19","958230"
"20","1011465"
"21","1064700"
"22","1117935"
"23","1171170"
"24","1224405"
"25","1277640"
"26","1330875"
"27","1384110"
"28","1437345"
"29","1490580"
"30","1543815"
"31","1597050"
"32","1650285"
"33","1703520"
"34","1756755"
"35","1809990"
"36","1863225"
"37","1916460"
"38","1969695"
"39","2022930"
"40","2076165"
"41","2129400"
"42","2182635"
"43","2235870"
"44","2289105"
"45","2342340"
"46","2395575"
"47","2448810"
"48","2502045"
"49","2555280"
"50","2608515"
"51","2661750"
"52","2714985"
"53","2768220"
"54","2821455"
"55","2874690"
"56","2927925"
"57","2981160"
"58","3034395"
"59","3087630"
"60","3140865"
"61","3194100"
"62","3247335"
"63","3300570"
"64","3353805"
"65","3407040"
"66","3460275"
"67","3513510"
"68","3566745"
"69","3619980"
"70","3673215"
"71","3726450"
"72","3779685"
"73","3832920"
"74","3886155"
"75","3939390"
"76","3992625"
"77","4045860"
"78","4099095"
"79","4152330"
"80","4205565"
"81","4258800"
"82","4312035"
"83","4365270"
"84","4418505"
"85","4471740"
"86","4524975"
"87","4578210"
"88","4631445"
"89","4684680"
"90","4737915"
"91","4791150"
"92","4844385"
"93","4897620"
"94","4950855"
"95","5004090"
"96","5057325"
"97","5110560"
"98","5163795"
"99","5217030"
"100","5270265"
"101","5323500"
"102","5376735"
"103","5429970"
"104","5483205"
"105","5536440"
"106","5589675"
"107","5642910"
"108","5696145"
"109","5749380"
"110","5802615"
"111","5855850"
"112","5909085"
"113","5962320"
"114","6015555"
"115","6068790"
"116","6122025"
"117","6175260"
"118","6228495"
"119","6281730"
"120","6334965"
"121","6388200"
"122","6441435"
"123","6494670"
"124","6547905"
"125","6601140"
"126","6654376"
"127","6707612"
"128","6760848"
"129","6814084"
"130","6867320"
"131","6920556"
"132","6973792"
"133","7027028"
"134","7080264"
"135","7133500"
"136","7186736"
"137","7239972"
"138","7293208"
"139","7346444"
"140","7399680"
"141","7452916"
"142","7506152"
"143","7559388"
"144","7612624"
"145","7665860"
"146","7719096"
"147","7772332"
"148","7825568"
"149","7878804"
"150","7932040"
"151","7985276"
"152","8038512"
"153","8091748"
"154","8144984"
"155","8198220"
"156","8251456"
"157","8304692"
"158","8357928"
"159","8411164"
"160","8464400"
"161","8517636"
"162","8570872"
"163","8624108"
"164","8677344"
"165","8730580"
"166","8783816"
"167","8837052"
"168","8890288"
"169","8943524"
"170","8996760"
"171","9049996"
"172","9103232"
"173","9156468"
"174","9209704"
"175","9262940"
"176","9316176"
"177","9369412"
"178","9422648"
"179","9475884"
"180","9529120"
"181","9582356"
"182","9635592"
"183","9688828"
"184","9742064"
"185","9795300"
"186","9848536"
"187","9901772"
"188","9955008"
"189","10008244"
"190","10061480"
"191","10114716"
"192","10167952"
"193","10221188"
"194","10274424"
"195","10327660"
"196","10380896"
"197","10434132"
"198","10487368"
"199","10540604"
"200","10593840"
"201","10647076"
"202","10758152"
"203","10869733"
"204","10981819"
"205","11094410"
"206","11207506"
"207","11321107"
"208","11435213"
"209","11549824"
"210","11664940"
"211","11780561"
"212","11896687"
"213","12013318"
"214","12130454"
"215","12248095"
"216","12366241"
"217","12484892"
"218","12604043"
"219","12723694"
"220","12843845"
"221","12964496"
"222","13085647"
"223","13207298"
"224","13329449"
"225","13452100"
"226","13575251"
"227","13698902"
"228","13823053"
"229","13947704"
"230","14072855"
"231","14198506"
"232","14324657"
"233","14451308"
"234","14578459"
"235","14706110"
"236","14834261"
"237","14962912"
"238","15092063"
"239","15221714"
"240","15351865"
"241","15482516"
"242","15613667"
"243","15745318"
"244","15877469"
"245","16010120"
"246","16143271"
"247","16276922"
"248","16411073"
"249","16545724"
"250","16680875"
"251","16816526"
"252","16952653"
"253","17089254"
"254","17226329"
"255","17363878"
"256","17501901"
"257","17640399"
"258","17779373"
"259","17918823"
"260","18058749"
"261","18199151"
"262","18340029"
"263","18481383"
"264","18623213"
"265","18765519"
"266","18908301"
"267","19051559"
"268","19195293"
"269","19339503"
"270","19484189"
"271","19629351"
"272","19774989"
"273","19921103"
"274","20067693"
"275","20214759"
"276","20362301"
"277","20510319"
"278","20658813"
"279","20807783"
"280","20957229"
"281","21107151"
"282","21257549"
"283","21408423"
"284","21559773"
"285","21711599"
"286","21863901"
"287","22016679"
"288","22169933"
"289","22323663"
"290","22477868"
"291","22632549"
"292","22787706"
"293","22943339"
"294","23099448"
"295","23256032"
"296","23413091"
"297","23570627"
"298","23728639"
"299","23887127"
"300","24023280"
"301","24159904"
"302","24290416"
"303","24420933"
"304","24551457"
"305","24681987"
"306","24812522"
"307","24943064"
"308","25073612"
"309","25204165"
"310","25334725"
"311","25465291"
"312","25595862"
"313","25726440"
"314","25857024"
"315","25987613"
"316","26118209"
"317","26248811"
"318","26379418"
"319","26510032"
"320","26640652"
"321","26771277"
"322","26901909"
"323","27032547"
"324","27163190"
"325","27293840"
"326","27424496"
"327","27555157"
"328","27685825"
"329","27816499"
"330","27947178"
"331","28077864"
"332","28208556"
"333","28339253"
"334","28469957"
"335","28600667"
"336","28731382"
"337","28862104"
"338","28992832"
"339","29123565"
"340","29254305"
"341","29385051"
"342","29515802"
"343","29646560"
"344","29777324"
"345","29908093"
"346","30038869"
"347","30169651"
"348","30300438"
"349","30431232"
"350","30562032"
"351","30692837"
"352","30823649"
"353","30954467"
"354","31085290"
"355","31216120"
"356","31346956"
"357","31477797"
"358","31608645"
"359","31739499"
"360","31870358"
"361","32001224"
"362","32132096"
"363","32262973"
"364","32393857"
"365","32524747"
"366","32655642"
"367","32786544"
"368","32917452"
"369","33048365"
"370","33179285"
"371","33310211"
"372","33441142"
"373","33572080"
"374","33703024"
"375","33833973"
"376","33964929"
"377","34095889"
"378","34226852"
"379","34357820"
"380","34488792"
"381","34619767"
"382","34750747"
"383","34881731"
"384","35012718"
"385","35143710"
"386","35274706"
"387","35405705"
"388","35536709"
"389","35667717"
"390","35798728"
"391","35929744"
"392","36060764"
"393","36191787"
"394","36322815"
"395","36453847"
"396","36584882"
"397","36715922"
"398","36846966"
"399","36978013"
"400","37109065"
"401","37240121"
"402","37371180"
"403","37502244"
"404","37633312"
"405","37764383"
"406","37895459"
"407","38026539"
"408","38157622"
"409","38288710"
"410","38419802"
"411","38550897"
"412","38681997"
"413","38813101"
"414","38944208"
"415","39075320"
"416","39206436"
"417","39337555"
"418","39468679"
"419","39599807"
"420","39730938"
"421","39862074"
"422","39993214"
"423","40124357"
"424","40255505"
"425","40386657"
"426","40517812"
"427","40648972"
"428","40780136"
"429","40911303"
"430","41042475"
"431","41173651"
"432","41304830"
"433","41436014"
"434","41567202"
"435","41698393"
"436","41829585"
"437","41960781"
"438","42091980"
"439","42223184"
"440","42354392"
"441","42485603"
"442","42616819"
"443","42748035"
"444","42879250"
"445","43010470"
"446","43141694"
"447","43272921"
"448","43404153"
"449","43535389"
"450","43666630"
"451","43797876"
"452","43940320"
"453","44082764"
"454","44225208"
"455","44367652"
"456","44510096"
"457","44652540"
"458","44794984"
"459","44937428"
"460","45079872"
"461","45222316"
"462","45364760"
"463","45507204"
"464","45649648"
"465","45792092"
"466","45934536"
"467","46076980"
"468","46219424"
"469","46361868"
"470","46504312"
"471","46646757"
"472","46789203"
"473","46931649"
"474","47074095"
"475","47216541"
"476","47358987"
"477","47501433"
"478","47643879"
"479","47786325"
"480","47928771"
"481","48071217"
"482","48213663"
"483","48356109"
"484","48498555"
"485","48641001"
"486","48783447"
"487","48925893"
"488","49068339"
"489","49210785"
"490","49353231"
"491","49495677"
"492","49638123"
"493","49780569"
"494","49923015"
"495","50065461"
"496","50207907"
"497","50350353"
"498","50492799"
"499","50635245"
"500","50777691"
"501","50920137"
"502","51062584"
"503","51205031"
"504","51347478"
"505","51489925"
"506","51632372"
"507","51774819"
"508","51917266"
"509","52059713"
"510","52202160"
"511","52344607"
"512","52487054"
"513","52629501"
"514","52771948"
"515","52914395"
"516","53056842"
"517","53199289"
"518","53341736"
"519","53484183"
"520","53626630"
"521","53769077"
"522","53941077"
"523","54113077"
"524","54285077"
"525","54457077"
"526","54629077"
"527","54801077"
"528","54973077"
"529","55145077"
"530","55317077"
"531","55489077"
"532","55661077"
"533","55833077"
"534","56005077"
"535","56177077"
"536","56349077"
"537","56521077"
"538","56693077"
"539","56865077"
"540","57037077"
"541","57209077"
"542","57381077"
"543","57553077"
"544","57725077"
"545","57897077"
"546","58069077"
"547","58241077"
"548","58413077"
"549","58585077"
"550","58757077"
"551","58929077"
"552","59101077"
"553","59273077"
"554","59445077"
"555","59617077"
"556","59789077"
"557","59961077"
"558","60133077"
"559","60305077"
"560","60477077"
"561","60649077"
"562","60821077"
"563","60993077"
"564","61165077"
"565","61337077"
"566","61509077"
"567","61681077"
"568","61853077"
"569","62025077"
"570","62197077"
"571","62369077"
"572","62541077"
"573","62713077"
"574","62885077"
"575","63057077"
"576","63229077"
"577","63401077"
"578","63573078"
"579","63745079"
"580","63917080"
"581","64089081"
"582","64261082"
"583","64433083"
"584","64605084"
"585","64777085"
"586","64949086"
"587","65121087"
"588","65293088"
"589","65465089"
"590","65637090"
"591","65809091"
"592","65981092"
"593","66153093"
"594","66325094"
"595","66497095"
"596","66669096"
"597","66841097"
"598","67013098"
"599","67185099"
"600","67357100"
"601","67529101"
"602","67701102"
"603","67873103"
"604","68045104"
"605","68217105"
"606","68389106"
"607","68561107"
"608","68733108"
"609","68905109"
"610","69077110"
"611","69249111"
"612","69421112"
"613","69593113"
"614","69765114"
"615","69937115"
"616","70109116"
"617","70281117"
"618","70453118"
"619","70625119"
"620","70797120"
"621","70969121"