892461419170594d36c441150486afb344aaeaa19e110a41ad9850b2f112c64d,d65674fa8f8f9b569a073b3ee31e1d70e75ba64815b82fef9fd1ee0bc1eba5e0,fa94c6ee5cc05d60d98c61a9601c44393856504fc06dac4967af8ee929ef8fb4,82cff49f8f888d9ee830a7ea400b813b60ab95ff8c84fb06207092375c2ed40f,cfbc031304267643696318207b987c82d573cd7b733926597235048120d874d9,21994a55b57e49e055315e5d71bbefd33482eb5d6d66ecee60de4890e43b4474
"0","絆ダイアリーその1","20033108","5058003","1005801","10058"
"0","絆ダイアリーその2","20033110","5058003","1005802","10058"
"0","絆ダイアリーその3","20033112","5058003","1005803","10058"
"0","絆ダイアリーその4","20033115","5058004","1005804","10058"
"2003301","絆ダイアリーその5","0","5058005","1005805","10058"
"0","絆ダイアリーその6","20034103","5059001","1005901","10059"
"0","絆ダイアリーその7","20034106","5059002","1005902","10059"
"0","絆ダイアリーその8","20034109","5059004","1005903","10059"
"0","絆ダイアリーその9","20034112","5059005","1005904","10059"
"0","絆ダイアリーその10","20034115","5059006","1005905","10059"
"2003401","絆ダイアリーその11","0","5059007","1005906","10059"
"0","エクストラページ","0","0","1005907","10059"